,Origin Display Name_x,Destination Movement ID,Destination Display Name_x,Red Sox Game_x,Mean_Time,desc_id,lat,lon,move_id,Distance from Work
0,"1 Lincoln St, Boston, MA",3,"0 Flaherty Way, D Street / West Broadway, Boston",Home,669.3333333333334,"0 Flaherty Way, D Street / West Broadway, Boston",42.338648500000005,-71.054129,3,0.992746118624085
1,"1 Lincoln St, Boston, MA",5,"0 Queensberry Street, Fenway/Kenmore, Boston",Home,1284.0,"0 Queensberry Street, Fenway/Kenmore, Boston",42.343343999999995,-71.0961144,5,2.0375292629285906
4,"1 Lincoln St, Boston, MA",16,"100 Kenrick Street, Oak Square, Boston",Home,1739.3333333333333,"100 Kenrick Street, Oak Square, Boston",42.34741394444445,-71.16709144444445,16,5.578537937950095
5,"1 Lincoln St, Boston, MA",17,"0 Maggi Road, Revere",Home,1548.3333333333333,"0 Maggi Road, Revere",42.421629826086956,-71.00131817391305,17,5.582632567562927
8,"1 Lincoln St, Boston, MA",20,"0 Florence Street, Everett",Home,1620.0,"0 Florence Street, Everett",42.405083928571436,-71.04340007142858,20,3.6969080067353906
9,"1 Lincoln St, Boston, MA",21,"0 Canal Lane, Somerville",Home,1042.0,"0 Canal Lane, Somerville",42.39258022222222,-71.0895467037037,21,3.1827577010818824
12,"1 Lincoln St, Boston, MA",27,"100 Inner Belt Road, Inner Belt, Somerville",Home,855.3333333333334,"100 Inner Belt Road, Inner Belt, Somerville",42.37752339130435,-71.08778639130435,27,2.2819917884441034
13,"1 Lincoln St, Boston, MA",28,"0 Lincoln Road, Brookline",Home,1910.6666666666667,"0 Lincoln Road, Brookline",42.333960166666664,-71.12452061111112,28,3.625646186740581
14,"1 Lincoln St, Boston, MA",29,"100 Crosby Street, Arlington",Home,2003.0,"100 Crosby Street, Arlington",42.42498741379311,-71.15958334482758,29,7.192233531162678
16,"1 Lincoln St, Boston, MA",32,"0 Gainsborough Street, Fenway/Kenmore, Boston",Home,1213.6666666666667,"0 Gainsborough Street, Fenway/Kenmore, Boston",42.342009363636365,-71.08908045454545,32,1.736768676176297
17,"1 Lincoln St, Boston, MA",33,"200 Prospect Avenue, Revere",Home,1184.0,"200 Prospect Avenue, Revere",42.41056577272727,-71.02251845454545,33,4.396065849466888
18,"1 Lincoln St, Boston, MA",37,"0 Perrin Street, Roxbury, Boston",Home,1264.3333333333333,"0 Perrin Street, Roxbury, Boston",42.320318300000004,-71.0802172,37,2.4986070296475456
19,"1 Lincoln St, Boston, MA",38,"McLean Street, Belmont",Home,2105.0,"McLean Street, Belmont",42.3947866923077,-71.19150641025642,38,7.407885483804643
21,"1 Lincoln St, Boston, MA",41,"200 Sumner Street, East Boston, Boston",Home,1017.0,"200 Sumner Street, East Boston, Boston",42.368655363636364,-71.03825772727272,41,1.5081106605308245
22,"1 Lincoln St, Boston, MA",46,"300 River Street, Cambridgeport, Cambridge",Home,1022.3333333333334,"300 River Street, Cambridgeport, Cambridge",42.3628274,-71.111909,46,2.829091969868491
23,"1 Lincoln St, Boston, MA",47,"200 Huntington Avenue, Prudential / St. Botolph, Boston",Home,943.3333333333334,"200 Huntington Avenue, Prudential / St. Botolph, Boston",42.3449678,-71.08427746666666,47,1.4296967031697438
24,"1 Lincoln St, Boston, MA",48,"100 Gove Street, East Boston, Boston",Home,1074.0,"100 Gove Street, East Boston, Boston",42.36943216666666,-71.03450666666667,48,1.681537713658894
25,"1 Lincoln St, Boston, MA",51,"0 Peterborough Street, West Fens, Boston",Home,1279.3333333333333,"0 Peterborough Street, West Fens, Boston",42.34501644444444,-71.09527294444445,51,1.9624548667070698
26,"1 Lincoln St, Boston, MA",52,"0 Berkshire Street, Wellington-Harrington, Cambridge",Home,1359.0,"0 Berkshire Street, Wellington-Harrington, Cambridge",42.3700962,-71.09156420000001,52,2.0815095883807198
27,"1 Lincoln St, Boston, MA",53,"600 Commonwealth Avenue, Fenway/Kenmore, Boston",Home,621.3333333333334,"600 Commonwealth Avenue, Fenway/Kenmore, Boston",42.35004661538461,-71.10475000000001,53,2.3818287544837804
28,"1 Lincoln St, Boston, MA",54,"0 Binney Street, Arefth, Cambridge",Home,1170.3333333333333,"0 Binney Street, Arefth, Cambridge",42.36667946153846,-71.08380984615384,54,1.6216988200565021
29,"1 Lincoln St, Boston, MA",58,"100 Summit Avenue, Corey Hill, Brookline",Home,1775.6666666666667,"100 Summit Avenue, Corey Hill, Brookline",42.3417022,-71.13268819999999,58,3.880220946255332
35,"1 Lincoln St, Boston, MA",68,"100 Beacon Street, Back Bay East, Boston",Home,700.6666666666666,"100 Beacon Street, Back Bay East, Boston",42.35441758333334,-71.07668866666667,68,0.9457706808996893
39,"1 Lincoln St, Boston, MA",79,"Massachusetts State House, Beacon Hill, Boston",Home,325.3333333333333,"Massachusetts State House, Beacon Hill, Boston",42.3595499,-71.06407809999999,79,0.556908165621942
40,"1 Lincoln St, Boston, MA",80,"0 Bussell Road, West Medford, Medford",Home,1605.0,"0 Bussell Road, West Medford, Medford",42.42658226923077,-71.13246484615385,80,6.355429955228109
41,"1 Lincoln St, Boston, MA",82,"100 Private Alley 527, South End, Boston",Home,828.3333333333334,"100 Private Alley 527, South End, Boston",42.343117875,-71.07593156249999,82,1.1158348815764736
42,"1 Lincoln St, Boston, MA",83,"0 Golden Drive, Winthrop",Home,1612.0,"0 Golden Drive, Winthrop",42.38575026086957,-70.97835830434782,83,4.6879132385466695
45,"1 Lincoln St, Boston, MA",94,"300 Marlborough Street, Back Bay, Boston",Home,965.0,"300 Marlborough Street, Back Bay, Boston",42.35132590909091,-71.08595081818181,94,1.4154951131940303
46,"1 Lincoln St, Boston, MA",95,"0 G Street, South Boston, Boston",Home,873.0,"0 G Street, South Boston, Boston",42.33273583333333,-71.04318822222223,95,1.5810049524357843
48,"1 Lincoln St, Boston, MA",98,"100 Suffolk Road, Chestnut Hill, Newton",Home,1893.6666666666667,"100 Suffolk Road, Chestnut Hill, Newton",42.33032883783784,-71.17708521621621,98,6.271918106328947
49,"1 Lincoln St, Boston, MA",105,"100 Columbia Street, The Port, Cambridge",Home,1546.6666666666667,"100 Columbia Street, The Port, Cambridge",42.36823554545455,-71.09798181818182,105,2.294590807659648
53,"1 Lincoln St, Boston, MA",127,"200 Vinton Street, Melrose",Home,1942.6666666666667,"200 Vinton Street, Melrose",42.465358050000006,-71.07129009999998,127,7.805094854069276
54,"1 Lincoln St, Boston, MA",128,"100 Glen Street, Malden",Home,1796.3333333333333,"100 Glen Street, Malden",42.43664972222223,-71.07845633333334,128,5.885963459627309
55,"1 Lincoln St, Boston, MA",129,"0 Glendale Street, Everett",Home,1879.3333333333333,"0 Glendale Street, Everett",42.415817545454544,-71.05395272727273,129,4.363440164527424
56,"1 Lincoln St, Boston, MA",130,"0 Cambria Street, Spring Hill, Somerville",Home,1582.6666666666667,"0 Cambria Street, Spring Hill, Somerville",42.3871187368421,-71.1055137368421,130,3.3871295692395034
57,"1 Lincoln St, Boston, MA",131,"2000 Massachusetts Avenue, North Cambridge, Cambridge",Home,1911.6666666666667,"2000 Massachusetts Avenue, North Cambridge, Cambridge",42.389476249999994,-71.1230082,131,4.170802123214111
58,"1 Lincoln St, Boston, MA",132,"0 Townsend Road, Belmont",Home,1849.3333333333333,"0 Townsend Road, Belmont",42.38076705263158,-71.16893799999998,132,5.982423625853442
61,"1 Lincoln St, Boston, MA",135,"100 Orchard Street, Watertown",Home,1652.0,"100 Orchard Street, Watertown",42.37614563636364,-71.18375122727272,135,6.619283399288664
65,"1 Lincoln St, Boston, MA",140,"100 Montclair Avenue, Quincy",Home,1276.0,"100 Montclair Avenue, Quincy",42.27137024,-71.03346428,140,5.7555477035147415
71,"1 Lincoln St, Boston, MA",150,"Monastery Path, Brighton, Boston",Home,1327.6666666666667,"Monastery Path, Brighton, Boston",42.349176125,-71.14279166666667,150,4.329282284348328
72,"1 Lincoln St, Boston, MA",151,"300 Commercial Street, North End, Boston",Home,747.6666666666666,"300 Commercial Street, North End, Boston",42.36781694736842,-71.05323452631579,151,1.0769694688854372
73,"1 Lincoln St, Boston, MA",152,"400 Border Street, East Boston, Boston",Home,1203.0,"400 Border Street, East Boston, Boston",42.38165285714285,-71.03887514285715,152,2.2344632409645957
74,"1 Lincoln St, Boston, MA",153,"200 Marginal Street, Jeffries Point, Boston",Home,679.6666666666666,"200 Marginal Street, Jeffries Point, Boston",42.363273173913036,-71.03441360869566,153,1.4273298473274572
75,"1 Lincoln St, Boston, MA",154,"700 Washington Street, Downtown, Boston",Home,292.3333333333333,"700 Washington Street, Downtown, Boston",42.34946128571429,-71.06437314285714,154,0.3796910144021865
76,"1 Lincoln St, Boston, MA",155,"100 West Springfield Street, South End, Boston",Home,794.6666666666666,"100 West Springfield Street, South End, Boston",42.33823766666667,-71.07826366666666,155,1.4256661382020694
77,"1 Lincoln St, Boston, MA",156,"0 Academy Road, Roxbury, Boston",Home,1320.0,"0 Academy Road, Roxbury, Boston",42.318979285714285,-71.09740585714286,156,3.0674905320127204
78,"1 Lincoln St, Boston, MA",157,"100 Train Street, Dorchester, Boston",Home,1496.0,"100 Train Street, Dorchester, Boston",42.29067946666666,-71.05644,157,4.2808146589574525
79,"1 Lincoln St, Boston, MA",158,"100 Sycamore Street, Roslindale, Boston",Home,2260.3333333333335,"100 Sycamore Street, Roslindale, Boston",42.286125866666666,-71.1235862,158,5.680340351518349
80,"1 Lincoln St, Boston, MA",159,"0 Congress Avenue, Chelsea",Home,1178.6666666666667,"0 Congress Avenue, Chelsea",42.390402153846146,-71.03529815384616,159,2.8585023263337317
81,"1 Lincoln St, Boston, MA",160,"0 Franklin Place, Revere",Home,1392.6666666666667,"0 Franklin Place, Revere",42.40625255,-70.99834825,160,4.806566341895566
83,"1 Lincoln St, Boston, MA",167,"0 Miner Street, Fenway/Kenmore, Boston",Home,1409.0,"0 Miner Street, Fenway/Kenmore, Boston",42.34650630769231,-71.10394276923077,167,2.372238705313437
92,"1 Lincoln St, Boston, MA",201,"0 Cleveland Street, Melrose",Home,1821.3333333333333,"0 Cleveland Street, Melrose",42.45379666666666,-71.0730717142857,201,7.019473886761112
94,"1 Lincoln St, Boston, MA",203,"0 Hall Street, Medford",Home,1148.6666666666667,"0 Hall Street, Medford",42.40960129166667,-71.09285979166667,203,4.30692838894782
95,"1 Lincoln St, Boston, MA",204,"0 Mohan Street, Everett",Home,1858.3333333333333,"0 Mohan Street, Everett",42.419976166666665,-71.04805433333333,204,4.674496839593596
96,"1 Lincoln St, Boston, MA",205,"0 Cutler Street, Magoun Square, Somerville",Home,1504.6666666666667,"0 Cutler Street, Magoun Square, Somerville",42.39450239999999,-71.10699140000001,205,3.8111610925079455
97,"1 Lincoln St, Boston, MA",206,"0 Claremon Street, Teele Square, Somerville",Home,1975.6666666666667,"0 Claremon Street, Teele Square, Somerville",42.39993730769231,-71.12686569230769,206,4.788269994634146
98,"1 Lincoln St, Boston, MA",207,"0 Museum Way, East Cambridge, Cambridge",Home,877.0,"0 Museum Way, East Cambridge, Cambridge",42.37123882352941,-71.07427429411764,207,1.5177127348986275
99,"1 Lincoln St, Boston, MA",208,"0 Jefferson Street, Wellington-Harrington, Cambridge",Home,1457.0,"0 Jefferson Street, Wellington-Harrington, Cambridge",42.37348111764705,-71.09475523529413,208,2.351710468362546
100,"1 Lincoln St, Boston, MA",209,"100 Magazine Street, Cambridgeport, Cambridge",Home,1203.6666666666667,"100 Magazine Street, Cambridgeport, Cambridge",42.35949689473684,-71.11059021052631,209,2.71469331032796
101,"1 Lincoln St, Boston, MA",210,"0 Cowperthwaite Garage, Cowperthwaite Street, Riverside, Cambridge",Home,1200.6666666666667,"0 Cowperthwaite Garage, Cowperthwaite Street, Riverside, Cambridge",42.368883411764706,-71.11666111764707,210,3.1868061237442475
102,"1 Lincoln St, Boston, MA",211,"0 Haskell Street, North Cambridge, Cambridge",Home,2064.6666666666665,"0 Haskell Street, North Cambridge, Cambridge",42.3935849375,-71.1286159375,211,4.571331535031578
103,"1 Lincoln St, Boston, MA",212,"100 Claremont Avenue, Arlington",Home,2414.0,"100 Claremont Avenue, Arlington",42.41881565217391,-71.18233339130434,212,7.814989689320042
104,"1 Lincoln St, Boston, MA",213,"0 Gorham Road, Belmont",Home,1924.3333333333333,"0 Gorham Road, Belmont",42.3835470625,-71.1766440625,213,6.417846440011829
106,"1 Lincoln St, Boston, MA",215,"0 Rose Avenue, Watertown",Home,1758.6666666666667,"0 Rose Avenue, Watertown",42.37655085,-71.19604180000002,215,7.23720688424977
107,"1 Lincoln St, Boston, MA",216,"200 Cabot Street, Newtonville, Newton",Home,1474.0,"200 Cabot Street, Newtonville, Newton",42.3478115625,-71.202027875,216,7.363000395904033
109,"1 Lincoln St, Boston, MA",220,"100 Coolidge Street, North Brookline, Brookline",Home,1621.6666666666667,"100 Coolidge Street, North Brookline, Brookline",42.34754576470589,-71.12716388235293,220,3.5402624574124246
110,"1 Lincoln St, Boston, MA",221,"0 Colbourne Crescent, Aspinwall Hill, Brookline",Home,1936.3333333333333,"0 Colbourne Crescent, Aspinwall Hill, Brookline",42.3371764117647,-71.13230011764706,221,3.9341405917441286
111,"1 Lincoln St, Boston, MA",222,"0 Walnut Place, High Street Hill, Brookline",Home,1940.6666666666667,"0 Walnut Place, High Street Hill, Brookline",42.32793866666667,-71.12052640000002,222,3.612409967440533
115,"1 Lincoln St, Boston, MA",227,"1100 Commonwealth Avenue, Allston, Boston",Home,1505.3333333333333,"1100 Commonwealth Avenue, Allston, Boston",42.351355388888884,-71.1273973888889,227,3.5354895823328185
116,"1 Lincoln St, Boston, MA",228,"200 Central Avenue, Milton",Home,1503.6666666666667,"200 Central Avenue, Milton",42.263710437499995,-71.08058453125,228,6.245743634757001
121,"1 Lincoln St, Boston, MA",241,"100 Colborne Road, Brighton, Boston",Home,1590.0,"100 Colborne Road, Brighton, Boston",42.34386518181818,-71.14989672727273,241,4.725829357473933
122,"1 Lincoln St, Boston, MA",242,"0 Park Street, Charlestown, Boston",Home,834.6666666666666,"0 Park Street, Charlestown, Boston",42.37295786666667,-71.05993113333332,242,1.4016173926422575
123,"1 Lincoln St, Boston, MA",243,"0 San Juan Street, South End, Boston",Home,721.0,"0 San Juan Street, South End, Boston",42.34189404761904,-71.0724168095238,243,1.035583227934666
124,"1 Lincoln St, Boston, MA",244,"500 Columbus Avenue, South End, Boston",Home,897.6666666666666,"500 Columbus Avenue, South End, Boston",42.34165276923076,-71.08110761538461,244,1.3913576560738896
125,"1 Lincoln St, Boston, MA",245,"100 Saint Alphonsus Street, Mission Hill, Boston",Home,1413.0,"100 Saint Alphonsus Street, Mission Hill, Boston",42.332353000000005,-71.10166128571429,245,2.6238410064550783
126,"1 Lincoln St, Boston, MA",246,"300 Mount Vernon Street, Dorchester, Boston",Home,991.3333333333334,"300 Mount Vernon Street, Dorchester, Boston",42.31792975,-71.04405795000001,246,2.5081937539302395
127,"1 Lincoln St, Boston, MA",247,"0 Bowdoin Avenue, Dorchester, Boston",Home,1859.6666666666667,"0 Bowdoin Avenue, Dorchester, Boston",42.301256555555554,-71.07500472222222,247,3.650530790254381
128,"1 Lincoln St, Boston, MA",248,"0 Evans Street, West Codman Hill / West Lower Mills, Dorchester Center, Boston",Home,1844.6666666666667,"0 Evans Street, West Codman Hill / West Lower Mills, Dorchester Center, Boston",42.28314181818181,-71.0797801818182,248,4.923714095468088
129,"1 Lincoln St, Boston, MA",249,"200 River Street, Mattapan, Boston",Home,1997.0,"200 River Street, Mattapan, Boston",42.273614260869564,-71.08549699999999,249,5.63177371115015
130,"1 Lincoln St, Boston, MA",250,"0 Gretter Road, West Roxbury, Boston",Home,2266.6666666666665,"0 Gretter Road, West Roxbury, Boston",42.295343200000005,-71.1401382,250,5.762558996711892
131,"1 Lincoln St, Boston, MA",251,"0 Grotto Glen Road, Jamaica Plain, Boston",Home,1631.0,"0 Grotto Glen Road, Jamaica Plain, Boston",42.3238071875,-71.1120816875,251,3.3969886763978114
132,"1 Lincoln St, Boston, MA",252,"0 Grove Street, West Roxbury, Boston",Home,2743.0,"0 Grove Street, West Roxbury, Boston",42.26793804545454,-71.15842122727273,252,7.777552142140406
133,"1 Lincoln St, Boston, MA",253,"0 Kimball Road, Chelsea",Home,1090.3333333333333,"0 Kimball Road, Chelsea",42.406247545454555,-71.03433018181816,253,3.896251022056791
134,"1 Lincoln St, Boston, MA",254,"1200 North Shore Road, Revere",Home,1613.6666666666667,"1200 North Shore Road, Revere",42.414168411764706,-70.99204729411765,254,5.433695707321752
135,"1 Lincoln St, Boston, MA",255,"Rosedale Avenue, Forest Hills / Woodbourne, Boston",Home,1976.6666666666667,"Rosedale Avenue, Forest Hills / Woodbourne, Boston",42.286762176470596,-71.10684241176472,255,5.183574830319097
136,"1 Lincoln St, Boston, MA",261,"0 6th Street, Arefth, Cambridge",Home,1260.3333333333333,"0 6th Street, Arefth, Cambridge",42.3722619,-71.0849595,261,1.918173898813048
140,"1 Lincoln St, Boston, MA",276,"0 Howard Street, Malden",Home,1776.0,"0 Howard Street, Malden",42.41249942857143,-71.06165299999999,276,4.132005055546165
141,"1 Lincoln St, Boston, MA",277,"0 Edwin H Land Boulevard, East Cambridge, Cambridge",Home,1049.0,"0 Edwin H Land Boulevard, East Cambridge, Cambridge",42.3682146,-71.07813935,277,1.4743956764053932
143,"1 Lincoln St, Boston, MA",280,"0 Linder Terrace, Hunnewell Hill, Newton",Home,1006.3333333333334,"0 Linder Terrace, Hunnewell Hill, Newton",42.35581503125,-71.18382928125,280,6.426813161422434
144,"1 Lincoln St, Boston, MA",281,"0 Meadowbrook Road, Quincy",Home,1643.0,"0 Meadowbrook Road, Quincy",42.265404034482756,-71.00985510344829,281,6.5166770038394155
147,"1 Lincoln St, Boston, MA",285,"100 Foster Street, Brighton, Boston",Home,1635.6666666666667,"100 Foster Street, Brighton, Boston",42.34429759090909,-71.15791477272728,285,5.129730075791789
148,"1 Lincoln St, Boston, MA",286,"0 Border Street, East Boston, Boston",Home,899.0,"0 Border Street, East Boston, Boston",42.37201423529412,-71.0426154117647,286,1.5587962133261777
149,"1 Lincoln St, Boston, MA",287,"0 Murray Way, South Boston, Boston",Home,1048.3333333333333,"0 Murray Way, South Boston, Boston",42.32570772727273,-71.0545020909091,287,1.8724472153670273
150,"1 Lincoln St, Boston, MA",288,"0 Wakullah Street, Roxbury, Boston",Home,1154.6666666666667,"0 Wakullah Street, Roxbury, Boston",42.322814809523805,-71.08620238095239,288,2.5065341458917314
151,"1 Lincoln St, Boston, MA",289,"500 Baker Street, West Roxbury, Boston",Home,2440.0,"500 Baker Street, West Roxbury, Boston",42.288522333333326,-71.167397,289,7.1276549402453915
152,"1 Lincoln St, Boston, MA",290,"100 Tremont Street, Boston",Home,362.0,"100 Tremont Street, Boston",42.35479600000001,-71.06770778571429,290,0.5001046487635515
154,"1 Lincoln St, Boston, MA",294,"0 Chelsea Street, East Boston, Boston",Home,916.6666666666666,"0 Chelsea Street, East Boston, Boston",42.37234133333333,-71.03743208333334,294,1.7287985416665632
156,"1 Lincoln St, Boston, MA",297,"100 Arlington Street, Bay Village, Boston",Home,461.6666666666667,"100 Arlington Street, Bay Village, Boston",42.34785245,-71.07120135,297,0.7370568199661854
157,"1 Lincoln St, Boston, MA",298,"100 Whitford Street, Roslindale, Boston",Home,2302.6666666666665,"100 Whitford Street, Roslindale, Boston",42.27808246153847,-71.12682688461538,298,6.230054969438901
158,"1 Lincoln St, Boston, MA",299,"0 Round Hill Street, Jamaica Plain, Boston",Home,1385.6666666666667,"0 Round Hill Street, Jamaica Plain, Boston",42.32436307142857,-71.10352071428571,299,3.0279322499829795
160,"1 Lincoln St, Boston, MA",302,"0 Leon Street, Fenway/Kenmore, Boston",Home,1147.6666666666667,"0 Leon Street, Fenway/Kenmore, Boston",42.341716434782604,-71.0898677826087,302,1.7818538793182739
162,"1 Lincoln St, Boston, MA",310,"0 Sharon Street, Malden",Home,1964.0,"0 Sharon Street, Malden",42.428399434782605,-71.04977830434783,310,5.244464328546997
166,"1 Lincoln St, Boston, MA",316,"Edgeworth, Charlestown, Boston",Home,870.6666666666666,"Edgeworth, Charlestown, Boston",42.376830285714284,-71.05725628571429,316,1.6675635892543756
167,"1 Lincoln St, Boston, MA",317,"100 Bowen Street, D Street / West Broadway, Boston",Home,778.6666666666666,"100 Bowen Street, D Street / West Broadway, Boston",42.335641230769234,-71.05194253846153,317,1.221426934523864
168,"1 Lincoln St, Boston, MA",318,"0 Stella Road, Roslindale, Boston",Home,2110.0,"0 Stella Road, Roslindale, Boston",42.28018876923076,-71.11742684615386,318,5.847355877785085
169,"1 Lincoln St, Boston, MA",320,"0 Pleasant Street, North Brookline, Brookline",Home,1699.3333333333333,"0 Pleasant Street, North Brookline, Brookline",42.347076099999995,-71.12061580000001,320,3.210635660151098
172,"1 Lincoln St, Boston, MA",328,"0 Clinton Street, Everett",Home,1623.6666666666667,"0 Clinton Street, Everett",42.40694222222223,-71.05147872222221,328,3.761535775174048
173,"1 Lincoln St, Boston, MA",329,"0 Tyler Street, Ward Two, Somerville",Home,1587.3333333333333,"0 Tyler Street, Ward Two, Somerville",42.38189784,-71.10400336,329,3.085915112932035
174,"1 Lincoln St, Boston, MA",330,"100 Vassal Lane, West Cambridge, Cambridge",Home,1706.0,"100 Vassal Lane, West Cambridge, Cambridge",42.38372209090908,-71.13771072727272,330,4.591650508000192
175,"1 Lincoln St, Boston, MA",331,"0 Seaport Drive, Marina Bay, Quincy",Home,1248.0,"0 Seaport Drive, Marina Bay, Quincy",42.296124125,-71.02720621875,331,4.2174585549249635
177,"1 Lincoln St, Boston, MA",333,"0 Huntington Avenue, Prudential / St. Botolph, Boston",Home,613.3333333333334,"0 Huntington Avenue, Prudential / St. Botolph, Boston",42.34753364705882,-71.07933094117647,333,1.1308417902936008
178,"1 Lincoln St, Boston, MA",334,"0 Westbourne Street, Roslindale, Boston",Home,2583.3333333333335,"0 Westbourne Street, Roslindale, Boston",42.28195876470588,-71.14156876470588,334,6.480432202208868
179,"1 Lincoln St, Boston, MA",335,"100 Everett Avenue, Chelsea",Home,1027.6666666666667,"100 Everett Avenue, Chelsea",42.39578872,-71.04088592,335,3.1067051587478525
181,"1 Lincoln St, Boston, MA",341,"0 Fountain Avenue, East Somerville, Somerville",Home,1233.6666666666667,"0 Fountain Avenue, East Somerville, Somerville",42.38435990476191,-71.08920190476191,341,2.6965461899165164
190,"1 Lincoln St, Boston, MA",360,"0 Landsdowne Street, MIT, Cambridge",Home,1333.0,"0 Landsdowne Street, MIT, Cambridge",42.362997875,-71.0997663125,360,2.2358425965154467
191,"1 Lincoln St, Boston, MA",361,"0 Hayes Street, Riverside, Cambridge",Home,1283.3333333333333,"0 Hayes Street, Riverside, Cambridge",42.366628,-71.11107433333332,361,2.864790173224339
192,"1 Lincoln St, Boston, MA",362,"0 Roberts Road, Mid-Cambridge, Cambridge",Home,1456.6666666666667,"0 Roberts Road, Mid-Cambridge, Cambridge",42.374250952380955,-71.11289057142857,362,3.1632353323690654
193,"1 Lincoln St, Boston, MA",363,"0 Channing Street, West Cambridge, Cambridge",Home,1375.0,"0 Channing Street, West Cambridge, Cambridge",42.37573751851852,-71.1378812962963,363,4.370214776288306
194,"1 Lincoln St, Boston, MA",364,"0 Richard Avenue, North Cambridge, Cambridge",Home,2040.3333333333333,"0 Richard Avenue, North Cambridge, Cambridge",42.39813216666666,-71.13166429166667,364,4.890079107066672
195,"1 Lincoln St, Boston, MA",365,"100 Palmer Street, Arlington",Home,1960.3333333333333,"100 Palmer Street, Arlington",42.41441041666667,-71.14242258333333,365,6.054217230556016
196,"1 Lincoln St, Boston, MA",366,"0 Eastern Avenue, Arlington",Home,2405.6666666666665,"0 Eastern Avenue, Arlington",42.418274838709685,-71.17377619354838,366,7.441209857067033
215,"1 Lincoln St, Boston, MA",402,"100 Edward Road, Watertown",Home,1449.6666666666667,"100 Edward Road, Watertown",42.36760686111111,-71.19623388888888,402,7.132329383116443
216,"1 Lincoln St, Boston, MA",403,"0 Rossmere Street, Newtonville, Newton",Home,1172.0,"0 Rossmere Street, Newtonville, Newton",42.358437851851846,-71.20875940740741,403,7.709540170428709
217,"1 Lincoln St, Boston, MA",404,"200 Herrick Road, Newton Centre, Newton",Home,1926.3333333333333,"200 Herrick Road, Newton Centre, Newton",42.32479834782608,-71.19108747826087,404,7.063717486231547
222,"1 Lincoln St, Boston, MA",413,"200 Marion Street, Central-Maverick Square / Paris Street, Boston",Home,1057.0,"200 Marion Street, Central-Maverick Square / Paris Street, Boston",42.37568092857142,-71.03418514285714,413,2.0127228519594897
226,"1 Lincoln St, Boston, MA",420,"0 Warren Avenue, Saugus",Home,2307.6666666666665,"0 Warren Avenue, Saugus",42.453213885714284,-70.99989511428574,420,7.5559730503154245
227,"1 Lincoln St, Boston, MA",424,"200 Warren Street, Brookline",Home,2123.0,"200 Warren Street, Brookline",42.32383507692308,-71.14260497435897,424,4.751209260480031
228,"1 Lincoln St, Boston, MA",425,"200 Bolton Street, D Street / West Broadway, Boston",Home,679.0,"200 Bolton Street, D Street / West Broadway, Boston",42.3367784,-71.04048206666667,425,1.4295251899393988
232,"1 Lincoln St, Boston, MA",430,"300 Central Street, Saugus",Home,1782.0,"300 Central Street, Saugus",42.45642734285714,-71.00948117142858,430,7.584643424028737
236,"1 Lincoln St, Boston, MA",435,"300 Harrison Avenue, South End, Boston",Home,319.6666666666667,"300 Harrison Avenue, South End, Boston",42.345318875000004,-71.0640105,435,0.5848523502914041
241,"1 Lincoln St, Boston, MA",446,"0 Colby Road, North Quincy, Quincy",Home,1364.6666666666667,"0 Colby Road, North Quincy, Quincy",42.28018813333334,-71.02145263333335,446,5.349113078349186
242,"1 Lincoln St, Boston, MA",447,"0 Murphy Memorial Drive, Quincy",Home,1760.0,"0 Murphy Memorial Drive, Quincy",42.259859166666665,-70.99276854166666,447,7.234823514232
257,"1 Lincoln St, Boston, MA",487,"500 Main Street, Medford Street / The Neck, Boston",Home,832.3333333333334,"500 Main Street, Medford Street / The Neck, Boston",42.38305608823529,-71.07036047058823,487,2.184406236377769
260,"1 Lincoln St, Boston, MA",491,"0 Haverford Street, Jamaica Plain, Boston",Home,1504.0,"0 Haverford Street, Jamaica Plain, Boston",42.31267117647059,-71.10190070588234,491,3.5494735129072446
261,"1 Lincoln St, Boston, MA",492,"0 Princeton Street, East Boston, Boston",Home,1134.0,"0 Princeton Street, East Boston, Boston",42.377450894736846,-71.03541547368421,492,2.0740906230498424
262,"1 Lincoln St, Boston, MA",493,"Allston Street, Brighton, Boston",Home,1691.3333333333333,"Allston Street, Brighton, Boston",42.340768800000006,-71.14494428,493,4.508654486458244
263,"1 Lincoln St, Boston, MA",494,"0 Glenville Avenue, Allston, Boston",Home,1401.0,"0 Glenville Avenue, Allston, Boston",42.34979083333334,-71.13369494444446,494,3.861926821723073
264,"1 Lincoln St, Boston, MA",495,"300 Brookline Avenue, Medical Center Area, Boston",Home,1428.0,"300 Brookline Avenue, Medical Center Area, Boston",42.339515750000004,-71.1002195625,495,2.3278745731373656
265,"1 Lincoln St, Boston, MA",496,"0 Newbury Street, Back Bay East, Boston",Home,774.6666666666666,"0 Newbury Street, Back Bay East, Boston",42.35160986666667,-71.07574319999999,496,0.8928766439156204
266,"1 Lincoln St, Boston, MA",497,"0 Blossom Street, West End, Boston",Home,731.0,"0 Blossom Street, West End, Boston",42.3639568,-71.06806320000001,497,0.9229951057593263
267,"1 Lincoln St, Boston, MA",498,"0 Causeway Street, West End, Boston",Home,604.6666666666666,"0 Causeway Street, West End, Boston",42.365436550000005,-71.06407039999999,498,0.9274002675951237
268,"1 Lincoln St, Boston, MA",499,"0 Elm Street, Charlestown, Boston",Home,1073.6666666666667,"0 Elm Street, Charlestown, Boston",42.37879257894737,-71.06383431578946,499,1.8236723120817768
269,"1 Lincoln St, Boston, MA",500,"Tobin Memorial Bridge, Charlestown, Boston",Home,902.6666666666666,"Tobin Memorial Bridge, Charlestown, Boston",42.37825685714285,-71.05440360714286,500,1.776663889006258
270,"1 Lincoln St, Boston, MA",501,"0 P Street, South Boston, Boston",Home,748.6666666666666,"0 P Street, South Boston, Boston",42.33441361538461,-71.028788,501,1.9706792363219534
271,"1 Lincoln St, Boston, MA",502,"600 East Fifth Street, South Boston, Boston",Home,777.0,"600 East Fifth Street, South Boston, Boston",42.333101733333336,-71.0370934,502,1.7358098553827148
272,"1 Lincoln St, Boston, MA",503,"0 Eustis Street, Roxbury, Boston",Home,776.0,"0 Eustis Street, Roxbury, Boston",42.33220155,-71.08099005,503,1.8278559397747987
273,"1 Lincoln St, Boston, MA",504,"0 Francis Street, Fenway/Kenmore, Boston",Home,1590.6666666666667,"0 Francis Street, Fenway/Kenmore, Boston",42.332959,-71.10642036,504,2.8122473588957493
274,"1 Lincoln St, Boston, MA",505,"100 Harold Street, Roxbury, Boston",Home,1516.3333333333333,"100 Harold Street, Roxbury, Boston",42.31549654545454,-71.08938168181818,505,3.0185427058190646
275,"1 Lincoln St, Boston, MA",506,"0 Schuyler Street, Dorchester, Boston",Home,1644.6666666666667,"0 Schuyler Street, Dorchester, Boston",42.30952805882353,-71.085988,506,3.2976273736294557
276,"1 Lincoln St, Boston, MA",507,"0 Burrell Street, Roxbury, Boston",Home,1116.3333333333333,"0 Burrell Street, Roxbury, Boston",42.32309625,-71.0730969375,507,2.177140088240817
277,"1 Lincoln St, Boston, MA",508,"0 Stoughton Street, Dorchester, Boston",Home,1240.0,"0 Stoughton Street, Dorchester, Boston",42.31654878947368,-71.06226468421052,508,2.502133818771806
278,"1 Lincoln St, Boston, MA",509,"0 Homes Avenue, Dorchester, Boston",Home,1661.3333333333333,"0 Homes Avenue, Dorchester, Boston",42.30460764285714,-71.06627764285714,509,3.3430046823952355
279,"1 Lincoln St, Boston, MA",510,"0 Dakota Street, Dorchester, Dorchester Center, Boston",Home,1719.6666666666667,"0 Dakota Street, Dorchester, Dorchester Center, Boston",42.299385842105266,-71.06837205263157,510,3.714300886668653
280,"1 Lincoln St, Boston, MA",511,"0 Fairmount Street, Dorchester, Dorchester Center, Boston",Home,1673.3333333333333,"0 Fairmount Street, Dorchester, Dorchester Center, Boston",42.28160415789473,-71.07254410526316,511,4.95955587117641
281,"1 Lincoln St, Boston, MA",512,"1000 Adams Street, Dorchester, Dorchester Center, Boston",Home,1402.0,"1000 Adams Street, Dorchester, Dorchester Center, Boston",42.279727896551734,-71.06036689655171,512,5.036617357553032
282,"1 Lincoln St, Boston, MA",521,"0 Hosmer Street, Mattapan, Boston",Home,2112.6666666666665,"0 Hosmer Street, Mattapan, Boston",42.27989686363637,-71.09247472727273,521,5.3191146309726465
283,"1 Lincoln St, Boston, MA",522,"100 Durnell Avenue, Roslindale, Boston",Home,2379.0,"100 Durnell Avenue, Roslindale, Boston",42.28317355555556,-71.13150516666667,522,6.087329799916548
284,"1 Lincoln St, Boston, MA",523,"0 Woodland Road, Jamaica Plain, Boston",Home,2064.3333333333335,"0 Woodland Road, Jamaica Plain, Boston",42.31107822222222,-71.12641644444446,523,4.515904199594519
285,"1 Lincoln St, Boston, MA",524,"100 Laurie Avenue, Upper Washington / Spring Street, Boston",Home,2724.3333333333335,"100 Laurie Avenue, Upper Washington / Spring Street, Boston",42.271825266666674,-71.16872353333333,524,7.944245550922763
287,"1 Lincoln St, Boston, MA",526,"0 Orange Street, Chelsea",Home,1219.3333333333333,"0 Orange Street, Chelsea",42.398739294117654,-71.03326117647059,526,3.428582790890265
288,"1 Lincoln St, Boston, MA",527,"200 Beach Street, Revere",Home,1374.6666666666667,"200 Beach Street, Revere",42.4074878,-71.00890476,527,4.55129516762435
289,"1 Lincoln St, Boston, MA",528,"0 Short Street, Winthrop",Home,1467.6666666666667,"0 Short Street, Winthrop",42.37934138095238,-70.98758300000001,528,4.063324781270509
290,"1 Lincoln St, Boston, MA",529,"0 Circuit Drive, Roxbury, Boston",Home,1732.3333333333333,"0 Circuit Drive, Roxbury, Boston",42.30338037037037,-71.095357,529,3.894932760195738
291,"1 Lincoln St, Boston, MA",530,"0 Dry Dock Avenue, Seaport District, Boston",Home,522.0,"0 Dry Dock Avenue, Seaport District, Boston",42.343601125,-71.03042809375,530,1.5616384938618058
294,"1 Lincoln St, Boston, MA",540,"Charles River Esplanade, Boston",Home,910.3333333333334,"Charles River Esplanade, Boston",42.36003003797468,-71.11711313924052,540,3.050012439449957
295,"1 Lincoln St, Boston, MA",544,"0 Fid Kennedy Avenue, Seaport District, Boston",Home,684.3333333333334,"0 Fid Kennedy Avenue, Seaport District, Boston",42.32492409090909,-70.9304045909091,544,6.826791974585258
296,"1 Lincoln St, Boston, MA",549,"0 Boston Street, Prospect Hill, Somerville",Home,1399.3333333333333,"0 Boston Street, Prospect Hill, Somerville",42.38324347058823,-71.09518882352941,549,2.828719422613469
304,"1 Lincoln St, Boston, MA",584,"0 Mill Road, Melrose",Home,2236.6666666666665,"0 Mill Road, Melrose",42.45047441666666,-71.05195008333334,584,6.75768822400441
307,"1 Lincoln St, Boston, MA",587,"100 Rivers Edge Drive, Medford",Home,1365.0,"100 Rivers Edge Drive, Medford",42.40750591304348,-71.0786074347826,587,3.9231615369097295
308,"1 Lincoln St, Boston, MA",588,"0 Lewis Street, Medford",Home,1248.3333333333333,"0 Lewis Street, Medford",42.423385142857136,-71.09795971428571,588,5.283807076372234
309,"1 Lincoln St, Boston, MA",589,"0 Clayton Street, Malden",Home,2019.0,"0 Clayton Street, Malden",42.42539638461539,-71.05923896153845,589,5.018958355863271
310,"1 Lincoln St, Boston, MA",590,"100 Kennedy Drive, Malden",Home,1718.6666666666667,"100 Kennedy Drive, Malden",42.43765059090909,-71.03301409090909,590,6.006265855266184
327,"1 Lincoln St, Boston, MA",638,"0 Leedsville Street, Dorchester, Boston",Home,1502.0,"0 Leedsville Street, Dorchester, Boston",42.30589994444445,-71.06176433333333,638,3.2338380004490186
330,"1 Lincoln St, Boston, MA",665,"0 Welgate Circle, Quincy",Home,1580.6666666666667,"0 Welgate Circle, Quincy",42.26004420833333,-71.02521829166666,665,6.6158070238250515
347,"1 Lincoln St, Boston, MA",707,"100 Bellevue Road, Quincy",Home,1306.3333333333333,"100 Bellevue Road, Quincy",42.29713440740741,-71.01008748148148,707,4.562290209167826
348,"1 Lincoln St, Boston, MA",709,"0 Newbury Avenue, North Quincy, Quincy",Home,1293.3333333333333,"0 Newbury Avenue, North Quincy, Quincy",42.279849049999996,-71.02781569999999,709,5.26511658770826
351,"1 Lincoln St, Boston, MA",713,"0 Foster Street, Coolidge Corner South Side, Brookline",Home,1778.6666666666667,"0 Foster Street, Coolidge Corner South Side, Brookline",42.33851085,-71.1172573,713,3.1701901669041885
354,"1 Lincoln St, Boston, MA",718,"0 Otis Street, East Somerville, Somerville",Home,1341.0,"0 Otis Street, East Somerville, Somerville",42.386552058823526,-71.08421217647059,718,2.686039719645401
360,"1 Lincoln St, Boston, MA",739,"0 Tinson Road, Quincy",Home,1679.0,"0 Tinson Road, Quincy",42.24823957142858,-71.02175457142859,739,7.448964159013037
368,"1 Lincoln St, Boston, MA",756,"0 Taunton Street, Ward Two, Somerville",Home,1597.0,"0 Taunton Street, Ward Two, Somerville",42.3772418,-71.10129726666666,756,2.7753487004331667
369,"1 Lincoln St, Boston, MA",757,"100 Portland Street, The Port, Cambridge",Home,1287.3333333333333,"100 Portland Street, The Port, Cambridge",42.36445352631579,-71.0886622631579,757,1.7508873976312076
370,"1 Lincoln St, Boston, MA",758,"0 Antrim Street, Mid-Cambridge, Cambridge",Home,1645.3333333333333,"0 Antrim Street, Mid-Cambridge, Cambridge",42.3724672,-71.10347446666665,758,2.682650211927234
371,"1 Lincoln St, Boston, MA",759,"0 Vail Court, Mid-Cambridge, Cambridge",Home,1394.0,"0 Vail Court, Mid-Cambridge, Cambridge",42.36685655,-71.1038204,759,2.5242006234911956
372,"1 Lincoln St, Boston, MA",760,"Fairchild Building, MIT, Cambridge",Home,1182.0,"Fairchild Building, MIT, Cambridge",42.357536421052636,-71.09411926315788,760,1.8608739467295945
373,"1 Lincoln St, Boston, MA",761,"0 Oxford Street, Agassiz, Cambridge",Home,1714.3333333333333,"0 Oxford Street, Agassiz, Cambridge",42.38062519047619,-71.11505400000001,761,3.48411300886549
374,"1 Lincoln St, Boston, MA",762,"0 Dana Place, Mid-Cambridge, Cambridge",Home,1466.0,"0 Dana Place, Mid-Cambridge, Cambridge",42.370244684210526,-71.10967257894735,762,2.892637754276135
375,"1 Lincoln St, Boston, MA",763,"100 Brattle Street, West Cambridge, Cambridge",Home,1339.3333333333333,"100 Brattle Street, West Cambridge, Cambridge",42.375975631578946,-71.12587515789473,763,3.8113277645691985
376,"1 Lincoln St, Boston, MA",764,"600 Huron Avenue, Strawberry Hill, Cambridge",Home,1614.0,"600 Huron Avenue, Strawberry Hill, Cambridge",42.382321346153844,-71.14987042307692,764,5.110912551046799
382,"1 Lincoln St, Boston, MA",773,"0 Sherman Street, Neighborhood Nine, Cambridge",Home,1916.3333333333333,"0 Sherman Street, Neighborhood Nine, Cambridge",42.38905825925926,-71.13957829629629,773,4.856035135229241
383,"1 Lincoln St, Boston, MA",774,"0 Jackson Street, North Cambridge, Cambridge",Home,2125.3333333333335,"0 Jackson Street, North Cambridge, Cambridge",42.39545145,-71.14047500000001,774,5.135501649542075
384,"1 Lincoln St, Boston, MA",775,"0 Milton Street, Arlington",Home,2276.0,"0 Milton Street, Arlington",42.402120555555555,-71.14629933333333,775,5.647554114257095
385,"1 Lincoln St, Boston, MA",776,"0 Gray Street, Arlington",Home,2283.6666666666665,"0 Gray Street, Arlington",42.41193102702702,-71.15868816216215,776,6.563434636814909
386,"1 Lincoln St, Boston, MA",777,"100 Claflin Street, Belmont",Home,2247.0,"100 Claflin Street, Belmont",42.40292505263158,-71.1677962631579,777,6.586979102756026
387,"1 Lincoln St, Boston, MA",778,"0 Foster Road, Belmont",Home,1755.3333333333333,"0 Foster Road, Belmont",42.38167994999999,-71.16080810000001,778,5.612495941646227
388,"1 Lincoln St, Boston, MA",779,"0 Woodfall Road, Belmont",Home,2285.0,"0 Woodfall Road, Belmont",42.400521833333336,-71.1833634761905,779,7.198932891842153
394,"1 Lincoln St, Boston, MA",786,"0 Richdale Avenue, Everett",Home,1591.6666666666667,"0 Richdale Avenue, Everett",42.4112025,-71.0392164,786,4.156194323148837
400,"1 Lincoln St, Boston, MA",792,"0 Woodside Drive, Milton",Home,1505.3333333333333,"0 Woodside Drive, Milton",42.24495138235294,-71.07362538235293,792,7.476887434900021
407,"1 Lincoln St, Boston, MA",808,"0 Candace Avenue, Warrendale, Waltham",Home,1943.3333333333333,"0 Candace Avenue, Warrendale, Waltham",42.386681696969696,-71.20736533333334,808,7.979082957320621
408,"1 Lincoln St, Boston, MA",809,"200 Bellevue Road, Watertown",Home,1652.6666666666667,"200 Bellevue Road, Watertown",42.373670956521735,-71.16822017391304,809,5.80685475132594
409,"1 Lincoln St, Boston, MA",810,"100 North Beacon Street, Watertown",Home,1381.3333333333333,"100 North Beacon Street, Watertown",42.363483125,-71.17569790625001,810,6.052600970741371
410,"1 Lincoln St, Boston, MA",811,"300 Watertown Street, Nonantum, Newton",Home,1349.6666666666667,"300 Watertown Street, Nonantum, Newton",42.36087852173913,-71.20061043478262,811,7.303921092922555
411,"1 Lincoln St, Boston, MA",812,"0 Burr Road, Newton Centre, Newton",Home,1654.3333333333333,"0 Burr Road, Newton Centre, Newton",42.337193,-71.20642516,812,7.656116441393288
412,"1 Lincoln St, Boston, MA",813,"0 Spear Street, Quincy",Home,1928.6666666666667,"0 Spear Street, Quincy",42.25138533333334,-71.0012517,813,7.57944789072958
413,"1 Lincoln St, Boston, MA",814,"0 Hawthorne Street, Quincy",Home,1791.6666666666667,"0 Hawthorne Street, Quincy",42.26415254285715,-70.96868414285714,814,7.645131176590846
421,"1 Lincoln St, Boston, MA",823,"0 Boston Rock Road, Melrose",Home,1978.0,"0 Boston Rock Road, Melrose",42.44743051612904,-71.06801961290324,823,6.558251829411773
422,"1 Lincoln St, Boston, MA",824,"200 Nahanton Street, Oak Hill, Newton",Home,2175.6666666666665,"200 Nahanton Street, Oak Hill, Newton",42.301272526315785,-71.19790221052631,824,7.979207471556366
424,"1 Lincoln St, Boston, MA",826,"0 Abbott Avenue, Everett",Home,1661.3333333333333,"0 Abbott Avenue, Everett",42.4172323,-71.03868639999999,826,4.567604319305452
431,"1 Lincoln St, Boston, MA",833,"300 Highland Avenue, Winchester",Home,1681.0,"300 Highland Avenue, Winchester",42.45353706060606,-71.12653742424241,833,7.785843361507875
432,"1 Lincoln St, Boston, MA",834,"0 Orchard Street, Medford",Home,1709.3333333333333,"0 Orchard Street, Medford",42.414250142857135,-71.12419095238096,834,5.422549195133342
433,"1 Lincoln St, Boston, MA",835,"0 Marston Street, Medford",Home,1525.0,"0 Marston Street, Medford",42.41161465384616,-71.11680869230769,835,5.048690950516383
434,"1 Lincoln St, Boston, MA",836,"100 Central Avenue, Medford",Home,1272.3333333333333,"100 Central Avenue, Medford",42.41794099999999,-71.08983108333332,836,4.783328297297829
435,"1 Lincoln St, Boston, MA",837,"0 Mc Cormack Avenue, Medford",Home,1378.6666666666667,"0 Mc Cormack Avenue, Medford",42.43214564,-71.09467072,837,5.790658256568026
436,"1 Lincoln St, Boston, MA",838,"100 West Street, Malden",Home,1626.6666666666667,"100 West Street, Malden",42.42132478947369,-71.08175905263158,838,4.886627812135798
437,"1 Lincoln St, Boston, MA",839,"0 Webber Street, Malden",Home,2017.6666666666667,"0 Webber Street, Malden",42.43591728571429,-71.04932742857143,839,5.763511708263207
438,"1 Lincoln St, Boston, MA",840,"0 Hamilton Road, West Somerville, Somerville",Home,1794.6666666666667,"0 Hamilton Road, West Somerville, Somerville",42.40917603846154,-71.12976103846155,840,5.343470873378204
439,"1 Lincoln St, Boston, MA",846,"0 Beacham Street, Everett",Home,1428.3333333333333,"0 Beacham Street, Everett",42.401157162790696,-71.061693,846,3.350037915239345
440,"1 Lincoln St, Boston, MA",847,"100 Sycamore Street, Winter Hill, Somerville",Home,1350.0,"100 Sycamore Street, Winter Hill, Somerville",42.39110636363636,-71.09556722727274,847,3.2647480232456156
441,"1 Lincoln St, Boston, MA",848,"0 Wallace Street, Tufts, Somerville",Home,1869.6666666666667,"0 Wallace Street, Tufts, Somerville",42.40027305882353,-71.1228211764706,848,4.655185722892811
444,"1 Lincoln St, Boston, MA",856,"400 Commonwealth Avenue, Back Bay, Boston",Home,813.0,"400 Commonwealth Avenue, Back Bay, Boston",42.3490993125,-71.09456406250001,856,1.8698314943338121
445,"1 Lincoln St, Boston, MA",857,"100 Norway Street, Fenway/Kenmore, Boston",Home,1238.6666666666667,"100 Norway Street, Fenway/Kenmore, Boston",42.3451664,-71.08829519999999,857,1.6179536262753704
447,"1 Lincoln St, Boston, MA",861,"0 South Waverly Street, Brighton, Boston",Home,881.6666666666666,"0 South Waverly Street, Brighton, Boston",42.361617971428565,-71.13823194285713,861,4.134891011478298
448,"1 Lincoln St, Boston, MA",862,"0 Atkins Street, Brighton, Boston",Home,887.3333333333334,"0 Atkins Street, Brighton, Boston",42.353487099999995,-71.16864975,862,5.646446422690444
449,"1 Lincoln St, Boston, MA",863,"0 Strathmore Road, Brighton, Boston",Home,1765.6666666666667,"0 Strathmore Road, Brighton, Boston",42.33999638888889,-71.14940800000001,863,4.7431305305530636
450,"1 Lincoln St, Boston, MA",864,"0 Dustin Street, Brighton, Boston",Home,1272.6666666666667,"0 Dustin Street, Brighton, Boston",42.35082192857143,-71.14835582142858,864,4.6091073176475
451,"1 Lincoln St, Boston, MA",865,"0 Bellvista Road, Brighton, Boston",Home,1612.0,"0 Bellvista Road, Brighton, Boston",42.347048333333326,-71.1375947222222,865,4.075114321644763
452,"1 Lincoln St, Boston, MA",866,"0 Braintree Street, Allston, Boston",Home,823.6666666666666,"0 Braintree Street, Allston, Boston",42.35691509375,-71.130391625,866,3.698975091314098
453,"1 Lincoln St, Boston, MA",867,"0 Barry Street, Dorchester, Boston",Home,1510.6666666666667,"0 Barry Street, Dorchester, Boston",42.307033499999996,-71.07120185,867,3.2187778051716496
454,"1 Lincoln St, Boston, MA",868,"100 Whitfield Street, Dorchester, Dorchester Center, Boston",Home,1980.3333333333333,"100 Whitfield Street, Dorchester, Dorchester Center, Boston",42.293653875000004,-71.0743945,868,4.156301160454671
455,"1 Lincoln St, Boston, MA",869,"0 Wales Street, Roxbury, Dorchester Center, Boston",Home,1967.0,"0 Wales Street, Roxbury, Dorchester Center, Boston",42.2960192173913,-71.08462026086956,869,4.135883444141233
456,"1 Lincoln St, Boston, MA",870,"0 Willowwood Street, Mattapan, Boston",Home,1989.3333333333333,"0 Willowwood Street, Mattapan, Boston",42.28513305263158,-71.08580500000001,870,4.869783463545401
457,"1 Lincoln St, Boston, MA",871,"0 Chipman Street, Dorchester, Dorchester Center, Boston",Home,1892.0,"0 Chipman Street, Dorchester, Dorchester Center, Boston",42.288889680000004,-71.07109304,871,4.451231096500564
458,"1 Lincoln St, Boston, MA",872,"Southeast Expressway, Dorchester, Boston",Home,937.6666666666666,"Southeast Expressway, Dorchester, Boston",42.28293244,-71.05041684,872,4.8315668910461405
459,"1 Lincoln St, Boston, MA",873,"100 Manchester Street, Mattapan, Boston",Home,1691.6666666666667,"100 Manchester Street, Mattapan, Boston",42.273581538461535,-71.07760769230768,873,5.54809176915076
460,"1 Lincoln St, Boston, MA",874,"0 Outlook Road, Wellington Hill, Boston",Home,2192.3333333333335,"0 Outlook Road, Wellington Hill, Boston",42.28292726315789,-71.09472226315789,874,5.162417372212886
461,"1 Lincoln St, Boston, MA",875,"200 Hyde Park Avenue, Jamaica Plain, Boston",Home,2070.3333333333335,"200 Hyde Park Avenue, Jamaica Plain, Boston",42.29585414285714,-71.11600431428572,875,4.9094094208267585
462,"1 Lincoln St, Boston, MA",876,"100 Neponset Avenue, Roslindale, Boston",Home,1967.6666666666667,"100 Neponset Avenue, Roslindale, Boston",42.2877932631579,-71.11445663157895,876,5.321267145000421
463,"1 Lincoln St, Boston, MA",877,"0 Eliot Street, Jamaica Plain, Boston",Home,1978.6666666666667,"0 Eliot Street, Jamaica Plain, Boston",42.311993533333336,-71.11877399999999,877,4.178449606109509
464,"1 Lincoln St, Boston, MA",878,"200 Public Alley 432, Back Bay, Boston",Home,644.0,"200 Public Alley 432, Back Bay, Boston",42.34969507142857,-71.08444364285715,878,1.3510889818401752
465,"1 Lincoln St, Boston, MA",879,"0 River Street Place, Beacon Hill, Boston",Home,705.3333333333334,"0 River Street Place, Beacon Hill, Boston",42.357440375,-71.07020212500001,879,0.6892699269818737
466,"1 Lincoln St, Boston, MA",880,"100 Charles Street, Beacon Hill, Boston",Home,817.0,"100 Charles Street, Beacon Hill, Boston",42.360388,-71.06888607142858,880,0.7569119386351011
467,"1 Lincoln St, Boston, MA",881,"0 Stillman Street, North End, Boston",Home,571.3333333333334,"0 Stillman Street, North End, Boston",42.36477266666667,-71.05712366666667,881,0.8367665032361772
468,"1 Lincoln St, Boston, MA",882,"200 Hanover Street, North End, Boston",Home,588.0,"200 Hanover Street, North End, Boston",42.36403453333333,-71.05433213333332,882,0.810131562636483
469,"1 Lincoln St, Boston, MA",883,"200 Seaport Boulevard, Seaport District, Boston",Home,382.3333333333333,"200 Seaport Boulevard, Seaport District, Boston",42.34706330769231,-71.04151653846154,883,0.9457607573221897
470,"1 Lincoln St, Boston, MA",884,"South Boston Bypass, South Boston, Boston",Home,326.0,"South Boston Bypass, South Boston, Boston",42.33772389655172,-71.05692317241378,884,1.035231516317565
471,"1 Lincoln St, Boston, MA",886,"0 Malden Street, South End, Boston",Home,431.3333333333333,"0 Malden Street, South End, Boston",42.33928173684211,-71.06844310526317,886,1.0593071197593045
472,"1 Lincoln St, Boston, MA",887,"0 Mount Pleasant Terrace, Roxbury, Boston",Home,993.6666666666666,"0 Mount Pleasant Terrace, Roxbury, Boston",42.32722611111111,-71.07962255555556,887,2.0670621433077114
473,"1 Lincoln St, Boston, MA",888,"133100 Vernon Street, Roxbury, Boston",Home,980.0,"133100 Vernon Street, Roxbury, Boston",42.332643230769236,-71.08835803846154,888,2.0669566233803063
474,"1 Lincoln St, Boston, MA",889,"100 Fisher Avenue, Mission Hill, Boston",Home,1595.3333333333333,"100 Fisher Avenue, Mission Hill, Boston",42.32789636,-71.10904648,889,3.108492083891278
475,"1 Lincoln St, Boston, MA",890,"0 Jamaica Street, Jamaica Plain, Boston",Home,1946.6666666666667,"0 Jamaica Street, Jamaica Plain, Boston",42.30600522727273,-71.11768895454546,890,4.428553251776565
476,"1 Lincoln St, Boston, MA",891,"0 Stedman Street, Jamaica Plain, Boston",Home,1761.3333333333333,"0 Stedman Street, Jamaica Plain, Boston",42.3045682,-71.11011894999999,891,4.249188471205763
477,"1 Lincoln St, Boston, MA",892,"200 Chestnut Avenue, Jamaica Plain, Boston",Home,1713.0,"200 Chestnut Avenue, Jamaica Plain, Boston",42.31501696428571,-71.11243032142858,892,3.798130827260249
478,"1 Lincoln St, Boston, MA",893,"0 Hastings Street, West Roxbury, Boston",Home,2473.3333333333335,"0 Hastings Street, West Roxbury, Boston",42.28760582758621,-71.1557241724138,893,6.711715547447143
479,"1 Lincoln St, Boston, MA",894,"0 Wren Street, West Roxbury, Boston",Home,2643.0,"0 Wren Street, West Roxbury, Boston",42.2805018076923,-71.15083480769229,894,6.8745745251234815
481,"1 Lincoln St, Boston, MA",896,"300 Columbia Street, Wellington-Harrington, Cambridge",Home,1566.3333333333333,"300 Columbia Street, Wellington-Harrington, Cambridge",42.37108460000001,-71.09789060000001,896,2.3889051311094986
482,"1 Lincoln St, Boston, MA",897,"0 Cleveland Street, Hyde Park, Boston",Home,2437.0,"0 Cleveland Street, Hyde Park, Boston",42.25712854545454,-71.12893113636363,897,7.521387859785977
483,"1 Lincoln St, Boston, MA",898,"0 Webster Street, Hyde Park, Boston",Home,2215.0,"0 Webster Street, Hyde Park, Boston",42.25912638095238,-71.119509,898,7.17728390623324
484,"1 Lincoln St, Boston, MA",899,"0 Watts Street, Chelsea",Home,1241.0,"0 Watts Street, Chelsea",42.3894789047619,-71.02923990476191,899,2.9447445729039776
485,"1 Lincoln St, Boston, MA",900,"0 Boatswains Way, Chelsea",Home,920.6666666666666,"0 Boatswains Way, Chelsea",42.388167499999994,-71.0430699,900,2.571161093799705
486,"1 Lincoln St, Boston, MA",901,"0 Willoughby Street, Chelsea",Home,1301.3333333333333,"0 Willoughby Street, Chelsea",42.39592619999999,-71.0215678,901,3.5290615195877724
487,"1 Lincoln St, Boston, MA",902,"0 Centre Street, Roxbury, Boston",Home,1157.6666666666667,"0 Centre Street, Roxbury, Boston",42.32764488888889,-71.09399692592592,902,2.513227487705023
488,"1 Lincoln St, Boston, MA",903,"0 Gaston Street, Roxbury, Boston",Home,1475.0,"0 Gaston Street, Roxbury, Boston",42.31351788888889,-71.0840466111111,903,3.0063344888151744
489,"1 Lincoln St, Boston, MA",904,"0 Wolcott Street, Dorchester, Boston",Home,1684.3333333333333,"0 Wolcott Street, Dorchester, Boston",42.30244661904762,-71.08197276190477,904,3.6722852383081843
490,"1 Lincoln St, Boston, MA",905,"100 Geneva Avenue, Dorchester, Boston",Home,1517.0,"100 Geneva Avenue, Dorchester, Boston",42.306968222222224,-71.0796335,905,3.3381551785639783
491,"1 Lincoln St, Boston, MA",906,"0 Romsey Circle, Dorchester, Boston",Home,773.6666666666666,"0 Romsey Circle, Dorchester, Boston",42.3160107368421,-71.05606068421052,906,2.5340262063404606
492,"1 Lincoln St, Boston, MA",907,"0 Gene Street, Dorchester, Boston",Home,1182.3333333333333,"0 Gene Street, Dorchester, Boston",42.320083411764706,-71.06687270588236,907,2.291984957559746
493,"1 Lincoln St, Boston, MA",908,"0 Monadnock Street, Dorchester, Boston",Home,1293.0,"0 Monadnock Street, Dorchester, Boston",42.314961499999995,-71.07029912499999,908,2.67448866611118
494,"1 Lincoln St, Boston, MA",909,"500 Squire Road, Revere",Home,1475.6666666666667,"500 Squire Road, Revere",42.43026591666666,-71.0133389375,909,5.829351926434348
495,"1 Lincoln St, Boston, MA",911,"200 Garfield Avenue, Revere",Home,1348.6666666666667,"200 Garfield Avenue, Revere",42.40095326666667,-70.9950781,911,4.646382758477923
496,"1 Lincoln St, Boston, MA",912,"100 Crest Avenue, Revere",Home,1466.0,"100 Crest Avenue, Revere",42.396288352941184,-70.98790464705883,912,4.696885189213877
497,"1 Lincoln St, Boston, MA",913,"0 Petrel Street, Winthrop",Home,1686.6666666666667,"0 Petrel Street, Winthrop",42.36676835714286,-70.97311242857143,913,4.4709560602986755
498,"1 Lincoln St, Boston, MA",915,"Head Island Causeway, South Boston, Boston",Home,870.6666666666666,"Head Island Causeway, South Boston, Boston",42.329647487179486,-71.03608756410256,915,1.956857756628418
499,"1 Lincoln St, Boston, MA",916,"0 Lee Burbank Highway, Revere",Home,1254.0,"0 Lee Burbank Highway, Revere",42.397077,-71.00280814999999,916,4.179985120797097
500,"1 Lincoln St, Boston, MA",917,"Emerald Necklace, Jamaica Plain, Boston",Home,1459.0,"Emerald Necklace, Jamaica Plain, Boston",42.33322607843138,-71.10829970588235,917,2.8881998836122764
502,"1 Lincoln St, Boston, MA",930,"0 Constitution Avenue, Revere",Home,1263.6666666666667,"0 Constitution Avenue, Revere",42.41688889473684,-71.01956973684209,930,4.855825687011221
509,"1 Lincoln St, Boston, MA",955,"100 Somerset Avenue, Winthrop",Home,1538.0,"100 Somerset Avenue, Winthrop",42.37224036842105,-70.98939563157896,955,3.779549085557162
515,"1 Lincoln St, Boston, MA",965,"200 River Road, Winthrop",Home,1644.6666666666667,"200 River Road, Winthrop",42.37517088888889,-70.97828944444444,965,4.382731887747262
522,"1 Lincoln St, Boston, MA",986,"0 Harvard Avenue, West Medford, Medford",Home,1638.6666666666667,"0 Harvard Avenue, West Medford, Medford",42.4188091875,-71.134745125,986,6.008860075560948
526,"1 Lincoln St, Boston, MA",1000,"0 Centre Street, Malden",Home,1823.3333333333333,"0 Centre Street, Malden",42.42695261290322,-71.06944748387097,1000,5.157450775051072
527,"1 Lincoln St, Boston, MA",1001,"0 Sargent Street, Malden",Home,1821.3333333333333,"0 Sargent Street, Malden",42.4283723,-71.0333628,1001,5.378486273769502
528,"1 Lincoln St, Boston, MA",1002,"500 Assembly Row, Somerville",Home,945.0,"500 Assembly Row, Somerville",42.394138266666666,-71.08221133333333,1002,3.1106858571719402
529,"1 Lincoln St, Boston, MA",1003,"0 Packard Avenue, Tufts, Somerville",Home,1782.6666666666667,"0 Packard Avenue, Tufts, Somerville",42.404287473684214,-71.12263357894737,1003,4.848078566408229
530,"1 Lincoln St, Boston, MA",1004,"0 Linden Avenue, Spring Hill, Somerville",Home,1713.0,"0 Linden Avenue, Spring Hill, Somerville",42.38829483333333,-71.11305516666665,1004,3.7251712414689533
531,"1 Lincoln St, Boston, MA",1005,"100 Sidney Street, Cambridgeport, Cambridge",Home,1326.6666666666667,"100 Sidney Street, Cambridgeport, Cambridge",42.35827317647059,-71.10623464705884,1005,2.4808828367149514
532,"1 Lincoln St, Boston, MA",1006,"0 Gray Gardens East, Neighborhood Nine, Cambridge",Home,1837.3333333333333,"0 Gray Gardens East, Neighborhood Nine, Cambridge",42.38441728000001,-71.12484884,1006,4.046879329350367
534,"1 Lincoln St, Boston, MA",1010,"0 Coolidge Hill Road, Watertown",Home,1555.6666666666667,"0 Coolidge Hill Road, Watertown",42.36894789189189,-71.15576772972973,1010,5.110862115486493
535,"1 Lincoln St, Boston, MA",1011,"0 Burdean Road, Oak Hill, Newton",Home,2193.6666666666665,"0 Burdean Road, Oak Hill, Newton",42.30771408333333,-71.182466875,1011,7.073276662389894
539,"1 Lincoln St, Boston, MA",1016,"100 Buckminster Road, Fisher Hill, Brookline",Home,1984.3333333333333,"100 Buckminster Road, Fisher Hill, Brookline",42.33518596428571,-71.14109928571428,1016,4.405134172502379
544,"1 Lincoln St, Boston, MA",1023,"0 Norman Street, Milton",Home,1777.3333333333333,"0 Norman Street, Milton",42.256559975609754,-71.09727804878048,1023,6.927749634339547
545,"1 Lincoln St, Boston, MA",1024,"300 Adams Street, Milton",Home,1011.6666666666666,"300 Adams Street, Milton",42.263130157894736,-71.05301026315787,1024,6.187244905981638
553,"1 Lincoln St, Boston, MA",1038,"0 Old Rutherford Avenue, Charlestown, Boston",Home,697.3333333333334,"0 Old Rutherford Avenue, Charlestown, Boston",42.37474485,-71.06575795,1038,1.569000998486702
554,"1 Lincoln St, Boston, MA",1039,"0 Flint Place, South Boston, Boston",Home,818.0,"0 Flint Place, South Boston, Boston",42.33280742857143,-71.03275942857144,1039,1.897627381910992
555,"1 Lincoln St, Boston, MA",1040,"900 Massachusetts Avenue, Dorchester, Boston",Home,533.3333333333334,"900 Massachusetts Avenue, Dorchester, Boston",42.32789463333334,-71.07277559999999,1040,1.8634070714133362
556,"1 Lincoln St, Boston, MA",1041,"0 Kendall Street, South End, Boston",Home,874.0,"0 Kendall Street, South End, Boston",42.335313,-71.08339641666667,1041,1.7551519945797045
557,"1 Lincoln St, Boston, MA",1042,"0 Townsend Street, Roxbury, Boston",Home,1211.3333333333333,"0 Townsend Street, Roxbury, Boston",42.32095995454545,-71.09257995454544,1042,2.8044393864130446
558,"1 Lincoln St, Boston, MA",1043,"200 Savin Hill Avenue, Dorchester, Boston",Home,776.0,"200 Savin Hill Avenue, Dorchester, Boston",42.310860023809525,-71.05315092857143,1043,2.8991065612582596
559,"1 Lincoln St, Boston, MA",1044,"0 Ames Street, Mattapan, Boston",Home,2092.6666666666665,"0 Ames Street, Mattapan, Boston",42.290041296296295,-71.0872232962963,1044,4.569447353287421
560,"1 Lincoln St, Boston, MA",1045,"0 Brockton Street, Mattapan, Boston",Home,2236.3333333333335,"0 Brockton Street, Mattapan, Boston",42.27279645833334,-71.100962125,1045,5.930121263251266
561,"1 Lincoln St, Boston, MA",1047,"0 Ardale Street, Roslindale, Boston",Home,2269.0,"0 Ardale Street, Roslindale, Boston",42.29026855555555,-71.13492744444444,1047,5.825720636831441
562,"1 Lincoln St, Boston, MA",1048,"Airport Road Terminal C - Departure Level, East Boston, Boston",Home,843.6666666666666,"Airport Road Terminal C - Departure Level, East Boston, Boston",42.36536640384615,-71.00934946153846,1048,2.657354157355801
570,"1 Lincoln St, Boston, MA",1068,"1300 Bennington Street, East Boston, Boston",Home,1415.3333333333333,"1300 Bennington Street, East Boston, Boston",42.38750447058823,-70.99437788235294,1068,4.06213579219226
571,"1 Lincoln St, Boston, MA",1075,"0 Oakview Terrace, Jamaica Plain, Boston",Home,1647.3333333333333,"0 Oakview Terrace, Jamaica Plain, Boston",42.31925966666667,-71.10894250000001,1075,3.4686032916934275
573,"1 Lincoln St, Boston, MA",1078,"0 Wellesley Street, South Medford, Medford",Home,1567.6666666666667,"0 Wellesley Street, South Medford, Medford",42.403416650000004,-71.10858,1078,4.343473323347611
580,"1 Lincoln St, Boston, MA",1099,"0 Station Street, Brookline",Home,1839.6666666666667,"0 Station Street, Brookline",42.333239875,-71.1168185,1099,3.280250535606574
586,"1 Lincoln St, Boston, MA",1110,"Cambridge Street, Allston, Boston",Home,729.6666666666666,"Cambridge Street, Allston, Boston",42.357073703703705,-71.12070662962962,1110,3.2059588622440356
588,"1 Lincoln St, Boston, MA",1116,"Harborwalk, Waterfront, Boston",Home,333.3333333333333,"Harborwalk, Waterfront, Boston",42.36029117241379,-71.05476200000001,1116,0.5564607745643868
589,"1 Lincoln St, Boston, MA",1117,"0 Gold Star Street, East Boston, Boston",Home,1209.6666666666667,"0 Gold Star Street, East Boston, Boston",42.38658086666666,-71.00326413333332,1117,3.6642383595093366
590,"1 Lincoln St, Boston, MA",1118,"0 McGreevey Way, Mission Hill, Boston",Home,1307.3333333333333,"0 McGreevey Way, Mission Hill, Boston",42.33428183333333,-71.09708233333332,1118,2.3545380805925116
591,"1 Lincoln St, Boston, MA",1119,"0 Coleus Park, Dorchester, Boston",Home,1426.3333333333333,"0 Coleus Park, Dorchester, Boston",42.31101178947368,-71.07598773684211,1119,3.0146116400556915
592,"1 Lincoln St, Boston, MA",1120,"0 Melville Avenue, Dorchester, Dorchester Center, Boston",Home,1703.6666666666667,"0 Melville Avenue, Dorchester, Dorchester Center, Boston",42.294730736842105,-71.06754863157894,1120,4.027629792558233
594,"1 Lincoln St, Boston, MA",1122,"100 Webster Avenue, Chelsea",Home,1068.6666666666667,"100 Webster Avenue, Chelsea",42.40208695,-71.02760589999998,1122,3.7556396751270067
595,"1 Lincoln St, Boston, MA",1123,"Conifer Path, Jamaica Hills / Pond, Boston",Home,2153.0,"Conifer Path, Jamaica Hills / Pond, Boston",42.30011803448276,-71.12338579310347,1123,4.924904015311765
597,"1 Lincoln St, Boston, MA",1127,"100 South Border Road, Medford",Home,1363.3333333333333,"100 South Border Road, Medford",42.431066977777775,-71.11115944444444,1127,6.047037570067976
598,"1 Lincoln St, Boston, MA",1128,"0 Lowden Avenue, Powder House Square, Somerville",Home,1650.0,"0 Lowden Avenue, Powder House Square, Somerville",42.399032947368426,-71.11564978947368,1128,4.339276642425207
599,"1 Lincoln St, Boston, MA",1129,"0 Shepard Street, Neighborhood Nine, Cambridge",Home,1662.0,"0 Shepard Street, Neighborhood Nine, Cambridge",42.38017072727273,-71.12223877272727,1129,3.780018598571945
600,"1 Lincoln St, Boston, MA",1130,"0 Louise Road, Belmont",Home,1936.0,"0 Louise Road, Belmont",42.3904947826087,-71.1677110869565,1130,6.17506111819162
605,"1 Lincoln St, Boston, MA",1140,"300 Mystic Avenue, South Medford, Medford",Home,1187.3333333333333,"300 Mystic Avenue, South Medford, Medford",42.40770729166667,-71.10441470833334,1140,4.469562200557178
606,"1 Lincoln St, Boston, MA",1141,"0 Forest Street, Malden",Home,2043.0,"0 Forest Street, Malden",42.435019759999996,-71.05851320000001,1141,5.682997104294076
607,"1 Lincoln St, Boston, MA",1142,"200 Massachusetts Avenue, Arlington",Home,2112.0,"200 Massachusetts Avenue, Arlington",42.407901714285714,-71.14538994285715,1142,5.861630711562552
612,"1 Lincoln St, Boston, MA",1151,"0 Saugus Avenue, Saugus",Home,2070.6666666666665,"0 Saugus Avenue, Saugus",42.44403013207548,-70.99537177358489,1151,7.080738286023491
613,"1 Lincoln St, Boston, MA",1160,"100 Austin Street, Hyde Park, Boston",Home,2423.6666666666665,"100 Austin Street, Hyde Park, Boston",42.26724896428572,-71.12323982142858,1160,6.769040394694519
614,"1 Lincoln St, Boston, MA",1163,"300 East Eagle Street, Eagle Hill, Boston",Home,1039.3333333333333,"300 East Eagle Street, Eagle Hill, Boston",42.382224916666665,-71.03014187500001,1163,2.498765660172483
615,"1 Lincoln St, Boston, MA",1164,"0 West Howell Street, Dorchester, Boston",Home,654.3333333333334,"0 West Howell Street, Dorchester, Boston",42.322760708333334,-71.05897399999999,1164,2.065624364986873
616,"1 Lincoln St, Boston, MA",1165,"900 American Legion Highway, Roslindale, Boston",Home,2275.3333333333335,"900 American Legion Highway, Roslindale, Boston",42.27017941025641,-71.11263810256409,1165,6.337164500981246
619,"1 Lincoln St, Boston, MA",1174,"600 Lynn Fells Parkway, Melrose",Home,2045.6666666666667,"600 Lynn Fells Parkway, Melrose",42.464175142857144,-71.05526661904761,1174,7.697018703731981
620,"1 Lincoln St, Boston, MA",1175,"0 Fellsmere Road, Malden",Home,1687.6666666666667,"0 Fellsmere Road, Malden",42.430032578947376,-71.08213721052633,1175,5.475579154469376
622,"1 Lincoln St, Boston, MA",1178,"0 Trustman Terrace, East Boston, Boston",Home,1112.6666666666667,"0 Trustman Terrace, East Boston, Boston",42.38710150000001,-71.01606539285714,1178,3.214018667253019
623,"1 Lincoln St, Boston, MA",1179,"100 West Canton Street, Columbus, Boston",Home,413.6666666666667,"100 West Canton Street, Columbus, Boston",42.345730062499996,-71.0763216875,1179,1.0372032854592885
625,"1 Lincoln St, Boston, MA",1185,"0 Parsons Street, Brighton, Boston",Home,1485.3333333333333,"0 Parsons Street, Brighton, Boston",42.35282982608696,-71.15452482608694,1185,4.923078080644438
626,"1 Lincoln St, Boston, MA",1186,"0 Norway Park, Hyde Park, Boston",Home,1967.3333333333333,"0 Norway Park, Hyde Park, Boston",42.25031263636363,-71.11800668181819,1186,7.698380642455179
627,"1 Lincoln St, Boston, MA",1189,"0 Fairbanks Street, Brighton, Boston",Home,864.3333333333334,"0 Fairbanks Street, Brighton, Boston",42.35354732,-71.16172983999999,1189,5.292239061953981
628,"1 Lincoln St, Boston, MA",1190,"0 Willow Avenue, Davis Square, Somerville",Home,1819.6666666666667,"0 Willow Avenue, Davis Square, Somerville",42.39467576470588,-71.12086476470589,1190,4.316525311642765
630,"1 Lincoln St, Boston, MA",1193,"1100 Beacon Street, Brookline",Home,633.0,"1100 Beacon Street, Brookline",42.34583995238095,-71.11151514285714,1193,2.76200643023358
631,"1 Lincoln St, Boston, MA",1195,"0 Howe Street, Dorchester, Boston",Home,1358.3333333333333,"0 Howe Street, Dorchester, Boston",42.31124563636364,-71.06387086363635,1195,2.8740502445451086
633,"1 Lincoln St, Boston, MA",1198,"100 Ashland Street, Malden",Home,1748.6666666666667,"100 Ashland Street, Malden",42.41812936363636,-71.06806795454547,1198,4.544381477657674
639,"1 Lincoln St, Boston, MA",1211,"Chestnut Hill Reservoir Trail, Brighton, Boston",Home,1830.0,"Chestnut Hill Reservoir Trail, Brighton, Boston",42.33742721875,-71.15681915625001,1211,5.149961213516515
640,"1 Lincoln St, Boston, MA",1212,"0 Snow Hill Street, North End, Boston",Home,695.6666666666666,"0 Snow Hill Street, North End, Boston",42.366822333333324,-71.05633300000001,1212,0.9813480744997531
641,"1 Lincoln St, Boston, MA",1213,"200 East 8th Street, South Boston, Boston",Home,894.0,"200 East 8th Street, South Boston, Boston",42.331562923076916,-71.0501823076923,1213,1.5168334879915595
642,"1 Lincoln St, Boston, MA",1214,"0 East Concord Street, South End, Boston",Home,576.6666666666666,"0 East Concord Street, South End, Boston",42.335604062499996,-71.07316162500001,1214,1.401422720270449
643,"1 Lincoln St, Boston, MA",1215,"0 Beauford Lane, Roxbury, Boston",Home,1306.0,"0 Beauford Lane, Roxbury, Boston",42.31684833333334,-71.07455666666667,1215,2.6087820304047438
646,"1 Lincoln St, Boston, MA",1225,"0 West Elm Avenue, Quincy",Home,1508.3333333333333,"0 West Elm Avenue, Quincy",42.27250211538462,-71.01621561538462,1225,5.940575389714663
647,"1 Lincoln St, Boston, MA",1226,"0 Sturtevant Street, Boston",Home,873.3333333333334,"0 Sturtevant Street, Boston",42.29813439285715,-71.05340096428571,1226,3.773700758302213
648,"1 Lincoln St, Boston, MA",1227,"0 Port Norfolk Street, Dorchester, Boston",Home,887.3333333333334,"0 Port Norfolk Street, Dorchester, Boston",42.29136404545455,-71.0445949090909,1227,4.290781522964522
649,"1 Lincoln St, Boston, MA",1228,"0 Ashley Street, Jamaica Plain, Boston",Home,1467.6666666666667,"0 Ashley Street, Jamaica Plain, Boston",42.32070066666667,-71.10494666666666,1228,3.250218151351169
652,"1 Lincoln St, Boston, MA",1232,"400 Newton Street, Chestnut Hill, Brookline",Home,2281.6666666666665,"400 Newton Street, Chestnut Hill, Brookline",42.31293709090909,-71.15504721212122,1232,5.660612168558397
656,"1 Lincoln St, Boston, MA",1237,"100 Colonial Drive, Quincy",Home,1769.6666666666667,"100 Colonial Drive, Quincy",42.25072594736842,-71.01488426315788,1237,7.3815031840628675
658,"1 Lincoln St, Boston, MA",1239,"0 Walnut Street, Belmont",Home,1904.6666666666667,"0 Walnut Street, Belmont",42.38340626666666,-71.18607180000001,1239,6.871900498972481
660,"1 Lincoln St, Boston, MA",1241,"0 Kenilworth Street, Newton Corner, Newton",Home,1474.6666666666667,"0 Kenilworth Street, Newton Corner, Newton",42.34413609090908,-71.18472139393938,1241,6.496299226910271
663,"1 Lincoln St, Boston, MA",1246,"North Shore Road, Revere",Home,1958.0,"North Shore Road, Revere",42.43465911111112,-70.97507200000001,1246,7.0833265378187
664,"1 Lincoln St, Boston, MA",1247,"Stony Brook Path, Boston",Home,2663.6666666666665,"Stony Brook Path, Boston",42.26320745,-71.13815707500001,1247,7.406259168467973
