"Origin Movement ID","Origin Display Name","Destination Movement ID","Destination Display Name","Date Range","Mean Travel Time (Seconds)","Range - Lower Bound Travel Time (Seconds)","Range - Upper Bound Travel Time (Seconds)"
"885","1 Lincoln St, Boston, MA","3","0 Flaherty Way, D Street / West Broadway, Boston","4/7/2017 - 5/21/2017, Weekdays, PM Peak",710,433,1162
"885","1 Lincoln St, Boston, MA","5","0 Queensberry Street, Fenway/Kenmore, Boston","4/7/2017 - 5/21/2017, Weekdays, PM Peak",1152,841,1577
"885","1 Lincoln St, Boston, MA","13","200 Liberty Street, Braintree","4/7/2017 - 5/21/2017, Weekdays, PM Peak",2085,1497,2903
"885","1 Lincoln St, Boston, MA","14","400 Cushing Street, Hingham","4/7/2017 - 5/21/2017, Weekdays, PM Peak",2455,1854,3249
"885","1 Lincoln St, Boston, MA","16","100 Kenrick Street, Oak Square, Boston","4/7/2017 - 5/21/2017, Weekdays, PM Peak",1708,1255,2323
"885","1 Lincoln St, Boston, MA","17","0 Maggi Road, Revere","4/7/2017 - 5/21/2017, Weekdays, PM Peak",1669,1200,2320
"885","1 Lincoln St, Boston, MA","19","200 Ocean Street, Lynn","4/7/2017 - 5/21/2017, Weekdays, PM Peak",2627,2119,3256
"885","1 Lincoln St, Boston, MA","20","0 Florence Street, Everett","4/7/2017 - 5/21/2017, Weekdays, PM Peak",1659,1262,2179
"885","1 Lincoln St, Boston, MA","21","0 Canal Lane, Somerville","4/7/2017 - 5/21/2017, Weekdays, PM Peak",1056,680,1638
"885","1 Lincoln St, Boston, MA","23","0 Ocallaghan Way, Lynn","4/7/2017 - 5/21/2017, Weekdays, PM Peak",2830,2068,3871
"885","1 Lincoln St, Boston, MA","25","0 Baldpate Road, Georgetown","4/7/2017 - 5/21/2017, Weekdays, PM Peak",2979,2494,3558
"885","1 Lincoln St, Boston, MA","27","100 Inner Belt Road, Inner Belt, Somerville","4/7/2017 - 5/21/2017, Weekdays, PM Peak",851,495,1460
"885","1 Lincoln St, Boston, MA","28","0 Lincoln Road, Brookline","4/7/2017 - 5/21/2017, Weekdays, PM Peak",1806,1404,2321
"885","1 Lincoln St, Boston, MA","29","100 Crosby Street, Arlington","4/7/2017 - 5/21/2017, Weekdays, PM Peak",1870,1455,2403
"885","1 Lincoln St, Boston, MA","30","0 Stagecoach Way, Hopkinton","4/7/2017 - 5/21/2017, Weekdays, PM Peak",3117,2438,3985
"885","1 Lincoln St, Boston, MA","32","0 Gainsborough Street, Fenway/Kenmore, Boston","4/7/2017 - 5/21/2017, Weekdays, PM Peak",1124,848,1488
"885","1 Lincoln St, Boston, MA","33","200 Prospect Avenue, Revere","4/7/2017 - 5/21/2017, Weekdays, PM Peak",1174,799,1723
"885","1 Lincoln St, Boston, MA","37","0 Perrin Street, Roxbury, Boston","4/7/2017 - 5/21/2017, Weekdays, PM Peak",1200,869,1656
"885","1 Lincoln St, Boston, MA","38","McLean Street, Belmont","4/7/2017 - 5/21/2017, Weekdays, PM Peak",1957,1608,2380
"885","1 Lincoln St, Boston, MA","40","0 Aycliffe Road, Swampscott","4/7/2017 - 5/21/2017, Weekdays, PM Peak",2934,2474,3478
"885","1 Lincoln St, Boston, MA","41","200 Sumner Street, East Boston, Boston","4/7/2017 - 5/21/2017, Weekdays, PM Peak",930,622,1389
"885","1 Lincoln St, Boston, MA","44","0 Georgetown Road, Boxford","4/7/2017 - 5/21/2017, Weekdays, PM Peak",2922,2387,3575
"885","1 Lincoln St, Boston, MA","46","300 River Street, Cambridgeport, Cambridge","4/7/2017 - 5/21/2017, Weekdays, PM Peak",952,642,1411
"885","1 Lincoln St, Boston, MA","47","200 Huntington Avenue, Prudential / St. Botolph, Boston","4/7/2017 - 5/21/2017, Weekdays, PM Peak",892,446,1783
"885","1 Lincoln St, Boston, MA","48","100 Gove Street, East Boston, Boston","4/7/2017 - 5/21/2017, Weekdays, PM Peak",1070,702,1630
"885","1 Lincoln St, Boston, MA","51","0 Peterborough Street, West Fens, Boston","4/7/2017 - 5/21/2017, Weekdays, PM Peak",1115,684,1817
"885","1 Lincoln St, Boston, MA","52","0 Berkshire Street, Wellington-Harrington, Cambridge","4/7/2017 - 5/21/2017, Weekdays, PM Peak",1437,1031,2002
"885","1 Lincoln St, Boston, MA","53","600 Commonwealth Avenue, Fenway/Kenmore, Boston","4/7/2017 - 5/21/2017, Weekdays, PM Peak",585,264,1294
"885","1 Lincoln St, Boston, MA","54","0 Binney Street, Arefth, Cambridge","4/7/2017 - 5/21/2017, Weekdays, PM Peak",1172,783,1752
"885","1 Lincoln St, Boston, MA","58","100 Summit Avenue, Corey Hill, Brookline","4/7/2017 - 5/21/2017, Weekdays, PM Peak",1608,1205,2144
"885","1 Lincoln St, Boston, MA","59","300 Shea Memorial Drive, SouthField, Weymouth","4/7/2017 - 5/21/2017, Weekdays, PM Peak",3403,2834,4085
"885","1 Lincoln St, Boston, MA","60","Pilgrims Highway, Weymouth","4/7/2017 - 5/21/2017, Weekdays, PM Peak",2257,1649,3088
"885","1 Lincoln St, Boston, MA","61","0 Eagle Lane, Wrentham","4/7/2017 - 5/21/2017, Weekdays, PM Peak",3847,3066,4826
"885","1 Lincoln St, Boston, MA","62","200 Pond Street, Avon","4/7/2017 - 5/21/2017, Weekdays, PM Peak",2568,1956,3370
"885","1 Lincoln St, Boston, MA","65","0 Glen Road, Reading","4/7/2017 - 5/21/2017, Weekdays, PM Peak",2444,1677,3561
"885","1 Lincoln St, Boston, MA","68","100 Beacon Street, Back Bay East, Boston","4/7/2017 - 5/21/2017, Weekdays, PM Peak",670,429,1044
"885","1 Lincoln St, Boston, MA","69","0 Burrill Avenue, Lynn","4/7/2017 - 5/21/2017, Weekdays, PM Peak",2802,2363,3322
"885","1 Lincoln St, Boston, MA","72","0 Stonington Street, North Andover","4/7/2017 - 5/21/2017, Weekdays, PM Peak",2561,2171,3020
"885","1 Lincoln St, Boston, MA","77","0 The Mountain Road, Framingham","4/7/2017 - 5/21/2017, Weekdays, PM Peak",2646,2029,3449
"885","1 Lincoln St, Boston, MA","78","0 John Street, Woburn","4/7/2017 - 5/21/2017, Weekdays, PM Peak",2273,2100,2459
"885","1 Lincoln St, Boston, MA","79","Massachusetts State House, Beacon Hill, Boston","4/7/2017 - 5/21/2017, Weekdays, PM Peak",285,69,1173
"885","1 Lincoln St, Boston, MA","80","0 Bussell Road, West Medford, Medford","4/7/2017 - 5/21/2017, Weekdays, PM Peak",1630,1204,2205
"885","1 Lincoln St, Boston, MA","82","100 Private Alley 527, South End, Boston","4/7/2017 - 5/21/2017, Weekdays, PM Peak",821,581,1159
"885","1 Lincoln St, Boston, MA","83","0 Golden Drive, Winthrop","4/7/2017 - 5/21/2017, Weekdays, PM Peak",1632,1243,2141
"885","1 Lincoln St, Boston, MA","89","0 Cottage Street, Lynn","4/7/2017 - 5/21/2017, Weekdays, PM Peak",1977,1448,2698
"885","1 Lincoln St, Boston, MA","92","Southeast Expressway, Quincy","4/7/2017 - 5/21/2017, Weekdays, PM Peak",1513,1044,2191
"885","1 Lincoln St, Boston, MA","94","300 Marlborough Street, Back Bay, Boston","4/7/2017 - 5/21/2017, Weekdays, PM Peak",945,637,1399
"885","1 Lincoln St, Boston, MA","95","0 G Street, South Boston, Boston","4/7/2017 - 5/21/2017, Weekdays, PM Peak",875,639,1198
"885","1 Lincoln St, Boston, MA","97","300 Bishops Forest Drive, Waltham","4/7/2017 - 5/21/2017, Weekdays, PM Peak",2141,1730,2649
"885","1 Lincoln St, Boston, MA","98","100 Suffolk Road, Chestnut Hill, Newton","4/7/2017 - 5/21/2017, Weekdays, PM Peak",1895,1373,2615
"885","1 Lincoln St, Boston, MA","102","0 Baldwin Street, North Easton, Easton","4/7/2017 - 5/21/2017, Weekdays, PM Peak",2863,2146,3819
"885","1 Lincoln St, Boston, MA","105","100 Columbia Street, The Port, Cambridge","4/7/2017 - 5/21/2017, Weekdays, PM Peak",1406,1037,1905
"885","1 Lincoln St, Boston, MA","118","0 County Way Extension, Beverly","4/7/2017 - 5/21/2017, Weekdays, PM Peak",2830,2250,3558
"885","1 Lincoln St, Boston, MA","120","0 Cherrywood Circle, Andover","4/7/2017 - 5/21/2017, Weekdays, PM Peak",2782,2181,3548
"885","1 Lincoln St, Boston, MA","127","200 Vinton Street, Melrose","4/7/2017 - 5/21/2017, Weekdays, PM Peak",1689,1306,2183
"885","1 Lincoln St, Boston, MA","128","100 Glen Street, Malden","4/7/2017 - 5/21/2017, Weekdays, PM Peak",1588,1244,2025
"885","1 Lincoln St, Boston, MA","129","0 Glendale Street, Everett","4/7/2017 - 5/21/2017, Weekdays, PM Peak",1850,1483,2306
"885","1 Lincoln St, Boston, MA","130","0 Cambria Street, Spring Hill, Somerville","4/7/2017 - 5/21/2017, Weekdays, PM Peak",1558,1154,2101
"885","1 Lincoln St, Boston, MA","131","2000 Massachusetts Avenue, North Cambridge, Cambridge","4/7/2017 - 5/21/2017, Weekdays, PM Peak",1920,1477,2495
"885","1 Lincoln St, Boston, MA","132","0 Townsend Road, Belmont","4/7/2017 - 5/21/2017, Weekdays, PM Peak",1683,1340,2112
"885","1 Lincoln St, Boston, MA","134","Yankee Division Highway, Waltham","4/7/2017 - 5/21/2017, Weekdays, PM Peak",2103,1501,2945
"885","1 Lincoln St, Boston, MA","135","100 Orchard Street, Watertown","4/7/2017 - 5/21/2017, Weekdays, PM Peak",1694,1260,2277
"885","1 Lincoln St, Boston, MA","136","200 Adams Avenue, West Newton, Newton","4/7/2017 - 5/21/2017, Weekdays, PM Peak",1372,967,1945
"885","1 Lincoln St, Boston, MA","137","0 Badger Road, Framingham","4/7/2017 - 5/21/2017, Weekdays, PM Peak",2726,2098,3541
"885","1 Lincoln St, Boston, MA","140","100 Montclair Avenue, Quincy","4/7/2017 - 5/21/2017, Weekdays, PM Peak",1181,831,1678
"885","1 Lincoln St, Boston, MA","141","0 Brooks Avenue, Quincy","4/7/2017 - 5/21/2017, Weekdays, PM Peak",1766,1244,2506
"885","1 Lincoln St, Boston, MA","144","900 Massachusetts 139, Stoughton","4/7/2017 - 5/21/2017, Weekdays, PM Peak",2460,1859,3253
"885","1 Lincoln St, Boston, MA","150","Monastery Path, Brighton, Boston","4/7/2017 - 5/21/2017, Weekdays, PM Peak",1239,852,1800
"885","1 Lincoln St, Boston, MA","151","300 Commercial Street, North End, Boston","4/7/2017 - 5/21/2017, Weekdays, PM Peak",706,464,1073
"885","1 Lincoln St, Boston, MA","152","400 Border Street, East Boston, Boston","4/7/2017 - 5/21/2017, Weekdays, PM Peak",1282,900,1825
"885","1 Lincoln St, Boston, MA","153","200 Marginal Street, Jeffries Point, Boston","4/7/2017 - 5/21/2017, Weekdays, PM Peak",701,408,1203
"885","1 Lincoln St, Boston, MA","154","700 Washington Street, Downtown, Boston","4/7/2017 - 5/21/2017, Weekdays, PM Peak",289,99,839
"885","1 Lincoln St, Boston, MA","155","100 West Springfield Street, South End, Boston","4/7/2017 - 5/21/2017, Weekdays, PM Peak",781,526,1159
"885","1 Lincoln St, Boston, MA","156","0 Academy Road, Roxbury, Boston","4/7/2017 - 5/21/2017, Weekdays, PM Peak",1304,916,1856
"885","1 Lincoln St, Boston, MA","157","100 Train Street, Dorchester, Boston","4/7/2017 - 5/21/2017, Weekdays, PM Peak",1453,1054,2001
"885","1 Lincoln St, Boston, MA","158","100 Sycamore Street, Roslindale, Boston","4/7/2017 - 5/21/2017, Weekdays, PM Peak",2500,2035,3070
"885","1 Lincoln St, Boston, MA","159","0 Congress Avenue, Chelsea","4/7/2017 - 5/21/2017, Weekdays, PM Peak",1351,865,2108
"885","1 Lincoln St, Boston, MA","160","0 Franklin Place, Revere","4/7/2017 - 5/21/2017, Weekdays, PM Peak",1420,1050,1919
"885","1 Lincoln St, Boston, MA","161","0 William Fairfield Drive, Wenham","4/7/2017 - 5/21/2017, Weekdays, PM Peak",3057,2505,3729
"885","1 Lincoln St, Boston, MA","167","0 Miner Street, Fenway/Kenmore, Boston","4/7/2017 - 5/21/2017, Weekdays, PM Peak",1195,785,1818
"885","1 Lincoln St, Boston, MA","170","0 Stowe Road, Sandwich","4/7/2017 - 5/21/2017, Weekdays, PM Peak",4686,4148,5292
"885","1 Lincoln St, Boston, MA","171","0 Andrew Road, Sagamore Beach, Bourne","4/7/2017 - 5/21/2017, Weekdays, PM Peak",4562,3873,5372
"885","1 Lincoln St, Boston, MA","172","100 Poquanticut Avenue, North Easton, Easton","4/7/2017 - 5/21/2017, Weekdays, PM Peak",3121,2374,4102
"885","1 Lincoln St, Boston, MA","175","0 Hazelwood Avenue, Attleboro","4/7/2017 - 5/21/2017, Weekdays, PM Peak",3630,2849,4623
"885","1 Lincoln St, Boston, MA","184","0 South Street, Lynn","4/7/2017 - 5/21/2017, Weekdays, PM Peak",2181,1624,2928
"885","1 Lincoln St, Boston, MA","192","0 Fazio Farm Road, Georgetown","4/7/2017 - 5/21/2017, Weekdays, PM Peak",3066,2580,3642
"885","1 Lincoln St, Boston, MA","197","100 Beach Street, Marlborough","4/7/2017 - 5/21/2017, Weekdays, PM Peak",3190,2705,3761
"885","1 Lincoln St, Boston, MA","199","0 Burlington Street, Woburn","4/7/2017 - 5/21/2017, Weekdays, PM Peak",2412,2246,2589
"885","1 Lincoln St, Boston, MA","200","100 Orange Street, Reading","4/7/2017 - 5/21/2017, Weekdays, PM Peak",1954,1393,2740
"885","1 Lincoln St, Boston, MA","201","0 Cleveland Street, Melrose","4/7/2017 - 5/21/2017, Weekdays, PM Peak",1936,1451,2581
"885","1 Lincoln St, Boston, MA","202","0 Girard Road, Winchester","4/7/2017 - 5/21/2017, Weekdays, PM Peak",1927,1475,2516
"885","1 Lincoln St, Boston, MA","203","0 Hall Street, Medford","4/7/2017 - 5/21/2017, Weekdays, PM Peak",1175,781,1766
"885","1 Lincoln St, Boston, MA","204","0 Mohan Street, Everett","4/7/2017 - 5/21/2017, Weekdays, PM Peak",1773,1384,2271
"885","1 Lincoln St, Boston, MA","205","0 Cutler Street, Magoun Square, Somerville","4/7/2017 - 5/21/2017, Weekdays, PM Peak",1527,1109,2100
"885","1 Lincoln St, Boston, MA","206","0 Claremon Street, Teele Square, Somerville","4/7/2017 - 5/21/2017, Weekdays, PM Peak",2024,1572,2605
"885","1 Lincoln St, Boston, MA","207","0 Museum Way, East Cambridge, Cambridge","4/7/2017 - 5/21/2017, Weekdays, PM Peak",873,536,1420
"885","1 Lincoln St, Boston, MA","208","0 Jefferson Street, Wellington-Harrington, Cambridge","4/7/2017 - 5/21/2017, Weekdays, PM Peak",1452,1036,2033
"885","1 Lincoln St, Boston, MA","209","100 Magazine Street, Cambridgeport, Cambridge","4/7/2017 - 5/21/2017, Weekdays, PM Peak",1147,722,1821
"885","1 Lincoln St, Boston, MA","210","0 Cowperthwaite Garage, Cowperthwaite Street, Riverside, Cambridge","4/7/2017 - 5/21/2017, Weekdays, PM Peak",1151,801,1653
"885","1 Lincoln St, Boston, MA","211","0 Haskell Street, North Cambridge, Cambridge","4/7/2017 - 5/21/2017, Weekdays, PM Peak",2136,1726,2643
"885","1 Lincoln St, Boston, MA","212","100 Claremont Avenue, Arlington","4/7/2017 - 5/21/2017, Weekdays, PM Peak",2427,1867,3154
"885","1 Lincoln St, Boston, MA","213","0 Gorham Road, Belmont","4/7/2017 - 5/21/2017, Weekdays, PM Peak",1720,1419,2084
"885","1 Lincoln St, Boston, MA","214","0 Valley View Road, Weston","4/7/2017 - 5/21/2017, Weekdays, PM Peak",2113,1547,2884
"885","1 Lincoln St, Boston, MA","215","0 Rose Avenue, Watertown","4/7/2017 - 5/21/2017, Weekdays, PM Peak",1709,1306,2235
"885","1 Lincoln St, Boston, MA","216","200 Cabot Street, Newtonville, Newton","4/7/2017 - 5/21/2017, Weekdays, PM Peak",1505,1059,2137
"885","1 Lincoln St, Boston, MA","217","0 Hartford Street, Natick","4/7/2017 - 5/21/2017, Weekdays, PM Peak",2568,1859,3546
"885","1 Lincoln St, Boston, MA","220","100 Coolidge Street, North Brookline, Brookline","4/7/2017 - 5/21/2017, Weekdays, PM Peak",1524,1088,2133
"885","1 Lincoln St, Boston, MA","221","0 Colbourne Crescent, Aspinwall Hill, Brookline","4/7/2017 - 5/21/2017, Weekdays, PM Peak",1725,1336,2226
"885","1 Lincoln St, Boston, MA","222","0 Walnut Place, High Street Hill, Brookline","4/7/2017 - 5/21/2017, Weekdays, PM Peak",1840,1420,2384
"885","1 Lincoln St, Boston, MA","223","0 Berkshire Road, Babson Park, Wellesley","4/7/2017 - 5/21/2017, Weekdays, PM Peak",2098,1642,2679
"885","1 Lincoln St, Boston, MA","225","0 Longmeadow Drive, Westwood","4/7/2017 - 5/21/2017, Weekdays, PM Peak",2382,1802,3147
"885","1 Lincoln St, Boston, MA","227","1100 Commonwealth Avenue, Allston, Boston","4/7/2017 - 5/21/2017, Weekdays, PM Peak",1411,995,1999
"885","1 Lincoln St, Boston, MA","228","200 Central Avenue, Milton","4/7/2017 - 5/21/2017, Weekdays, PM Peak",1586,1112,2260
"885","1 Lincoln St, Boston, MA","229","100 Main Street, Quincy","4/7/2017 - 5/21/2017, Weekdays, PM Peak",2115,1669,2679
"885","1 Lincoln St, Boston, MA","230","0 Saddle Row, Plainville","4/7/2017 - 5/21/2017, Weekdays, PM Peak",3380,2690,4245
"885","1 Lincoln St, Boston, MA","231","100 Pearl Street, Stoughton","4/7/2017 - 5/21/2017, Weekdays, PM Peak",2953,2617,3332
"885","1 Lincoln St, Boston, MA","232","0 Free Street, Hingham","4/7/2017 - 5/21/2017, Weekdays, PM Peak",2504,1985,3157
"885","1 Lincoln St, Boston, MA","237","Fall River Expressway, Brockton","4/7/2017 - 5/21/2017, Weekdays, PM Peak",2884,2261,3677
"885","1 Lincoln St, Boston, MA","241","100 Colborne Road, Brighton, Boston","4/7/2017 - 5/21/2017, Weekdays, PM Peak",1449,1072,1957
"885","1 Lincoln St, Boston, MA","242","0 Park Street, Charlestown, Boston","4/7/2017 - 5/21/2017, Weekdays, PM Peak",804,558,1157
"885","1 Lincoln St, Boston, MA","243","0 San Juan Street, South End, Boston","4/7/2017 - 5/21/2017, Weekdays, PM Peak",724,494,1060
"885","1 Lincoln St, Boston, MA","244","500 Columbus Avenue, South End, Boston","4/7/2017 - 5/21/2017, Weekdays, PM Peak",864,617,1208
"885","1 Lincoln St, Boston, MA","245","100 Saint Alphonsus Street, Mission Hill, Boston","4/7/2017 - 5/21/2017, Weekdays, PM Peak",1373,1017,1852
"885","1 Lincoln St, Boston, MA","246","300 Mount Vernon Street, Dorchester, Boston","4/7/2017 - 5/21/2017, Weekdays, PM Peak",1009,680,1496
"885","1 Lincoln St, Boston, MA","247","0 Bowdoin Avenue, Dorchester, Boston","4/7/2017 - 5/21/2017, Weekdays, PM Peak",1711,1344,2177
"885","1 Lincoln St, Boston, MA","248","0 Evans Street, West Codman Hill / West Lower Mills, Dorchester Center, Boston","4/7/2017 - 5/21/2017, Weekdays, PM Peak",1711,1273,2298
"885","1 Lincoln St, Boston, MA","249","200 River Street, Mattapan, Boston","4/7/2017 - 5/21/2017, Weekdays, PM Peak",2010,1454,2778
"885","1 Lincoln St, Boston, MA","250","0 Gretter Road, West Roxbury, Boston","4/7/2017 - 5/21/2017, Weekdays, PM Peak",2148,1787,2581
"885","1 Lincoln St, Boston, MA","251","0 Grotto Glen Road, Jamaica Plain, Boston","4/7/2017 - 5/21/2017, Weekdays, PM Peak",1598,1190,2144
"885","1 Lincoln St, Boston, MA","252","0 Grove Street, West Roxbury, Boston","4/7/2017 - 5/21/2017, Weekdays, PM Peak",2552,2029,3209
"885","1 Lincoln St, Boston, MA","253","0 Kimball Road, Chelsea","4/7/2017 - 5/21/2017, Weekdays, PM Peak",1107,742,1650
"885","1 Lincoln St, Boston, MA","254","1200 North Shore Road, Revere","4/7/2017 - 5/21/2017, Weekdays, PM Peak",1596,1191,2138
"885","1 Lincoln St, Boston, MA","255","Rosedale Avenue, Forest Hills / Woodbourne, Boston","4/7/2017 - 5/21/2017, Weekdays, PM Peak",1962,1477,2606
"885","1 Lincoln St, Boston, MA","261","0 6th Street, Arefth, Cambridge","4/7/2017 - 5/21/2017, Weekdays, PM Peak",1238,835,1833
"885","1 Lincoln St, Boston, MA","270","0 Sugar Hill Circle, Methuen","4/7/2017 - 5/21/2017, Weekdays, PM Peak",2732,2188,3410
"885","1 Lincoln St, Boston, MA","273","500 Trull Road, North Tewksbury, Tewksbury","4/7/2017 - 5/21/2017, Weekdays, PM Peak",3623,3070,4274
"885","1 Lincoln St, Boston, MA","275","0 Theresa Road, Stoneham","4/7/2017 - 5/21/2017, Weekdays, PM Peak",2125,1762,2561
"885","1 Lincoln St, Boston, MA","276","0 Howard Street, Malden","4/7/2017 - 5/21/2017, Weekdays, PM Peak",1702,1280,2261
"885","1 Lincoln St, Boston, MA","277","0 Edwin H Land Boulevard, East Cambridge, Cambridge","4/7/2017 - 5/21/2017, Weekdays, PM Peak",1033,666,1601
"885","1 Lincoln St, Boston, MA","279","200 Seminole Avenue, Lakeview, Waltham","4/7/2017 - 5/21/2017, Weekdays, PM Peak",2284,1578,3304
"885","1 Lincoln St, Boston, MA","280","0 Linder Terrace, Hunnewell Hill, Newton","4/7/2017 - 5/21/2017, Weekdays, PM Peak",1002,664,1510
"885","1 Lincoln St, Boston, MA","281","0 Meadowbrook Road, Quincy","4/7/2017 - 5/21/2017, Weekdays, PM Peak",1490,1128,1968
"885","1 Lincoln St, Boston, MA","282","0 Pleasant View Avenue, Braintree","4/7/2017 - 5/21/2017, Weekdays, PM Peak",1958,1221,3139
"885","1 Lincoln St, Boston, MA","283","0 Squibnocket Road, Franklin","4/7/2017 - 5/21/2017, Weekdays, PM Peak",3840,3141,4693
"885","1 Lincoln St, Boston, MA","285","100 Foster Street, Brighton, Boston","4/7/2017 - 5/21/2017, Weekdays, PM Peak",1548,1141,2099
"885","1 Lincoln St, Boston, MA","286","0 Border Street, East Boston, Boston","4/7/2017 - 5/21/2017, Weekdays, PM Peak",880,587,1317
"885","1 Lincoln St, Boston, MA","287","0 Murray Way, South Boston, Boston","4/7/2017 - 5/21/2017, Weekdays, PM Peak",1002,702,1428
"885","1 Lincoln St, Boston, MA","288","0 Wakullah Street, Roxbury, Boston","4/7/2017 - 5/21/2017, Weekdays, PM Peak",1123,796,1583
"885","1 Lincoln St, Boston, MA","289","500 Baker Street, West Roxbury, Boston","4/7/2017 - 5/21/2017, Weekdays, PM Peak",2380,1518,3729
"885","1 Lincoln St, Boston, MA","290","100 Tremont Street, Boston","4/7/2017 - 5/21/2017, Weekdays, PM Peak",331,113,964
"885","1 Lincoln St, Boston, MA","294","0 Chelsea Street, East Boston, Boston","4/7/2017 - 5/21/2017, Weekdays, PM Peak",882,590,1318
"885","1 Lincoln St, Boston, MA","296","0 Cleverly Court, Quincy","4/7/2017 - 5/21/2017, Weekdays, PM Peak",1906,1375,2640
"885","1 Lincoln St, Boston, MA","297","100 Arlington Street, Bay Village, Boston","4/7/2017 - 5/21/2017, Weekdays, PM Peak",463,157,1359
"885","1 Lincoln St, Boston, MA","298","100 Whitford Street, Roslindale, Boston","4/7/2017 - 5/21/2017, Weekdays, PM Peak",2506,1920,3269
"885","1 Lincoln St, Boston, MA","299","0 Round Hill Street, Jamaica Plain, Boston","4/7/2017 - 5/21/2017, Weekdays, PM Peak",1380,991,1920
"885","1 Lincoln St, Boston, MA","301","0 John J Brady Drive, Framingham","4/7/2017 - 5/21/2017, Weekdays, PM Peak",2685,1863,3868
"885","1 Lincoln St, Boston, MA","302","0 Leon Street, Fenway/Kenmore, Boston","4/7/2017 - 5/21/2017, Weekdays, PM Peak",1092,780,1528
"885","1 Lincoln St, Boston, MA","303","200 Old County Road, East Sandwich, Sandwich","4/7/2017 - 5/21/2017, Weekdays, PM Peak",4666,4130,5270
"885","1 Lincoln St, Boston, MA","310","0 Sharon Street, Malden","4/7/2017 - 5/21/2017, Weekdays, PM Peak",1731,1391,2153
"885","1 Lincoln St, Boston, MA","311","800 Monument Street, Concord","4/7/2017 - 5/21/2017, Weekdays, PM Peak",2737,1901,3939
"885","1 Lincoln St, Boston, MA","313","0 Pond Plain Road, Westwood","4/7/2017 - 5/21/2017, Weekdays, PM Peak",2697,2197,3309
"885","1 Lincoln St, Boston, MA","314","1000 Pleasant Street, East Weymouth, Weymouth","4/7/2017 - 5/21/2017, Weekdays, PM Peak",2526,1882,3389
"885","1 Lincoln St, Boston, MA","316","Edgeworth, Charlestown, Boston","4/7/2017 - 5/21/2017, Weekdays, PM Peak",879,592,1303
"885","1 Lincoln St, Boston, MA","317","100 Bowen Street, D Street / West Broadway, Boston","4/7/2017 - 5/21/2017, Weekdays, PM Peak",793,529,1187
"885","1 Lincoln St, Boston, MA","318","0 Stella Road, Roslindale, Boston","4/7/2017 - 5/21/2017, Weekdays, PM Peak",2150,1618,2856
"885","1 Lincoln St, Boston, MA","320","0 Pleasant Street, North Brookline, Brookline","4/7/2017 - 5/21/2017, Weekdays, PM Peak",1540,1169,2027
"885","1 Lincoln St, Boston, MA","327","0 Labelle Street, Marlborough","4/7/2017 - 5/21/2017, Weekdays, PM Peak",3299,2709,4016
"885","1 Lincoln St, Boston, MA","328","0 Clinton Street, Everett","4/7/2017 - 5/21/2017, Weekdays, PM Peak",1617,1248,2094
"885","1 Lincoln St, Boston, MA","329","0 Tyler Street, Ward Two, Somerville","4/7/2017 - 5/21/2017, Weekdays, PM Peak",1565,1176,2082
"885","1 Lincoln St, Boston, MA","330","100 Vassal Lane, West Cambridge, Cambridge","4/7/2017 - 5/21/2017, Weekdays, PM Peak",1600,1102,2321
"885","1 Lincoln St, Boston, MA","331","0 Seaport Drive, Marina Bay, Quincy","4/7/2017 - 5/21/2017, Weekdays, PM Peak",1219,853,1740
"885","1 Lincoln St, Boston, MA","332","100 Wolf Pond Road, Kingston","4/7/2017 - 5/21/2017, Weekdays, PM Peak",3790,3088,4650
"885","1 Lincoln St, Boston, MA","333","0 Huntington Avenue, Prudential / St. Botolph, Boston","4/7/2017 - 5/21/2017, Weekdays, PM Peak",592,218,1604
"885","1 Lincoln St, Boston, MA","334","0 Westbourne Street, Roslindale, Boston","4/7/2017 - 5/21/2017, Weekdays, PM Peak",2610,2153,3162
"885","1 Lincoln St, Boston, MA","335","100 Everett Avenue, Chelsea","4/7/2017 - 5/21/2017, Weekdays, PM Peak",1061,681,1652
"885","1 Lincoln St, Boston, MA","339","0 Autumn Lane, Natick","4/7/2017 - 5/21/2017, Weekdays, PM Peak",2999,2466,3647
"885","1 Lincoln St, Boston, MA","340","0 Bent Avenue, Cochituate, Wayland","4/7/2017 - 5/21/2017, Weekdays, PM Peak",2077,1509,2858
"885","1 Lincoln St, Boston, MA","341","0 Fountain Avenue, East Somerville, Somerville","4/7/2017 - 5/21/2017, Weekdays, PM Peak",1196,834,1714
"885","1 Lincoln St, Boston, MA","345","0 West Street, Auburn","4/7/2017 - 5/21/2017, Weekdays, PM Peak",4245,3575,5040
"885","1 Lincoln St, Boston, MA","346","0 Meadowbrook Road, Grafton","4/7/2017 - 5/21/2017, Weekdays, PM Peak",3461,2911,4113
"885","1 Lincoln St, Boston, MA","350","0 Morey Way, Milford","4/7/2017 - 5/21/2017, Weekdays, PM Peak",3669,2827,4761
"885","1 Lincoln St, Boston, MA","353","100 Burt Street, Norton","4/7/2017 - 5/21/2017, Weekdays, PM Peak",3731,2982,4667
"885","1 Lincoln St, Boston, MA","357","500 County Street, Taunton","4/7/2017 - 5/21/2017, Weekdays, PM Peak",3741,3135,4463
"885","1 Lincoln St, Boston, MA","359","100 Colonial Road, North Attleborough Center, North Attleborough","4/7/2017 - 5/21/2017, Weekdays, PM Peak",3713,2899,4754
"885","1 Lincoln St, Boston, MA","360","0 Landsdowne Street, MIT, Cambridge","4/7/2017 - 5/21/2017, Weekdays, PM Peak",1242,899,1715
"885","1 Lincoln St, Boston, MA","361","0 Hayes Street, Riverside, Cambridge","4/7/2017 - 5/21/2017, Weekdays, PM Peak",1175,836,1651
"885","1 Lincoln St, Boston, MA","362","0 Roberts Road, Mid-Cambridge, Cambridge","4/7/2017 - 5/21/2017, Weekdays, PM Peak",1441,1014,2047
"885","1 Lincoln St, Boston, MA","363","0 Channing Street, West Cambridge, Cambridge","4/7/2017 - 5/21/2017, Weekdays, PM Peak",1296,950,1767
"885","1 Lincoln St, Boston, MA","364","0 Richard Avenue, North Cambridge, Cambridge","4/7/2017 - 5/21/2017, Weekdays, PM Peak",2116,1562,2864
"885","1 Lincoln St, Boston, MA","365","100 Palmer Street, Arlington","4/7/2017 - 5/21/2017, Weekdays, PM Peak",1942,1467,2569
"885","1 Lincoln St, Boston, MA","366","0 Eastern Avenue, Arlington","4/7/2017 - 5/21/2017, Weekdays, PM Peak",2394,1841,3112
"885","1 Lincoln St, Boston, MA","367","0 Pleasant Street, Lexington","4/7/2017 - 5/21/2017, Weekdays, PM Peak",2470,1896,3216
"885","1 Lincoln St, Boston, MA","368","0 Hayden Avenue, Lexington","4/7/2017 - 5/21/2017, Weekdays, PM Peak",2339,1684,3247
"885","1 Lincoln St, Boston, MA","369","200 Waltham Street, Lexington","4/7/2017 - 5/21/2017, Weekdays, PM Peak",2591,1780,3770
"885","1 Lincoln St, Boston, MA","370","100 Old Billerica Road, Bedford","4/7/2017 - 5/21/2017, Weekdays, PM Peak",2960,1789,4897
"885","1 Lincoln St, Boston, MA","372","0 Clara Barton Road, North Oxford, Oxford","4/7/2017 - 5/21/2017, Weekdays, PM Peak",4432,3692,5319
"885","1 Lincoln St, Boston, MA","374","0 Connector Road, Westborough","4/7/2017 - 5/21/2017, Weekdays, PM Peak",3101,2443,3935
"885","1 Lincoln St, Boston, MA","375","0 Mason Street, Attleboro","4/7/2017 - 5/21/2017, Weekdays, PM Peak",3766,2958,4794
"885","1 Lincoln St, Boston, MA","378","Gated Fire Lane, Westport","4/7/2017 - 5/21/2017, Weekdays, PM Peak",4367,3814,4999
"885","1 Lincoln St, Boston, MA","380","0 3 Ponds Road, Wayland","4/7/2017 - 5/21/2017, Weekdays, PM Peak",2845,2135,3789
"885","1 Lincoln St, Boston, MA","385","0 Sandy Pond Road, Lincoln","4/7/2017 - 5/21/2017, Weekdays, PM Peak",2543,1858,3479
"885","1 Lincoln St, Boston, MA","386","800 Sudbury Road, Concord","4/7/2017 - 5/21/2017, Weekdays, PM Peak",2739,2021,3711
"885","1 Lincoln St, Boston, MA","391","0 Colonial Way, Weston","4/7/2017 - 5/21/2017, Weekdays, PM Peak",1568,1112,2210
"885","1 Lincoln St, Boston, MA","400","400 Slosberg Music Center, South Street, Brandeis, Waltham","4/7/2017 - 5/21/2017, Weekdays, PM Peak",1746,1280,2380
"885","1 Lincoln St, Boston, MA","401","Cottage Street, North Waltham, Waltham","4/7/2017 - 5/21/2017, Weekdays, PM Peak",2017,1608,2529
"885","1 Lincoln St, Boston, MA","402","100 Edward Road, Watertown","4/7/2017 - 5/21/2017, Weekdays, PM Peak",1450,999,2103
"885","1 Lincoln St, Boston, MA","403","0 Rossmere Street, Newtonville, Newton","4/7/2017 - 5/21/2017, Weekdays, PM Peak",1174,803,1714
"885","1 Lincoln St, Boston, MA","404","200 Herrick Road, Newton Centre, Newton","4/7/2017 - 5/21/2017, Weekdays, PM Peak",1947,1402,2703
"885","1 Lincoln St, Boston, MA","405","Upper Falls Greenway, Newton Highlands, Newton","4/7/2017 - 5/21/2017, Weekdays, PM Peak",2096,1483,2961
"885","1 Lincoln St, Boston, MA","406","100 Oak Street, Natick","4/7/2017 - 5/21/2017, Weekdays, PM Peak",2072,1483,2894
"885","1 Lincoln St, Boston, MA","407","0 Riverbend Drive, Natick","4/7/2017 - 5/21/2017, Weekdays, PM Peak",2740,2141,3506
"885","1 Lincoln St, Boston, MA","409","0 Chouteau Avenue, Framingham","4/7/2017 - 5/21/2017, Weekdays, PM Peak",2281,1688,3082
"885","1 Lincoln St, Boston, MA","412","100 Washington Street, North Easton, Easton","4/7/2017 - 5/21/2017, Weekdays, PM Peak",2905,2167,3892
"885","1 Lincoln St, Boston, MA","413","200 Marion Street, Central-Maverick Square / Paris Street, Boston","4/7/2017 - 5/21/2017, Weekdays, PM Peak",1083,694,1688
"885","1 Lincoln St, Boston, MA","415","0 Pickwick Road, Marblehead","4/7/2017 - 5/21/2017, Weekdays, PM Peak",3312,2989,3668
"885","1 Lincoln St, Boston, MA","420","0 Warren Avenue, Saugus","4/7/2017 - 5/21/2017, Weekdays, PM Peak",2250,1550,3264
"885","1 Lincoln St, Boston, MA","424","200 Warren Street, Brookline","4/7/2017 - 5/21/2017, Weekdays, PM Peak",2062,1578,2693
"885","1 Lincoln St, Boston, MA","425","200 Bolton Street, D Street / West Broadway, Boston","4/7/2017 - 5/21/2017, Weekdays, PM Peak",683,473,986
"885","1 Lincoln St, Boston, MA","426","0 Ledgewood Road, Dedham","4/7/2017 - 5/21/2017, Weekdays, PM Peak",2332,1700,3198
"885","1 Lincoln St, Boston, MA","427","400 Charles River Street, Needham","4/7/2017 - 5/21/2017, Weekdays, PM Peak",2319,1822,2951
"885","1 Lincoln St, Boston, MA","428","0 Dukes Road, Wellesley Hills, Wellesley","4/7/2017 - 5/21/2017, Weekdays, PM Peak",2221,1620,3043
"885","1 Lincoln St, Boston, MA","429","0 High Street, Medfield","4/7/2017 - 5/21/2017, Weekdays, PM Peak",3471,2992,4025
"885","1 Lincoln St, Boston, MA","430","300 Central Street, Saugus","4/7/2017 - 5/21/2017, Weekdays, PM Peak",1756,1288,2393
"885","1 Lincoln St, Boston, MA","431","0 East Huckleberry Road, Lynnfield","4/7/2017 - 5/21/2017, Weekdays, PM Peak",2323,1717,3142
"885","1 Lincoln St, Boston, MA","432","0 Irving Street, Peabody","4/7/2017 - 5/21/2017, Weekdays, PM Peak",2513,1940,3253
"885","1 Lincoln St, Boston, MA","433","0 Sherwood Avenue, Danvers","4/7/2017 - 5/21/2017, Weekdays, PM Peak",2740,2162,3471
"885","1 Lincoln St, Boston, MA","434","200 Newburyport Turnpike, Topsfield","4/7/2017 - 5/21/2017, Weekdays, PM Peak",2619,2156,3180
"885","1 Lincoln St, Boston, MA","435","300 Harrison Avenue, South End, Boston","4/7/2017 - 5/21/2017, Weekdays, PM Peak",333,87,1271
"885","1 Lincoln St, Boston, MA","440","0 Ridge Road, Foxborough, Foxborough","4/7/2017 - 5/21/2017, Weekdays, PM Peak",3117,2462,3945
"885","1 Lincoln St, Boston, MA","441","0 Currier Farm Road, Westwood","4/7/2017 - 5/21/2017, Weekdays, PM Peak",2464,1772,3424
"885","1 Lincoln St, Boston, MA","444","0 Cedarcrest Road, Canton","4/7/2017 - 5/21/2017, Weekdays, PM Peak",2485,1856,3325
"885","1 Lincoln St, Boston, MA","445","1400 Canton Avenue, Milton","4/7/2017 - 5/21/2017, Weekdays, PM Peak",2052,1495,2815
"885","1 Lincoln St, Boston, MA","446","0 Colby Road, North Quincy, Quincy","4/7/2017 - 5/21/2017, Weekdays, PM Peak",1256,919,1714
"885","1 Lincoln St, Boston, MA","447","0 Murphy Memorial Drive, Quincy","4/7/2017 - 5/21/2017, Weekdays, PM Peak",1564,1226,1994
"885","1 Lincoln St, Boston, MA","448","200 Ricciuti Drive, Quincy","4/7/2017 - 5/21/2017, Weekdays, PM Peak",1453,995,2120
"885","1 Lincoln St, Boston, MA","456","1600 Turnpike Street, North Andover","4/7/2017 - 5/21/2017, Weekdays, PM Peak",3010,2634,3438
"885","1 Lincoln St, Boston, MA","457","0 Sagamore Drive, Andover","4/7/2017 - 5/21/2017, Weekdays, PM Peak",2655,2137,3297
"885","1 Lincoln St, Boston, MA","459","0 Farm Road, Braintree","4/7/2017 - 5/21/2017, Weekdays, PM Peak",1926,1354,2738
"885","1 Lincoln St, Boston, MA","460","0 Connell Street, Braintree","4/7/2017 - 5/21/2017, Weekdays, PM Peak",2185,1588,3005
"885","1 Lincoln St, Boston, MA","461","200 King Hill Road, Braintree","4/7/2017 - 5/21/2017, Weekdays, PM Peak",1972,1401,2773
"885","1 Lincoln St, Boston, MA","462","Fall River Expressway, Randolph","4/7/2017 - 5/21/2017, Weekdays, PM Peak",1995,1370,2903
"885","1 Lincoln St, Boston, MA","463","0 Alfred Terrace, Randolph","4/7/2017 - 5/21/2017, Weekdays, PM Peak",2260,2003,2549
"885","1 Lincoln St, Boston, MA","464","100 Swan Avenue, South Weymouth, Weymouth","4/7/2017 - 5/21/2017, Weekdays, PM Peak",3077,2400,3944
"885","1 Lincoln St, Boston, MA","465","100 Wingate Road, East Weymouth, Weymouth","4/7/2017 - 5/21/2017, Weekdays, PM Peak",2493,2014,3085
"885","1 Lincoln St, Boston, MA","473","0 Alderwood Road, Stoughton","4/7/2017 - 5/21/2017, Weekdays, PM Peak",3040,2486,3716
"885","1 Lincoln St, Boston, MA","475","Glacier Lane, Hingham","4/7/2017 - 5/21/2017, Weekdays, PM Peak",2852,2356,3451
"885","1 Lincoln St, Boston, MA","482","0 Hidden Valley Road, Marshfield","4/7/2017 - 5/21/2017, Weekdays, PM Peak",3218,2600,3982
"885","1 Lincoln St, Boston, MA","486","100 South Meadow Road, Plymouth","4/7/2017 - 5/21/2017, Weekdays, PM Peak",4067,3215,5144
"885","1 Lincoln St, Boston, MA","487","500 Main Street, Medford Street / The Neck, Boston","4/7/2017 - 5/21/2017, Weekdays, PM Peak",830,510,1350
"885","1 Lincoln St, Boston, MA","488","Snake Hill Road, Plymouth","4/7/2017 - 5/21/2017, Weekdays, PM Peak",4001,3336,4797
"885","1 Lincoln St, Boston, MA","491","0 Haverford Street, Jamaica Plain, Boston","4/7/2017 - 5/21/2017, Weekdays, PM Peak",1488,1127,1964
"885","1 Lincoln St, Boston, MA","492","0 Princeton Street, East Boston, Boston","4/7/2017 - 5/21/2017, Weekdays, PM Peak",1125,812,1557
"885","1 Lincoln St, Boston, MA","493","Allston Street, Brighton, Boston","4/7/2017 - 5/21/2017, Weekdays, PM Peak",1593,1181,2147
"885","1 Lincoln St, Boston, MA","494","0 Glenville Avenue, Allston, Boston","4/7/2017 - 5/21/2017, Weekdays, PM Peak",1296,916,1832
"885","1 Lincoln St, Boston, MA","495","300 Brookline Avenue, Medical Center Area, Boston","4/7/2017 - 5/21/2017, Weekdays, PM Peak",1340,981,1829
"885","1 Lincoln St, Boston, MA","496","0 Newbury Street, Back Bay East, Boston","4/7/2017 - 5/21/2017, Weekdays, PM Peak",753,500,1133
"885","1 Lincoln St, Boston, MA","497","0 Blossom Street, West End, Boston","4/7/2017 - 5/21/2017, Weekdays, PM Peak",685,401,1168
"885","1 Lincoln St, Boston, MA","498","0 Causeway Street, West End, Boston","4/7/2017 - 5/21/2017, Weekdays, PM Peak",583,322,1053
"885","1 Lincoln St, Boston, MA","499","0 Elm Street, Charlestown, Boston","4/7/2017 - 5/21/2017, Weekdays, PM Peak",1012,742,1379
"885","1 Lincoln St, Boston, MA","500","Tobin Memorial Bridge, Charlestown, Boston","4/7/2017 - 5/21/2017, Weekdays, PM Peak",914,625,1336
"885","1 Lincoln St, Boston, MA","501","0 P Street, South Boston, Boston","4/7/2017 - 5/21/2017, Weekdays, PM Peak",761,536,1080
"885","1 Lincoln St, Boston, MA","502","600 East Fifth Street, South Boston, Boston","4/7/2017 - 5/21/2017, Weekdays, PM Peak",785,559,1100
"885","1 Lincoln St, Boston, MA","503","0 Eustis Street, Roxbury, Boston","4/7/2017 - 5/21/2017, Weekdays, PM Peak",790,497,1255
"885","1 Lincoln St, Boston, MA","504","0 Francis Street, Fenway/Kenmore, Boston","4/7/2017 - 5/21/2017, Weekdays, PM Peak",1523,1176,1971
"885","1 Lincoln St, Boston, MA","505","100 Harold Street, Roxbury, Boston","4/7/2017 - 5/21/2017, Weekdays, PM Peak",1436,1059,1946
"885","1 Lincoln St, Boston, MA","506","0 Schuyler Street, Dorchester, Boston","4/7/2017 - 5/21/2017, Weekdays, PM Peak",1568,1173,2095
"885","1 Lincoln St, Boston, MA","507","0 Burrell Street, Roxbury, Boston","4/7/2017 - 5/21/2017, Weekdays, PM Peak",1104,780,1561
"885","1 Lincoln St, Boston, MA","508","0 Stoughton Street, Dorchester, Boston","4/7/2017 - 5/21/2017, Weekdays, PM Peak",1192,793,1791
"885","1 Lincoln St, Boston, MA","509","0 Homes Avenue, Dorchester, Boston","4/7/2017 - 5/21/2017, Weekdays, PM Peak",1512,1100,2078
"885","1 Lincoln St, Boston, MA","510","0 Dakota Street, Dorchester, Dorchester Center, Boston","4/7/2017 - 5/21/2017, Weekdays, PM Peak",1577,1141,2177
"885","1 Lincoln St, Boston, MA","511","0 Fairmount Street, Dorchester, Dorchester Center, Boston","4/7/2017 - 5/21/2017, Weekdays, PM Peak",1667,1075,2583
"885","1 Lincoln St, Boston, MA","512","1000 Adams Street, Dorchester, Dorchester Center, Boston","4/7/2017 - 5/21/2017, Weekdays, PM Peak",1399,926,2111
"885","1 Lincoln St, Boston, MA","521","0 Hosmer Street, Mattapan, Boston","4/7/2017 - 5/21/2017, Weekdays, PM Peak",2038,1533,2708
"885","1 Lincoln St, Boston, MA","522","100 Durnell Avenue, Roslindale, Boston","4/7/2017 - 5/21/2017, Weekdays, PM Peak",2677,2122,3375
"885","1 Lincoln St, Boston, MA","523","0 Woodland Road, Jamaica Plain, Boston","4/7/2017 - 5/21/2017, Weekdays, PM Peak",1950,1509,2519
"885","1 Lincoln St, Boston, MA","524","100 Laurie Avenue, Upper Washington / Spring Street, Boston","4/7/2017 - 5/21/2017, Weekdays, PM Peak",2509,1983,3174
"885","1 Lincoln St, Boston, MA","525","0 Parkson Street, Hyde Park, Boston","4/7/2017 - 5/21/2017, Weekdays, PM Peak",2137,1743,2619
"885","1 Lincoln St, Boston, MA","526","0 Orange Street, Chelsea","4/7/2017 - 5/21/2017, Weekdays, PM Peak",1248,836,1861
"885","1 Lincoln St, Boston, MA","527","200 Beach Street, Revere","4/7/2017 - 5/21/2017, Weekdays, PM Peak",1381,887,2149
"885","1 Lincoln St, Boston, MA","528","0 Short Street, Winthrop","4/7/2017 - 5/21/2017, Weekdays, PM Peak",1574,1130,2191
"885","1 Lincoln St, Boston, MA","529","0 Circuit Drive, Roxbury, Boston","4/7/2017 - 5/21/2017, Weekdays, PM Peak",1694,1269,2261
"885","1 Lincoln St, Boston, MA","530","0 Dry Dock Avenue, Seaport District, Boston","4/7/2017 - 5/21/2017, Weekdays, PM Peak",548,329,911
"885","1 Lincoln St, Boston, MA","532","1100 Livingston Street, North Tewksbury, Tewksbury","4/7/2017 - 5/21/2017, Weekdays, PM Peak",3158,2469,4037
"885","1 Lincoln St, Boston, MA","540","Charles River Esplanade, Boston","4/7/2017 - 5/21/2017, Weekdays, PM Peak",834,528,1317
"885","1 Lincoln St, Boston, MA","544","0 Fid Kennedy Avenue, Seaport District, Boston","4/7/2017 - 5/21/2017, Weekdays, PM Peak",708,412,1216
"885","1 Lincoln St, Boston, MA","549","0 Boston Street, Prospect Hill, Somerville","4/7/2017 - 5/21/2017, Weekdays, PM Peak",1384,984,1945
"885","1 Lincoln St, Boston, MA","554","0 Everett Circle, Hopkinton","4/7/2017 - 5/21/2017, Weekdays, PM Peak",3173,2477,4063
"885","1 Lincoln St, Boston, MA","561","100 Wildwood Street, Wilmington","4/7/2017 - 5/21/2017, Weekdays, PM Peak",2089,1585,2752
"885","1 Lincoln St, Boston, MA","575","0 Lakewood Drive, Centerville, Barnstable","4/7/2017 - 5/21/2017, Weekdays, PM Peak",4958,4399,5587
"885","1 Lincoln St, Boston, MA","577","0 Wheeler Road, Marstons Mills, Barnstable","4/7/2017 - 5/21/2017, Weekdays, PM Peak",4866,4314,5488
"885","1 Lincoln St, Boston, MA","581","0 Carter Road, Woburn","4/7/2017 - 5/21/2017, Weekdays, PM Peak",1689,1198,2379
"885","1 Lincoln St, Boston, MA","583","0 Walnut Court, Woburn","4/7/2017 - 5/21/2017, Weekdays, PM Peak",2023,1426,2868
"885","1 Lincoln St, Boston, MA","584","0 Mill Road, Melrose","4/7/2017 - 5/21/2017, Weekdays, PM Peak",2038,1620,2562
"885","1 Lincoln St, Boston, MA","585","0 High Street, Stoneham","4/7/2017 - 5/21/2017, Weekdays, PM Peak",2248,1876,2692
"885","1 Lincoln St, Boston, MA","586","0 Bates Road, Winchester","4/7/2017 - 5/21/2017, Weekdays, PM Peak",1626,1148,2301
"885","1 Lincoln St, Boston, MA","587","100 Rivers Edge Drive, Medford","4/7/2017 - 5/21/2017, Weekdays, PM Peak",1363,994,1868
"885","1 Lincoln St, Boston, MA","588","0 Lewis Street, Medford","4/7/2017 - 5/21/2017, Weekdays, PM Peak",1276,858,1896
"885","1 Lincoln St, Boston, MA","589","0 Clayton Street, Malden","4/7/2017 - 5/21/2017, Weekdays, PM Peak",2010,1549,2606
"885","1 Lincoln St, Boston, MA","590","100 Kennedy Drive, Malden","4/7/2017 - 5/21/2017, Weekdays, PM Peak",1674,1222,2292
"885","1 Lincoln St, Boston, MA","605","800 Washington Street, Lynn","4/7/2017 - 5/21/2017, Weekdays, PM Peak",2424,1944,3021
"885","1 Lincoln St, Boston, MA","617","700 Lynnway, Lynn","4/7/2017 - 5/21/2017, Weekdays, PM Peak",2095,1581,2775
"885","1 Lincoln St, Boston, MA","626","0 McDewell Avenue, Danvers","4/7/2017 - 5/21/2017, Weekdays, PM Peak",2753,2155,3515
"885","1 Lincoln St, Boston, MA","629","0 Safford Street, Lynn","4/7/2017 - 5/21/2017, Weekdays, PM Peak",2205,1080,4498
"885","1 Lincoln St, Boston, MA","630","0 Johnson Street, Lynn","4/7/2017 - 5/21/2017, Weekdays, PM Peak",2407,1878,3083
"885","1 Lincoln St, Boston, MA","631","0 Central Street, Saugus","4/7/2017 - 5/21/2017, Weekdays, PM Peak",1981,1441,2722
"885","1 Lincoln St, Boston, MA","632","0 Lindsay Terrace, Saugus","4/7/2017 - 5/21/2017, Weekdays, PM Peak",1883,1384,2561
"885","1 Lincoln St, Boston, MA","633","0 Russet Lane, Lynnfield","4/7/2017 - 5/21/2017, Weekdays, PM Peak",2121,1543,2914
"885","1 Lincoln St, Boston, MA","634","Independence Greenway, Peabody","4/7/2017 - 5/21/2017, Weekdays, PM Peak",2465,1869,3249
"885","1 Lincoln St, Boston, MA","636","0 Spring Road, Nahant","4/7/2017 - 5/21/2017, Weekdays, PM Peak",2461,2054,2947
"885","1 Lincoln St, Boston, MA","637","100 Shelton Road, Swampscott","4/7/2017 - 5/21/2017, Weekdays, PM Peak",3147,2674,3703
"885","1 Lincoln St, Boston, MA","638","0 Leedsville Street, Dorchester, Boston","4/7/2017 - 5/21/2017, Weekdays, PM Peak",1460,1022,2085
"885","1 Lincoln St, Boston, MA","639","0 Sylvan Street, Danvers","4/7/2017 - 5/21/2017, Weekdays, PM Peak",2712,2111,3483
"885","1 Lincoln St, Boston, MA","641","0 Zaloga Way, Middleton","4/7/2017 - 5/21/2017, Weekdays, PM Peak",2715,2246,3280
"885","1 Lincoln St, Boston, MA","644","0 Dunham Road, Beverly","4/7/2017 - 5/21/2017, Weekdays, PM Peak",3002,2397,3759
"885","1 Lincoln St, Boston, MA","657","Chickering Road, Lawrence","4/7/2017 - 5/21/2017, Weekdays, PM Peak",2529,2149,2975
"885","1 Lincoln St, Boston, MA","659","Loop Connector, Methuen","4/7/2017 - 5/21/2017, Weekdays, PM Peak",2992,2427,3687
"885","1 Lincoln St, Boston, MA","665","0 Welgate Circle, Quincy","4/7/2017 - 5/21/2017, Weekdays, PM Peak",1485,1091,2020
"885","1 Lincoln St, Boston, MA","675","0 Dufton Court, North Andover","4/7/2017 - 5/21/2017, Weekdays, PM Peak",2936,2537,3396
"885","1 Lincoln St, Boston, MA","677","200 Foundry Street, South Easton, Easton","4/7/2017 - 5/21/2017, Weekdays, PM Peak",3031,2305,3984
"885","1 Lincoln St, Boston, MA","678","0 Chauncy Street, Mansfield Center, Mansfield","4/7/2017 - 5/21/2017, Weekdays, PM Peak",3867,2961,5049
"885","1 Lincoln St, Boston, MA","683","0 Sagamore Road, East Taunton, Taunton","4/7/2017 - 5/21/2017, Weekdays, PM Peak",3768,3143,4516
"885","1 Lincoln St, Boston, MA","684","0 North Main Street, Berkley","4/7/2017 - 5/21/2017, Weekdays, PM Peak",3921,3399,4522
"885","1 Lincoln St, Boston, MA","685","200 Landry Avenue, North Attleborough","4/7/2017 - 5/21/2017, Weekdays, PM Peak",3493,2734,4461
"885","1 Lincoln St, Boston, MA","686","200 Hickory Road, North Attleborough","4/7/2017 - 5/21/2017, Weekdays, PM Peak",3861,3308,4505
"885","1 Lincoln St, Boston, MA","687","0 Fenton Avenue, Attleboro","4/7/2017 - 5/21/2017, Weekdays, PM Peak",3909,3074,4970
"885","1 Lincoln St, Boston, MA","692","600 Webster Street, Needham Heights, Needham","4/7/2017 - 5/21/2017, Weekdays, PM Peak",2339,1762,3104
"885","1 Lincoln St, Boston, MA","695","0 West Hollow, Andover","4/7/2017 - 5/21/2017, Weekdays, PM Peak",2370,1816,3091
"885","1 Lincoln St, Boston, MA","696","0 Lansbury Lane, Andover","4/7/2017 - 5/21/2017, Weekdays, PM Peak",2586,2043,3273
"885","1 Lincoln St, Boston, MA","697","0 Crestwood Drive, Andover","4/7/2017 - 5/21/2017, Weekdays, PM Peak",2431,1896,3116
"885","1 Lincoln St, Boston, MA","699","0 Kennedy Drive, Dedham","4/7/2017 - 5/21/2017, Weekdays, PM Peak",2670,1991,3579
"885","1 Lincoln St, Boston, MA","707","100 Bellevue Road, Quincy","4/7/2017 - 5/21/2017, Weekdays, PM Peak",1209,878,1664
"885","1 Lincoln St, Boston, MA","709","0 Newbury Avenue, North Quincy, Quincy","4/7/2017 - 5/21/2017, Weekdays, PM Peak",1210,859,1703
"885","1 Lincoln St, Boston, MA","710","0 Beal Street, Hingham","4/7/2017 - 5/21/2017, Weekdays, PM Peak",2556,2076,3146
"885","1 Lincoln St, Boston, MA","711","0 Rock View Way, Rockland","4/7/2017 - 5/21/2017, Weekdays, PM Peak",2523,1879,3387
"885","1 Lincoln St, Boston, MA","713","0 Foster Street, Coolidge Corner South Side, Brookline","4/7/2017 - 5/21/2017, Weekdays, PM Peak",1596,1235,2061
"885","1 Lincoln St, Boston, MA","714","0 Bates Way, Hanover","4/7/2017 - 5/21/2017, Weekdays, PM Peak",2823,2221,3586
"885","1 Lincoln St, Boston, MA","715","700 Grove Street, Norwell","4/7/2017 - 5/21/2017, Weekdays, PM Peak",2756,2127,3570
"885","1 Lincoln St, Boston, MA","718","0 Otis Street, East Somerville, Somerville","4/7/2017 - 5/21/2017, Weekdays, PM Peak",1297,880,1909
"885","1 Lincoln St, Boston, MA","720","Union Bridge Road, Duxbury","4/7/2017 - 5/21/2017, Weekdays, PM Peak",3390,2751,4177
"885","1 Lincoln St, Boston, MA","721","200 West Street, Duxbury","4/7/2017 - 5/21/2017, Weekdays, PM Peak",3290,2671,4050
"885","1 Lincoln St, Boston, MA","722","0 Pilgrim Road, North Pembroke, Pembroke","4/7/2017 - 5/21/2017, Weekdays, PM Peak",3166,2569,3901
"885","1 Lincoln St, Boston, MA","725","D W Field Parkway, Brockton","4/7/2017 - 5/21/2017, Weekdays, PM Peak",2352,1499,3688
"885","1 Lincoln St, Boston, MA","726","100 Candy Lane, Brockton","4/7/2017 - 5/21/2017, Weekdays, PM Peak",2759,2128,3576
"885","1 Lincoln St, Boston, MA","738","0 Jennifer Circle, Plymouth","4/7/2017 - 5/21/2017, Weekdays, PM Peak",4421,3735,5231
"885","1 Lincoln St, Boston, MA","739","0 Tinson Road, Quincy","4/7/2017 - 5/21/2017, Weekdays, PM Peak",1711,1190,2458
"885","1 Lincoln St, Boston, MA","740","0 Brierwood Road, Braintree","4/7/2017 - 5/21/2017, Weekdays, PM Peak",1695,1189,2414
"885","1 Lincoln St, Boston, MA","741","300 North Street, North Weymouth, Weymouth","4/7/2017 - 5/21/2017, Weekdays, PM Peak",2229,1805,2752
"885","1 Lincoln St, Boston, MA","742","200 Sohier Street, Cohasset","4/7/2017 - 5/21/2017, Weekdays, PM Peak",3094,2693,3554
"885","1 Lincoln St, Boston, MA","747","0 Crestwood Drive, Framingham","4/7/2017 - 5/21/2017, Weekdays, PM Peak",2436,1816,3266
"885","1 Lincoln St, Boston, MA","748","0 Michael Road, Framingham","4/7/2017 - 5/21/2017, Weekdays, PM Peak",2416,1837,3176
"885","1 Lincoln St, Boston, MA","749","0 Fox Hill Road, Ashland","4/7/2017 - 5/21/2017, Weekdays, PM Peak",2712,2142,3433
"885","1 Lincoln St, Boston, MA","750","0 Washington Street, Sherborn","4/7/2017 - 5/21/2017, Weekdays, PM Peak",3358,2821,3997
"885","1 Lincoln St, Boston, MA","752","400 Sprague Street, Dedham","4/7/2017 - 5/21/2017, Weekdays, PM Peak",2394,1866,3071
"885","1 Lincoln St, Boston, MA","756","0 Taunton Street, Ward Two, Somerville","4/7/2017 - 5/21/2017, Weekdays, PM Peak",1567,1172,2094
"885","1 Lincoln St, Boston, MA","757","100 Portland Street, The Port, Cambridge","4/7/2017 - 5/21/2017, Weekdays, PM Peak",1244,867,1784
"885","1 Lincoln St, Boston, MA","758","0 Antrim Street, Mid-Cambridge, Cambridge","4/7/2017 - 5/21/2017, Weekdays, PM Peak",1556,1163,2080
"885","1 Lincoln St, Boston, MA","759","0 Vail Court, Mid-Cambridge, Cambridge","4/7/2017 - 5/21/2017, Weekdays, PM Peak",1320,931,1870
"885","1 Lincoln St, Boston, MA","760","Fairchild Building, MIT, Cambridge","4/7/2017 - 5/21/2017, Weekdays, PM Peak",1091,757,1571
"885","1 Lincoln St, Boston, MA","761","0 Oxford Street, Agassiz, Cambridge","4/7/2017 - 5/21/2017, Weekdays, PM Peak",1710,1299,2249
"885","1 Lincoln St, Boston, MA","762","0 Dana Place, Mid-Cambridge, Cambridge","4/7/2017 - 5/21/2017, Weekdays, PM Peak",1308,947,1805
"885","1 Lincoln St, Boston, MA","763","100 Brattle Street, West Cambridge, Cambridge","4/7/2017 - 5/21/2017, Weekdays, PM Peak",1295,918,1825
"885","1 Lincoln St, Boston, MA","764","600 Huron Avenue, Strawberry Hill, Cambridge","4/7/2017 - 5/21/2017, Weekdays, PM Peak",1503,1086,2078
"885","1 Lincoln St, Boston, MA","765","400 Westfield Street, Dedham","4/7/2017 - 5/21/2017, Weekdays, PM Peak",2362,1761,3167
"885","1 Lincoln St, Boston, MA","766","0 Gatewood Drive, Needham","4/7/2017 - 5/21/2017, Weekdays, PM Peak",2618,2001,3424
"885","1 Lincoln St, Boston, MA","767","100 Webster Street, Needham Heights, Needham","4/7/2017 - 5/21/2017, Weekdays, PM Peak",1984,1502,2619
"885","1 Lincoln St, Boston, MA","768","0 Pickerel Terrace, Wellesley","4/7/2017 - 5/21/2017, Weekdays, PM Peak",2449,1823,3288
"885","1 Lincoln St, Boston, MA","769","0 Tappan Road, Wellesley","4/7/2017 - 5/21/2017, Weekdays, PM Peak",2370,1870,3002
"885","1 Lincoln St, Boston, MA","770","0 Harding Street, Medfield, Medfield","4/7/2017 - 5/21/2017, Weekdays, PM Peak",3104,2616,3681
"885","1 Lincoln St, Boston, MA","773","0 Sherman Street, Neighborhood Nine, Cambridge","4/7/2017 - 5/21/2017, Weekdays, PM Peak",1805,1331,2446
"885","1 Lincoln St, Boston, MA","774","0 Jackson Street, North Cambridge, Cambridge","4/7/2017 - 5/21/2017, Weekdays, PM Peak",2223,1700,2906
"885","1 Lincoln St, Boston, MA","775","0 Milton Street, Arlington","4/7/2017 - 5/21/2017, Weekdays, PM Peak",2324,1754,3078
"885","1 Lincoln St, Boston, MA","776","0 Gray Street, Arlington","4/7/2017 - 5/21/2017, Weekdays, PM Peak",2268,1752,2935
"885","1 Lincoln St, Boston, MA","777","100 Claflin Street, Belmont","4/7/2017 - 5/21/2017, Weekdays, PM Peak",1954,1514,2521
"885","1 Lincoln St, Boston, MA","778","0 Foster Road, Belmont","4/7/2017 - 5/21/2017, Weekdays, PM Peak",1609,1241,2086
"885","1 Lincoln St, Boston, MA","779","0 Woodfall Road, Belmont","4/7/2017 - 5/21/2017, Weekdays, PM Peak",2190,1675,2862
"885","1 Lincoln St, Boston, MA","780","0 Fern Trail, Sudbury","4/7/2017 - 5/21/2017, Weekdays, PM Peak",3043,2431,3808
"885","1 Lincoln St, Boston, MA","781","200 Old Lancaster Road, Sudbury","4/7/2017 - 5/21/2017, Weekdays, PM Peak",2933,2141,4016
"885","1 Lincoln St, Boston, MA","782","0 Mill Street, Foxborough","4/7/2017 - 5/21/2017, Weekdays, PM Peak",3211,2512,4103
"885","1 Lincoln St, Boston, MA","783","200 Cocasset Street, Foxborough","4/7/2017 - 5/21/2017, Weekdays, PM Peak",3077,2444,3873
"885","1 Lincoln St, Boston, MA","784","0 Sandy Valley Drive, Walpole","4/7/2017 - 5/21/2017, Weekdays, PM Peak",3238,2507,4181
"885","1 Lincoln St, Boston, MA","785","0 Buckboard Drive, Walpole","4/7/2017 - 5/21/2017, Weekdays, PM Peak",2831,2474,3239
"885","1 Lincoln St, Boston, MA","786","0 Richdale Avenue, Everett","4/7/2017 - 5/21/2017, Weekdays, PM Peak",1632,1246,2137
"885","1 Lincoln St, Boston, MA","787","700 University Avenue, Norwood","4/7/2017 - 5/21/2017, Weekdays, PM Peak",2529,1916,3336
"885","1 Lincoln St, Boston, MA","788","300 Washington Street, Norwood","4/7/2017 - 5/21/2017, Weekdays, PM Peak",2385,1645,3456
"885","1 Lincoln St, Boston, MA","789","200 Carnegie Row, Norwood","4/7/2017 - 5/21/2017, Weekdays, PM Peak",2611,2001,3406
"885","1 Lincoln St, Boston, MA","790","100 Walnut Street, Canton","4/7/2017 - 5/21/2017, Weekdays, PM Peak",3445,2757,4303
"885","1 Lincoln St, Boston, MA","791","500 Turnpike Street, Canton","4/7/2017 - 5/21/2017, Weekdays, PM Peak",2404,1801,3208
"885","1 Lincoln St, Boston, MA","792","0 Woodside Drive, Milton","4/7/2017 - 5/21/2017, Weekdays, PM Peak",1636,1180,2267
"885","1 Lincoln St, Boston, MA","795","100 Hayden Rowe Street, Hopkinton","4/7/2017 - 5/21/2017, Weekdays, PM Peak",3570,2742,4647
"885","1 Lincoln St, Boston, MA","803","0 Deer Run, Wayland","4/7/2017 - 5/21/2017, Weekdays, PM Peak",2304,1695,3131
"885","1 Lincoln St, Boston, MA","804","Glen Road, Waltham","4/7/2017 - 5/21/2017, Weekdays, PM Peak",1955,1439,2655
"885","1 Lincoln St, Boston, MA","805","0 Howard Street, Banks Square, Waltham","4/7/2017 - 5/21/2017, Weekdays, PM Peak",1849,1335,2559
"885","1 Lincoln St, Boston, MA","806","0 Boland Street, South Side, Waltham","4/7/2017 - 5/21/2017, Weekdays, PM Peak",1677,1296,2169
"885","1 Lincoln St, Boston, MA","807","100 Grove Street, Bleachery, Waltham","4/7/2017 - 5/21/2017, Weekdays, PM Peak",1816,1412,2334
"885","1 Lincoln St, Boston, MA","808","0 Candace Avenue, Warrendale, Waltham","4/7/2017 - 5/21/2017, Weekdays, PM Peak",1895,1518,2364
"885","1 Lincoln St, Boston, MA","809","200 Bellevue Road, Watertown","4/7/2017 - 5/21/2017, Weekdays, PM Peak",1650,1290,2110
"885","1 Lincoln St, Boston, MA","810","100 North Beacon Street, Watertown","4/7/2017 - 5/21/2017, Weekdays, PM Peak",1452,968,2177
"885","1 Lincoln St, Boston, MA","811","300 Watertown Street, Nonantum, Newton","4/7/2017 - 5/21/2017, Weekdays, PM Peak",1387,999,1924
"885","1 Lincoln St, Boston, MA","812","0 Burr Road, Newton Centre, Newton","4/7/2017 - 5/21/2017, Weekdays, PM Peak",1622,1195,2200
"885","1 Lincoln St, Boston, MA","813","0 Spear Street, Quincy","4/7/2017 - 5/21/2017, Weekdays, PM Peak",1751,1328,2308
"885","1 Lincoln St, Boston, MA","814","0 Hawthorne Street, Quincy","4/7/2017 - 5/21/2017, Weekdays, PM Peak",1888,1597,2230
"885","1 Lincoln St, Boston, MA","815","0 Upton Drive, Wilmington","4/7/2017 - 5/21/2017, Weekdays, PM Peak",2227,1747,2838
"885","1 Lincoln St, Boston, MA","816","0 Keans Road, Burlington","4/7/2017 - 5/21/2017, Weekdays, PM Peak",2199,1659,2913
"885","1 Lincoln St, Boston, MA","817","0 Burlington Mall Road, Burlington","4/7/2017 - 5/21/2017, Weekdays, PM Peak",2531,1799,3560
"885","1 Lincoln St, Boston, MA","818","100 New Boston Street, Woburn","4/7/2017 - 5/21/2017, Weekdays, PM Peak",1960,1404,2735
"885","1 Lincoln St, Boston, MA","819","0 Maple Ridge Road, Reading","4/7/2017 - 5/21/2017, Weekdays, PM Peak",1831,1285,2607
"885","1 Lincoln St, Boston, MA","820","0 Pasture Road, Reading","4/7/2017 - 5/21/2017, Weekdays, PM Peak",2392,1637,3493
"885","1 Lincoln St, Boston, MA","821","0 Byron Street, Wakefield","4/7/2017 - 5/21/2017, Weekdays, PM Peak",1949,1412,2688
"885","1 Lincoln St, Boston, MA","822","0 Eunice Circle, Wakefield","4/7/2017 - 5/21/2017, Weekdays, PM Peak",2289,1658,3159
"885","1 Lincoln St, Boston, MA","823","0 Boston Rock Road, Melrose","4/7/2017 - 5/21/2017, Weekdays, PM Peak",1908,1475,2467
"885","1 Lincoln St, Boston, MA","824","200 Nahanton Street, Oak Hill, Newton","4/7/2017 - 5/21/2017, Weekdays, PM Peak",2240,1607,3121
"885","1 Lincoln St, Boston, MA","825","1400 Commonwealth Avenue, West Newton, Newton","4/7/2017 - 5/21/2017, Weekdays, PM Peak",1504,1031,2192
"885","1 Lincoln St, Boston, MA","826","0 Abbott Avenue, Everett","4/7/2017 - 5/21/2017, Weekdays, PM Peak",1511,1133,2014
"885","1 Lincoln St, Boston, MA","827","0 Randlett Park, West Newton, Newton","4/7/2017 - 5/21/2017, Weekdays, PM Peak",1248,872,1784
"885","1 Lincoln St, Boston, MA","828","100 Bacon Street, Natick","4/7/2017 - 5/21/2017, Weekdays, PM Peak",2791,2054,3791
"885","1 Lincoln St, Boston, MA","829","100 South Main Street, Natick","4/7/2017 - 5/21/2017, Weekdays, PM Peak",2924,2383,3587
"885","1 Lincoln St, Boston, MA","830","C Street, Natick","4/7/2017 - 5/21/2017, Weekdays, PM Peak",2208,1609,3028
"885","1 Lincoln St, Boston, MA","831","0 Woodland Road, Stoneham","4/7/2017 - 5/21/2017, Weekdays, PM Peak",1497,1058,2116
"885","1 Lincoln St, Boston, MA","832","0 Rodgers Road, Stoneham","4/7/2017 - 5/21/2017, Weekdays, PM Peak",1768,1259,2482
"885","1 Lincoln St, Boston, MA","833","300 Highland Avenue, Winchester","4/7/2017 - 5/21/2017, Weekdays, PM Peak",1709,1258,2321
"885","1 Lincoln St, Boston, MA","834","0 Orchard Street, Medford","4/7/2017 - 5/21/2017, Weekdays, PM Peak",1806,1314,2481
"885","1 Lincoln St, Boston, MA","835","0 Marston Street, Medford","4/7/2017 - 5/21/2017, Weekdays, PM Peak",1521,1072,2157
"885","1 Lincoln St, Boston, MA","836","100 Central Avenue, Medford","4/7/2017 - 5/21/2017, Weekdays, PM Peak",1281,865,1895
"885","1 Lincoln St, Boston, MA","837","0 Mc Cormack Avenue, Medford","4/7/2017 - 5/21/2017, Weekdays, PM Peak",1389,951,2027
"885","1 Lincoln St, Boston, MA","838","100 West Street, Malden","4/7/2017 - 5/21/2017, Weekdays, PM Peak",1620,1270,2065
"885","1 Lincoln St, Boston, MA","839","0 Webber Street, Malden","4/7/2017 - 5/21/2017, Weekdays, PM Peak",1788,1522,2099
"885","1 Lincoln St, Boston, MA","840","0 Hamilton Road, West Somerville, Somerville","4/7/2017 - 5/21/2017, Weekdays, PM Peak",1865,1433,2426
"885","1 Lincoln St, Boston, MA","846","0 Beacham Street, Everett","4/7/2017 - 5/21/2017, Weekdays, PM Peak",1424,1046,1938
"885","1 Lincoln St, Boston, MA","847","100 Sycamore Street, Winter Hill, Somerville","4/7/2017 - 5/21/2017, Weekdays, PM Peak",1355,970,1891
"885","1 Lincoln St, Boston, MA","848","0 Wallace Street, Tufts, Somerville","4/7/2017 - 5/21/2017, Weekdays, PM Peak",1896,1436,2503
"885","1 Lincoln St, Boston, MA","856","400 Commonwealth Avenue, Back Bay, Boston","4/7/2017 - 5/21/2017, Weekdays, PM Peak",647,276,1516
"885","1 Lincoln St, Boston, MA","857","100 Norway Street, Fenway/Kenmore, Boston","4/7/2017 - 5/21/2017, Weekdays, PM Peak",1176,762,1813
"885","1 Lincoln St, Boston, MA","861","0 South Waverly Street, Brighton, Boston","4/7/2017 - 5/21/2017, Weekdays, PM Peak",846,498,1434
"885","1 Lincoln St, Boston, MA","862","0 Atkins Street, Brighton, Boston","4/7/2017 - 5/21/2017, Weekdays, PM Peak",857,533,1377
"885","1 Lincoln St, Boston, MA","863","0 Strathmore Road, Brighton, Boston","4/7/2017 - 5/21/2017, Weekdays, PM Peak",1665,1262,2196
"885","1 Lincoln St, Boston, MA","864","0 Dustin Street, Brighton, Boston","4/7/2017 - 5/21/2017, Weekdays, PM Peak",1211,834,1758
"885","1 Lincoln St, Boston, MA","865","0 Bellvista Road, Brighton, Boston","4/7/2017 - 5/21/2017, Weekdays, PM Peak",1520,1108,2084
"885","1 Lincoln St, Boston, MA","866","0 Braintree Street, Allston, Boston","4/7/2017 - 5/21/2017, Weekdays, PM Peak",764,447,1304
"885","1 Lincoln St, Boston, MA","867","0 Barry Street, Dorchester, Boston","4/7/2017 - 5/21/2017, Weekdays, PM Peak",1460,1007,2115
"885","1 Lincoln St, Boston, MA","868","100 Whitfield Street, Dorchester, Dorchester Center, Boston","4/7/2017 - 5/21/2017, Weekdays, PM Peak",1839,1412,2394
"885","1 Lincoln St, Boston, MA","869","0 Wales Street, Roxbury, Dorchester Center, Boston","4/7/2017 - 5/21/2017, Weekdays, PM Peak",1858,1420,2430
"885","1 Lincoln St, Boston, MA","870","0 Willowwood Street, Mattapan, Boston","4/7/2017 - 5/21/2017, Weekdays, PM Peak",1941,1430,2633
"885","1 Lincoln St, Boston, MA","871","0 Chipman Street, Dorchester, Dorchester Center, Boston","4/7/2017 - 5/21/2017, Weekdays, PM Peak",1756,1288,2392
"885","1 Lincoln St, Boston, MA","872","Southeast Expressway, Dorchester, Boston","4/7/2017 - 5/21/2017, Weekdays, PM Peak",957,625,1463
"885","1 Lincoln St, Boston, MA","873","100 Manchester Street, Mattapan, Boston","4/7/2017 - 5/21/2017, Weekdays, PM Peak",1742,1230,2465
"885","1 Lincoln St, Boston, MA","874","0 Outlook Road, Wellington Hill, Boston","4/7/2017 - 5/21/2017, Weekdays, PM Peak",1973,1197,3249
"885","1 Lincoln St, Boston, MA","875","200 Hyde Park Avenue, Jamaica Plain, Boston","4/7/2017 - 5/21/2017, Weekdays, PM Peak",2084,1602,2709
"885","1 Lincoln St, Boston, MA","876","100 Neponset Avenue, Roslindale, Boston","4/7/2017 - 5/21/2017, Weekdays, PM Peak",2011,1487,2719
"885","1 Lincoln St, Boston, MA","877","0 Eliot Street, Jamaica Plain, Boston","4/7/2017 - 5/21/2017, Weekdays, PM Peak",1928,1542,2409
"885","1 Lincoln St, Boston, MA","878","200 Public Alley 432, Back Bay, Boston","4/7/2017 - 5/21/2017, Weekdays, PM Peak",606,238,1539
"885","1 Lincoln St, Boston, MA","879","0 River Street Place, Beacon Hill, Boston","4/7/2017 - 5/21/2017, Weekdays, PM Peak",638,329,1234
"885","1 Lincoln St, Boston, MA","880","100 Charles Street, Beacon Hill, Boston","4/7/2017 - 5/21/2017, Weekdays, PM Peak",739,486,1121
"885","1 Lincoln St, Boston, MA","881","0 Stillman Street, North End, Boston","4/7/2017 - 5/21/2017, Weekdays, PM Peak",570,338,959
"885","1 Lincoln St, Boston, MA","882","200 Hanover Street, North End, Boston","4/7/2017 - 5/21/2017, Weekdays, PM Peak",579,334,1003
"885","1 Lincoln St, Boston, MA","883","200 Seaport Boulevard, Seaport District, Boston","4/7/2017 - 5/21/2017, Weekdays, PM Peak",399,200,795
"885","1 Lincoln St, Boston, MA","884","South Boston Bypass, South Boston, Boston","4/7/2017 - 5/21/2017, Weekdays, PM Peak",332,122,901
"885","1 Lincoln St, Boston, MA","886","0 Malden Street, South End, Boston","4/7/2017 - 5/21/2017, Weekdays, PM Peak",455,210,982
"885","1 Lincoln St, Boston, MA","887","0 Mount Pleasant Terrace, Roxbury, Boston","4/7/2017 - 5/21/2017, Weekdays, PM Peak",955,644,1414
"885","1 Lincoln St, Boston, MA","888","133100 Vernon Street, Roxbury, Boston","4/7/2017 - 5/21/2017, Weekdays, PM Peak",1004,705,1428
"885","1 Lincoln St, Boston, MA","889","100 Fisher Avenue, Mission Hill, Boston","4/7/2017 - 5/21/2017, Weekdays, PM Peak",1548,1154,2075
"885","1 Lincoln St, Boston, MA","890","0 Jamaica Street, Jamaica Plain, Boston","4/7/2017 - 5/21/2017, Weekdays, PM Peak",1833,1468,2287
"885","1 Lincoln St, Boston, MA","891","0 Stedman Street, Jamaica Plain, Boston","4/7/2017 - 5/21/2017, Weekdays, PM Peak",1707,1320,2207
"885","1 Lincoln St, Boston, MA","892","200 Chestnut Avenue, Jamaica Plain, Boston","4/7/2017 - 5/21/2017, Weekdays, PM Peak",1686,1276,2227
"885","1 Lincoln St, Boston, MA","893","0 Hastings Street, West Roxbury, Boston","4/7/2017 - 5/21/2017, Weekdays, PM Peak",2403,2044,2824
"885","1 Lincoln St, Boston, MA","894","0 Wren Street, West Roxbury, Boston","4/7/2017 - 5/21/2017, Weekdays, PM Peak",2478,2091,2936
"885","1 Lincoln St, Boston, MA","895","0 Edson Street, Hyde Park, Boston","4/7/2017 - 5/21/2017, Weekdays, PM Peak",2185,1775,2689
"885","1 Lincoln St, Boston, MA","896","300 Columbia Street, Wellington-Harrington, Cambridge","4/7/2017 - 5/21/2017, Weekdays, PM Peak",1459,996,2136
"885","1 Lincoln St, Boston, MA","898","0 Webster Street, Hyde Park, Boston","4/7/2017 - 5/21/2017, Weekdays, PM Peak",1991,1594,2486
"885","1 Lincoln St, Boston, MA","899","0 Watts Street, Chelsea","4/7/2017 - 5/21/2017, Weekdays, PM Peak",1383,879,2175
"885","1 Lincoln St, Boston, MA","900","0 Boatswains Way, Chelsea","4/7/2017 - 5/21/2017, Weekdays, PM Peak",982,631,1527
"885","1 Lincoln St, Boston, MA","901","0 Willoughby Street, Chelsea","4/7/2017 - 5/21/2017, Weekdays, PM Peak",1358,938,1964
"885","1 Lincoln St, Boston, MA","902","0 Centre Street, Roxbury, Boston","4/7/2017 - 5/21/2017, Weekdays, PM Peak",1157,825,1621
"885","1 Lincoln St, Boston, MA","903","0 Gaston Street, Roxbury, Boston","4/7/2017 - 5/21/2017, Weekdays, PM Peak",1432,1042,1967
"885","1 Lincoln St, Boston, MA","904","0 Wolcott Street, Dorchester, Boston","4/7/2017 - 5/21/2017, Weekdays, PM Peak",1641,1180,2280
"885","1 Lincoln St, Boston, MA","905","100 Geneva Avenue, Dorchester, Boston","4/7/2017 - 5/21/2017, Weekdays, PM Peak",1453,1008,2094
"885","1 Lincoln St, Boston, MA","906","0 Romsey Circle, Dorchester, Boston","4/7/2017 - 5/21/2017, Weekdays, PM Peak",792,458,1369
"885","1 Lincoln St, Boston, MA","907","0 Gene Street, Dorchester, Boston","4/7/2017 - 5/21/2017, Weekdays, PM Peak",1171,791,1732
"885","1 Lincoln St, Boston, MA","908","0 Monadnock Street, Dorchester, Boston","4/7/2017 - 5/21/2017, Weekdays, PM Peak",1296,865,1941
"885","1 Lincoln St, Boston, MA","909","500 Squire Road, Revere","4/7/2017 - 5/21/2017, Weekdays, PM Peak",1487,1036,2132
"885","1 Lincoln St, Boston, MA","911","200 Garfield Avenue, Revere","4/7/2017 - 5/21/2017, Weekdays, PM Peak",1386,930,2063
"885","1 Lincoln St, Boston, MA","912","100 Crest Avenue, Revere","4/7/2017 - 5/21/2017, Weekdays, PM Peak",1627,1183,2236
"885","1 Lincoln St, Boston, MA","913","0 Petrel Street, Winthrop","4/7/2017 - 5/21/2017, Weekdays, PM Peak",1983,1460,2692
"885","1 Lincoln St, Boston, MA","915","Head Island Causeway, South Boston, Boston","4/7/2017 - 5/21/2017, Weekdays, PM Peak",871,568,1335
"885","1 Lincoln St, Boston, MA","916","0 Lee Burbank Highway, Revere","4/7/2017 - 5/21/2017, Weekdays, PM Peak",1322,955,1828
"885","1 Lincoln St, Boston, MA","917","Emerald Necklace, Jamaica Plain, Boston","4/7/2017 - 5/21/2017, Weekdays, PM Peak",1346,943,1920
"885","1 Lincoln St, Boston, MA","927","0 Mill River Drive, Weymouth","4/7/2017 - 5/21/2017, Weekdays, PM Peak",2164,1570,2982
"885","1 Lincoln St, Boston, MA","930","0 Constitution Avenue, Revere","4/7/2017 - 5/21/2017, Weekdays, PM Peak",1274,876,1852
"885","1 Lincoln St, Boston, MA","944","100 Cliff Road, Wellesley Hills, Wellesley","4/7/2017 - 5/21/2017, Weekdays, PM Peak",1897,1431,2513
"885","1 Lincoln St, Boston, MA","949","0 Pleasant Street, Auburn","4/7/2017 - 5/21/2017, Weekdays, PM Peak",4102,3424,4913
"885","1 Lincoln St, Boston, MA","951","0 Montgomery Drive, Millbury","4/7/2017 - 5/21/2017, Weekdays, PM Peak",3746,3189,4399
"885","1 Lincoln St, Boston, MA","952","0 Potter Hill Road, Grafton","4/7/2017 - 5/21/2017, Weekdays, PM Peak",4188,3456,5074
"885","1 Lincoln St, Boston, MA","954","100 West Street, Northborough","4/7/2017 - 5/21/2017, Weekdays, PM Peak",3432,2748,4286
"885","1 Lincoln St, Boston, MA","955","100 Somerset Avenue, Winthrop","4/7/2017 - 5/21/2017, Weekdays, PM Peak",1894,1366,2624
"885","1 Lincoln St, Boston, MA","957","0 Bowman Street, Westborough","4/7/2017 - 5/21/2017, Weekdays, PM Peak",3407,2782,4171
"885","1 Lincoln St, Boston, MA","958","0 Brooks Street, Upton-West Upton, Upton","4/7/2017 - 5/21/2017, Weekdays, PM Peak",3324,2793,3954
"885","1 Lincoln St, Boston, MA","959","0 Industrial Road, Milford","4/7/2017 - 5/21/2017, Weekdays, PM Peak",3812,2973,4887
"885","1 Lincoln St, Boston, MA","962","0 Providence Road, North Grafton, Grafton","4/7/2017 - 5/21/2017, Weekdays, PM Peak",3605,3048,4262
"885","1 Lincoln St, Boston, MA","963","0 Packet Landing Way, West Barnstable, Barnstable","4/7/2017 - 5/21/2017, Weekdays, PM Peak",4935,4384,5554
"885","1 Lincoln St, Boston, MA","965","200 River Road, Winthrop","4/7/2017 - 5/21/2017, Weekdays, PM Peak",1878,1359,2595
"885","1 Lincoln St, Boston, MA","966","100 Discovery Hill Road, East Sandwich, Sandwich","4/7/2017 - 5/21/2017, Weekdays, PM Peak",4818,4103,5657
"885","1 Lincoln St, Boston, MA","968","800 School Street, Mansfield","4/7/2017 - 5/21/2017, Weekdays, PM Peak",3321,2602,4237
"885","1 Lincoln St, Boston, MA","969","400 Ware Street, Mansfield","4/7/2017 - 5/21/2017, Weekdays, PM Peak",3434,2980,3956
"885","1 Lincoln St, Boston, MA","978","100 Common Lane, Beverly","4/7/2017 - 5/21/2017, Weekdays, PM Peak",3230,2587,4031
"885","1 Lincoln St, Boston, MA","980","0 Danton Drive, Methuen","4/7/2017 - 5/21/2017, Weekdays, PM Peak",2943,2360,3669
"885","1 Lincoln St, Boston, MA","982","Vireo Loop, Marblehead","4/7/2017 - 5/21/2017, Weekdays, PM Peak",3396,3105,3714
"885","1 Lincoln St, Boston, MA","983","200 Lynnway, Lynn","4/7/2017 - 5/21/2017, Weekdays, PM Peak",2315,1822,2941
"885","1 Lincoln St, Boston, MA","984","0 D'Orlando Way, Danvers","4/7/2017 - 5/21/2017, Weekdays, PM Peak",2758,2146,3543
"885","1 Lincoln St, Boston, MA","986","0 Harvard Avenue, West Medford, Medford","4/7/2017 - 5/21/2017, Weekdays, PM Peak",1686,1265,2245
"885","1 Lincoln St, Boston, MA","996","Royal Plaza Drive, Marlborough","4/7/2017 - 5/21/2017, Weekdays, PM Peak",3329,2739,4044
"885","1 Lincoln St, Boston, MA","998","0 Evergreen Avenue, Burlington","4/7/2017 - 5/21/2017, Weekdays, PM Peak",2846,2029,3991
"885","1 Lincoln St, Boston, MA","999","100 Main Street, Wakefield","4/7/2017 - 5/21/2017, Weekdays, PM Peak",2034,1507,2744
"885","1 Lincoln St, Boston, MA","1000","0 Centre Street, Malden","4/7/2017 - 5/21/2017, Weekdays, PM Peak",1821,1314,2522
"885","1 Lincoln St, Boston, MA","1001","0 Sargent Street, Malden","4/7/2017 - 5/21/2017, Weekdays, PM Peak",1682,1304,2168
"885","1 Lincoln St, Boston, MA","1002","500 Assembly Row, Somerville","4/7/2017 - 5/21/2017, Weekdays, PM Peak",956,608,1501
"885","1 Lincoln St, Boston, MA","1003","0 Packard Avenue, Tufts, Somerville","4/7/2017 - 5/21/2017, Weekdays, PM Peak",1775,1239,2541
"885","1 Lincoln St, Boston, MA","1004","0 Linden Avenue, Spring Hill, Somerville","4/7/2017 - 5/21/2017, Weekdays, PM Peak",1702,1283,2256
"885","1 Lincoln St, Boston, MA","1005","100 Sidney Street, Cambridgeport, Cambridge","4/7/2017 - 5/21/2017, Weekdays, PM Peak",1288,886,1872
"885","1 Lincoln St, Boston, MA","1006","0 Gray Gardens East, Neighborhood Nine, Cambridge","4/7/2017 - 5/21/2017, Weekdays, PM Peak",1810,1362,2404
"885","1 Lincoln St, Boston, MA","1007","0 Young Street, Lexington","4/7/2017 - 5/21/2017, Weekdays, PM Peak",2315,1843,2907
"885","1 Lincoln St, Boston, MA","1009","100 Dutton Road, Sudbury","4/7/2017 - 5/21/2017, Weekdays, PM Peak",2479,1893,3245
"885","1 Lincoln St, Boston, MA","1010","0 Coolidge Hill Road, Watertown","4/7/2017 - 5/21/2017, Weekdays, PM Peak",1515,1080,2124
"885","1 Lincoln St, Boston, MA","1011","0 Burdean Road, Oak Hill, Newton","4/7/2017 - 5/21/2017, Weekdays, PM Peak",2308,1619,3289
"885","1 Lincoln St, Boston, MA","1012","0 Wilde Road, Waban, Newton","4/7/2017 - 5/21/2017, Weekdays, PM Peak",1725,1246,2386
"885","1 Lincoln St, Boston, MA","1013","100 Seminary Avenue, Auburndale, Newton","4/7/2017 - 5/21/2017, Weekdays, PM Peak",1464,1056,2029
"885","1 Lincoln St, Boston, MA","1014","0 Nixon Road, Framingham","4/7/2017 - 5/21/2017, Weekdays, PM Peak",2458,1871,3227
"885","1 Lincoln St, Boston, MA","1016","100 Buckminster Road, Fisher Hill, Brookline","4/7/2017 - 5/21/2017, Weekdays, PM Peak",1829,1399,2390
"885","1 Lincoln St, Boston, MA","1017","0 Tudor Road, Needham","4/7/2017 - 5/21/2017, Weekdays, PM Peak",2072,1570,2732
"885","1 Lincoln St, Boston, MA","1018","0 Knollwood Drive, Dover","4/7/2017 - 5/21/2017, Weekdays, PM Peak",2912,2398,3535
"885","1 Lincoln St, Boston, MA","1021","100 Walpole Street, Sharon","4/7/2017 - 5/21/2017, Weekdays, PM Peak",2789,2150,3617
"885","1 Lincoln St, Boston, MA","1023","0 Norman Street, Milton","4/7/2017 - 5/21/2017, Weekdays, PM Peak",1906,1388,2616
"885","1 Lincoln St, Boston, MA","1024","300 Adams Street, Milton","4/7/2017 - 5/21/2017, Weekdays, PM Peak",1056,709,1571
"885","1 Lincoln St, Boston, MA","1025","0 Reservoir Drive, Randolph","4/7/2017 - 5/21/2017, Weekdays, PM Peak",2106,1543,2874
"885","1 Lincoln St, Boston, MA","1027","300 Neck Street, North Weymouth, Weymouth","4/7/2017 - 5/21/2017, Weekdays, PM Peak",2279,1849,2808
"885","1 Lincoln St, Boston, MA","1029","200 Pine Street, Norwell","4/7/2017 - 5/21/2017, Weekdays, PM Peak",3042,2432,3803
"885","1 Lincoln St, Boston, MA","1033","Fall River Expressway, West Bridgewater","4/7/2017 - 5/21/2017, Weekdays, PM Peak",3045,2514,3687
"885","1 Lincoln St, Boston, MA","1034","100 Armstrong Road, Plymouth","4/7/2017 - 5/21/2017, Weekdays, PM Peak",3972,3179,4961
"885","1 Lincoln St, Boston, MA","1036","Pilgrims Highway, Plymouth","4/7/2017 - 5/21/2017, Weekdays, PM Peak",4310,3625,5123
"885","1 Lincoln St, Boston, MA","1038","0 Old Rutherford Avenue, Charlestown, Boston","4/7/2017 - 5/21/2017, Weekdays, PM Peak",704,414,1194
"885","1 Lincoln St, Boston, MA","1039","0 Flint Place, South Boston, Boston","4/7/2017 - 5/21/2017, Weekdays, PM Peak",837,603,1161
"885","1 Lincoln St, Boston, MA","1040","900 Massachusetts Avenue, Dorchester, Boston","4/7/2017 - 5/21/2017, Weekdays, PM Peak",536,279,1026
"885","1 Lincoln St, Boston, MA","1041","0 Kendall Street, South End, Boston","4/7/2017 - 5/21/2017, Weekdays, PM Peak",902,619,1313
"885","1 Lincoln St, Boston, MA","1042","0 Townsend Street, Roxbury, Boston","4/7/2017 - 5/21/2017, Weekdays, PM Peak",1178,840,1650
"885","1 Lincoln St, Boston, MA","1043","200 Savin Hill Avenue, Dorchester, Boston","4/7/2017 - 5/21/2017, Weekdays, PM Peak",795,472,1338
"885","1 Lincoln St, Boston, MA","1044","0 Ames Street, Mattapan, Boston","4/7/2017 - 5/21/2017, Weekdays, PM Peak",1961,1501,2560
"885","1 Lincoln St, Boston, MA","1045","0 Brockton Street, Mattapan, Boston","4/7/2017 - 5/21/2017, Weekdays, PM Peak",2328,1776,3050
"885","1 Lincoln St, Boston, MA","1047","0 Ardale Street, Roslindale, Boston","4/7/2017 - 5/21/2017, Weekdays, PM Peak",2275,1839,2814
"885","1 Lincoln St, Boston, MA","1048","Airport Road Terminal C - Departure Level, East Boston, Boston","4/7/2017 - 5/21/2017, Weekdays, PM Peak",869,561,1345
"885","1 Lincoln St, Boston, MA","1054","0 Old Common, Millbury","4/7/2017 - 5/21/2017, Weekdays, PM Peak",3980,3349,4729
"885","1 Lincoln St, Boston, MA","1056","0 Valley Road, Southborough","4/7/2017 - 5/21/2017, Weekdays, PM Peak",2869,2247,3662
"885","1 Lincoln St, Boston, MA","1060","600 Mary Dunn Road, Hyannis, Barnstable","4/7/2017 - 5/21/2017, Weekdays, PM Peak",5277,4702,5921
"885","1 Lincoln St, Boston, MA","1064","0 Glen Forest Lane, Methuen","4/7/2017 - 5/21/2017, Weekdays, PM Peak",2712,2165,3395
"885","1 Lincoln St, Boston, MA","1065","0 Volk Road, Dedham","4/7/2017 - 5/21/2017, Weekdays, PM Peak",2837,2199,3658
"885","1 Lincoln St, Boston, MA","1066","0 Warner Trail Road, Wrentham","4/7/2017 - 5/21/2017, Weekdays, PM Peak",3676,2916,4632
"885","1 Lincoln St, Boston, MA","1068","1300 Bennington Street, East Boston, Boston","4/7/2017 - 5/21/2017, Weekdays, PM Peak",1931,1349,2763
"885","1 Lincoln St, Boston, MA","1075","0 Oakview Terrace, Jamaica Plain, Boston","4/7/2017 - 5/21/2017, Weekdays, PM Peak",1656,1252,2189
"885","1 Lincoln St, Boston, MA","1077","400 Moody Street, South Side, Waltham","4/7/2017 - 5/21/2017, Weekdays, PM Peak",1661,1190,2318
"885","1 Lincoln St, Boston, MA","1078","0 Wellesley Street, South Medford, Medford","4/7/2017 - 5/21/2017, Weekdays, PM Peak",1545,1133,2105
"885","1 Lincoln St, Boston, MA","1079","0 Brent Road, Lexington","4/7/2017 - 5/21/2017, Weekdays, PM Peak",2903,2092,4026
"885","1 Lincoln St, Boston, MA","1080","0 Teaberry Lane, Braintree","4/7/2017 - 5/21/2017, Weekdays, PM Peak",2263,1661,3083
"885","1 Lincoln St, Boston, MA","1084","100 Main Street, Sandwich, Sandwich","4/7/2017 - 5/21/2017, Weekdays, PM Peak",4647,3960,5452
"885","1 Lincoln St, Boston, MA","1089","200 Buck Knoll Road, Raynham","4/7/2017 - 5/21/2017, Weekdays, PM Peak",3570,3006,4238
"885","1 Lincoln St, Boston, MA","1095","0 Oxford Street, Lynn","4/7/2017 - 5/21/2017, Weekdays, PM Peak",2609,2200,3092
"885","1 Lincoln St, Boston, MA","1099","0 Station Street, Brookline","4/7/2017 - 5/21/2017, Weekdays, PM Peak",1691,1324,2158
"885","1 Lincoln St, Boston, MA","1100","0 Lowell Street, Andover, Andover","4/7/2017 - 5/21/2017, Weekdays, PM Peak",2626,2103,3277
"885","1 Lincoln St, Boston, MA","1102","0 Greenlodge Street, Dedham","4/7/2017 - 5/21/2017, Weekdays, PM Peak",2249,1644,3075
"885","1 Lincoln St, Boston, MA","1103","100 Kendrick Avenue, Quincy","4/7/2017 - 5/21/2017, Weekdays, PM Peak",1942,1409,2675
"885","1 Lincoln St, Boston, MA","1104","100 Grove Street, Braintree","4/7/2017 - 5/21/2017, Weekdays, PM Peak",2048,1467,2858
"885","1 Lincoln St, Boston, MA","1107","0 Winthrop Street, Kingston","4/7/2017 - 5/21/2017, Weekdays, PM Peak",3655,2972,4494
"885","1 Lincoln St, Boston, MA","1110","Cambridge Street, Allston, Boston","4/7/2017 - 5/21/2017, Weekdays, PM Peak",689,370,1279
"885","1 Lincoln St, Boston, MA","1112","1400 Shawsheen Street, Tewksbury","4/7/2017 - 5/21/2017, Weekdays, PM Peak",2316,1801,2977
"885","1 Lincoln St, Boston, MA","1116","Harborwalk, Waterfront, Boston","4/7/2017 - 5/21/2017, Weekdays, PM Peak",330,140,773
"885","1 Lincoln St, Boston, MA","1117","0 Gold Star Street, East Boston, Boston","4/7/2017 - 5/21/2017, Weekdays, PM Peak",1264,851,1876
"885","1 Lincoln St, Boston, MA","1118","0 McGreevey Way, Mission Hill, Boston","4/7/2017 - 5/21/2017, Weekdays, PM Peak",1298,969,1737
"885","1 Lincoln St, Boston, MA","1119","0 Coleus Park, Dorchester, Boston","4/7/2017 - 5/21/2017, Weekdays, PM Peak",1410,980,2026
"885","1 Lincoln St, Boston, MA","1120","0 Melville Avenue, Dorchester, Dorchester Center, Boston","4/7/2017 - 5/21/2017, Weekdays, PM Peak",1656,1171,2341
"885","1 Lincoln St, Boston, MA","1122","100 Webster Avenue, Chelsea","4/7/2017 - 5/21/2017, Weekdays, PM Peak",1099,750,1610
"885","1 Lincoln St, Boston, MA","1123","Conifer Path, Jamaica Hills / Pond, Boston","4/7/2017 - 5/21/2017, Weekdays, PM Peak",2074,1691,2543
"885","1 Lincoln St, Boston, MA","1126","0 Stark Avenue, Wakefield","4/7/2017 - 5/21/2017, Weekdays, PM Peak",2593,2056,3269
"885","1 Lincoln St, Boston, MA","1127","100 South Border Road, Medford","4/7/2017 - 5/21/2017, Weekdays, PM Peak",1384,957,2001
"885","1 Lincoln St, Boston, MA","1128","0 Lowden Avenue, Powder House Square, Somerville","4/7/2017 - 5/21/2017, Weekdays, PM Peak",1718,1271,2321
"885","1 Lincoln St, Boston, MA","1129","0 Shepard Street, Neighborhood Nine, Cambridge","4/7/2017 - 5/21/2017, Weekdays, PM Peak",1619,1163,2253
"885","1 Lincoln St, Boston, MA","1130","0 Louise Road, Belmont","4/7/2017 - 5/21/2017, Weekdays, PM Peak",1796,1424,2264
"885","1 Lincoln St, Boston, MA","1131","Yankee Division Highway, Lexington","4/7/2017 - 5/21/2017, Weekdays, PM Peak",2950,2194,3965
"885","1 Lincoln St, Boston, MA","1135","100 Main Street, Southborough","4/7/2017 - 5/21/2017, Weekdays, PM Peak",3015,2372,3830
"885","1 Lincoln St, Boston, MA","1137","0 Marion Avenue, Woburn","4/7/2017 - 5/21/2017, Weekdays, PM Peak",2571,2130,3102
"885","1 Lincoln St, Boston, MA","1138","0 Loring Avenue, Winchester","4/7/2017 - 5/21/2017, Weekdays, PM Peak",2029,1554,2648
"885","1 Lincoln St, Boston, MA","1140","300 Mystic Avenue, South Medford, Medford","4/7/2017 - 5/21/2017, Weekdays, PM Peak",1192,787,1803
"885","1 Lincoln St, Boston, MA","1141","0 Forest Street, Malden","4/7/2017 - 5/21/2017, Weekdays, PM Peak",2125,1573,2870
"885","1 Lincoln St, Boston, MA","1142","200 Massachusetts Avenue, Arlington","4/7/2017 - 5/21/2017, Weekdays, PM Peak",2191,1705,2815
"885","1 Lincoln St, Boston, MA","1143","300 Crescent Street, South Side, Waltham","4/7/2017 - 5/21/2017, Weekdays, PM Peak",1623,1260,2089
"885","1 Lincoln St, Boston, MA","1144","0 Scout Road, East Walpole, Walpole","4/7/2017 - 5/21/2017, Weekdays, PM Peak",2646,2047,3419
"885","1 Lincoln St, Boston, MA","1148","Railroad Trail, Assonet, Freetown","4/7/2017 - 5/21/2017, Weekdays, PM Peak",4134,3572,4783
"885","1 Lincoln St, Boston, MA","1151","0 Saugus Avenue, Saugus","4/7/2017 - 5/21/2017, Weekdays, PM Peak",1916,1300,2823
"885","1 Lincoln St, Boston, MA","1154","0 Newport Park Road, Manchester-by-the-Sea","4/7/2017 - 5/21/2017, Weekdays, PM Peak",3406,2829,4099
"885","1 Lincoln St, Boston, MA","1157","100 Blue Ledge Drive, Roslindale, Boston","4/7/2017 - 5/21/2017, Weekdays, PM Peak",2917,2323,3662
"885","1 Lincoln St, Boston, MA","1160","100 Austin Street, Hyde Park, Boston","4/7/2017 - 5/21/2017, Weekdays, PM Peak",2311,1801,2965
"885","1 Lincoln St, Boston, MA","1163","300 East Eagle Street, Eagle Hill, Boston","4/7/2017 - 5/21/2017, Weekdays, PM Peak",1122,712,1767
"885","1 Lincoln St, Boston, MA","1164","0 West Howell Street, Dorchester, Boston","4/7/2017 - 5/21/2017, Weekdays, PM Peak",687,375,1256
"885","1 Lincoln St, Boston, MA","1165","900 American Legion Highway, Roslindale, Boston","4/7/2017 - 5/21/2017, Weekdays, PM Peak",2149,1653,2793
"885","1 Lincoln St, Boston, MA","1170","0 Garden Avenue, Wilmington","4/7/2017 - 5/21/2017, Weekdays, PM Peak",2285,1771,2947
"885","1 Lincoln St, Boston, MA","1171","Dike Road, Stoneham","4/7/2017 - 5/21/2017, Weekdays, PM Peak",1563,1109,2201
"885","1 Lincoln St, Boston, MA","1174","600 Lynn Fells Parkway, Melrose","4/7/2017 - 5/21/2017, Weekdays, PM Peak",1960,1509,2545
"885","1 Lincoln St, Boston, MA","1175","0 Fellsmere Road, Malden","4/7/2017 - 5/21/2017, Weekdays, PM Peak",1728,1255,2379
"885","1 Lincoln St, Boston, MA","1177","0 Louds Avenue, Weymouth","4/7/2017 - 5/21/2017, Weekdays, PM Peak",2160,1538,3032
"885","1 Lincoln St, Boston, MA","1178","0 Trustman Terrace, East Boston, Boston","4/7/2017 - 5/21/2017, Weekdays, PM Peak",1203,783,1847
"885","1 Lincoln St, Boston, MA","1179","100 West Canton Street, Columbus, Boston","4/7/2017 - 5/21/2017, Weekdays, PM Peak",397,125,1254
"885","1 Lincoln St, Boston, MA","1184","200 Walnut Street, Stoughton","4/7/2017 - 5/21/2017, Weekdays, PM Peak",2798,2393,3271
"885","1 Lincoln St, Boston, MA","1185","0 Parsons Street, Brighton, Boston","4/7/2017 - 5/21/2017, Weekdays, PM Peak",1387,966,1989
"885","1 Lincoln St, Boston, MA","1186","0 Norway Park, Hyde Park, Boston","4/7/2017 - 5/21/2017, Weekdays, PM Peak",1839,1470,2300
"885","1 Lincoln St, Boston, MA","1189","0 Fairbanks Street, Brighton, Boston","4/7/2017 - 5/21/2017, Weekdays, PM Peak",828,496,1382
"885","1 Lincoln St, Boston, MA","1190","0 Willow Avenue, Davis Square, Somerville","4/7/2017 - 5/21/2017, Weekdays, PM Peak",1823,1383,2401
"885","1 Lincoln St, Boston, MA","1192","0 Woodside Road, Winchester","4/7/2017 - 5/21/2017, Weekdays, PM Peak",1854,1383,2485
"885","1 Lincoln St, Boston, MA","1193","1100 Beacon Street, Brookline","4/7/2017 - 5/21/2017, Weekdays, PM Peak",580,267,1259
"885","1 Lincoln St, Boston, MA","1194","0 Louise Road, Holbrook","4/7/2017 - 5/21/2017, Weekdays, PM Peak",2732,2061,3621
"885","1 Lincoln St, Boston, MA","1195","0 Howe Street, Dorchester, Boston","4/7/2017 - 5/21/2017, Weekdays, PM Peak",1337,928,1925
"885","1 Lincoln St, Boston, MA","1197","100 North Pearl Street, Brockton","4/7/2017 - 5/21/2017, Weekdays, PM Peak",2695,2077,3496
"885","1 Lincoln St, Boston, MA","1198","100 Ashland Street, Malden","4/7/2017 - 5/21/2017, Weekdays, PM Peak",1704,1302,2228
"885","1 Lincoln St, Boston, MA","1199","Lifecourse Trail, Newton Highlands, Newton","4/7/2017 - 5/21/2017, Weekdays, PM Peak",2004,1439,2790
"885","1 Lincoln St, Boston, MA","1202","0 Charles Street, East Weymouth, Weymouth","4/7/2017 - 5/21/2017, Weekdays, PM Peak",2246,1711,2948
"885","1 Lincoln St, Boston, MA","1203","1200 West Street, Stoughton","4/7/2017 - 5/21/2017, Weekdays, PM Peak",3076,2446,3867
"885","1 Lincoln St, Boston, MA","1208","0 1st Street, Bridgewater","4/7/2017 - 5/21/2017, Weekdays, PM Peak",3340,2786,4003
"885","1 Lincoln St, Boston, MA","1209","Cathedral Road, Plymouth","4/7/2017 - 5/21/2017, Weekdays, PM Peak",4051,3366,4874
"885","1 Lincoln St, Boston, MA","1211","Chestnut Hill Reservoir Trail, Brighton, Boston","4/7/2017 - 5/21/2017, Weekdays, PM Peak",1700,1298,2225
"885","1 Lincoln St, Boston, MA","1212","0 Snow Hill Street, North End, Boston","4/7/2017 - 5/21/2017, Weekdays, PM Peak",687,438,1075
"885","1 Lincoln St, Boston, MA","1213","200 East 8th Street, South Boston, Boston","4/7/2017 - 5/21/2017, Weekdays, PM Peak",900,614,1317
"885","1 Lincoln St, Boston, MA","1214","0 East Concord Street, South End, Boston","4/7/2017 - 5/21/2017, Weekdays, PM Peak",578,340,980
"885","1 Lincoln St, Boston, MA","1215","0 Beauford Lane, Roxbury, Boston","4/7/2017 - 5/21/2017, Weekdays, PM Peak",1368,987,1894
"885","1 Lincoln St, Boston, MA","1220","0 Perry Place, Auburn","4/7/2017 - 5/21/2017, Weekdays, PM Peak",4167,3495,4966
"885","1 Lincoln St, Boston, MA","1224","Wood Road, Bourne","4/7/2017 - 5/21/2017, Weekdays, PM Peak",4677,3959,5524
"885","1 Lincoln St, Boston, MA","1225","0 West Elm Avenue, Quincy","4/7/2017 - 5/21/2017, Weekdays, PM Peak",1373,1030,1828
"885","1 Lincoln St, Boston, MA","1226","0 Sturtevant Street, Boston","4/7/2017 - 5/21/2017, Weekdays, PM Peak",872,531,1429
"885","1 Lincoln St, Boston, MA","1227","0 Port Norfolk Street, Dorchester, Boston","4/7/2017 - 5/21/2017, Weekdays, PM Peak",895,565,1415
"885","1 Lincoln St, Boston, MA","1228","0 Ashley Street, Jamaica Plain, Boston","4/7/2017 - 5/21/2017, Weekdays, PM Peak",1438,1081,1912
"885","1 Lincoln St, Boston, MA","1229","0 Michael Road, Wakefield","4/7/2017 - 5/21/2017, Weekdays, PM Peak",2379,1821,3106
"885","1 Lincoln St, Boston, MA","1230","100 Millwood Street, Framingham","4/7/2017 - 5/21/2017, Weekdays, PM Peak",2511,1931,3264
"885","1 Lincoln St, Boston, MA","1232","400 Newton Street, Chestnut Hill, Brookline","4/7/2017 - 5/21/2017, Weekdays, PM Peak",2249,1653,3058
"885","1 Lincoln St, Boston, MA","1233","0 Thackeray Road, Wellesley Hills, Wellesley","4/7/2017 - 5/21/2017, Weekdays, PM Peak",1825,1356,2455
"885","1 Lincoln St, Boston, MA","1236","200 North Main Street, Sharon","4/7/2017 - 5/21/2017, Weekdays, PM Peak",3055,2430,3839
"885","1 Lincoln St, Boston, MA","1237","100 Colonial Drive, Quincy","4/7/2017 - 5/21/2017, Weekdays, PM Peak",1746,1250,2436
"885","1 Lincoln St, Boston, MA","1238","0 Orient Avenue, Arlington","4/7/2017 - 5/21/2017, Weekdays, PM Peak",2455,1841,3273
"885","1 Lincoln St, Boston, MA","1239","0 Walnut Street, Belmont","4/7/2017 - 5/21/2017, Weekdays, PM Peak",1837,1435,2350
"885","1 Lincoln St, Boston, MA","1240","0 Middlesex Circle, Waltham","4/7/2017 - 5/21/2017, Weekdays, PM Peak",2080,1628,2656
"885","1 Lincoln St, Boston, MA","1241","0 Kenilworth Street, Newton Corner, Newton","4/7/2017 - 5/21/2017, Weekdays, PM Peak",1494,1080,2066
"885","1 Lincoln St, Boston, MA","1242","0 Scribner Park, Auburndale, Newton","4/7/2017 - 5/21/2017, Weekdays, PM Peak",1310,927,1850
"885","1 Lincoln St, Boston, MA","1245","0 Leland Road, North Reading","4/7/2017 - 5/21/2017, Weekdays, PM Peak",2481,1992,3089
"885","1 Lincoln St, Boston, MA","1246","North Shore Road, Revere","4/7/2017 - 5/21/2017, Weekdays, PM Peak",1950,1472,2581
"885","1 Lincoln St, Boston, MA","1247","Stony Brook Path, Boston","4/7/2017 - 5/21/2017, Weekdays, PM Peak",2630,2162,3199