"Origin Movement ID","Origin Display Name","Destination Movement ID","Destination Display Name","Date Range","Mean Travel Time (Seconds)","Range - Lower Bound Travel Time (Seconds)","Range - Upper Bound Travel Time (Seconds)"
"885","1 Lincoln St, Boston, MA","3","0 Flaherty Way, D Street / West Broadway, Boston","8/28/2017 - 9/24/2017, Weekdays, PM Peak",641,373,1101
"885","1 Lincoln St, Boston, MA","5","0 Queensberry Street, Fenway/Kenmore, Boston","8/28/2017 - 9/24/2017, Weekdays, PM Peak",1152,827,1604
"885","1 Lincoln St, Boston, MA","13","200 Liberty Street, Braintree","8/28/2017 - 9/24/2017, Weekdays, PM Peak",2009,1402,2878
"885","1 Lincoln St, Boston, MA","14","400 Cushing Street, Hingham","8/28/2017 - 9/24/2017, Weekdays, PM Peak",2442,1741,3423
"885","1 Lincoln St, Boston, MA","16","100 Kenrick Street, Oak Square, Boston","8/28/2017 - 9/24/2017, Weekdays, PM Peak",1734,1236,2432
"885","1 Lincoln St, Boston, MA","17","0 Maggi Road, Revere","8/28/2017 - 9/24/2017, Weekdays, PM Peak",1621,1194,2199
"885","1 Lincoln St, Boston, MA","18","0 Lake Street, Billerica","8/28/2017 - 9/24/2017, Weekdays, PM Peak",2992,2363,3787
"885","1 Lincoln St, Boston, MA","19","200 Ocean Street, Lynn","8/28/2017 - 9/24/2017, Weekdays, PM Peak",2661,2128,3327
"885","1 Lincoln St, Boston, MA","20","0 Florence Street, Everett","8/28/2017 - 9/24/2017, Weekdays, PM Peak",1659,1050,2620
"885","1 Lincoln St, Boston, MA","21","0 Canal Lane, Somerville","8/28/2017 - 9/24/2017, Weekdays, PM Peak",1158,731,1834
"885","1 Lincoln St, Boston, MA","24","Blue Star Memorial Highway, Bourne","8/28/2017 - 9/24/2017, Weekdays, PM Peak",5007,4660,5378
"885","1 Lincoln St, Boston, MA","27","100 Inner Belt Road, Inner Belt, Somerville","8/28/2017 - 9/24/2017, Weekdays, PM Peak",896,526,1525
"885","1 Lincoln St, Boston, MA","28","0 Lincoln Road, Brookline","8/28/2017 - 9/24/2017, Weekdays, PM Peak",1809,1381,2369
"885","1 Lincoln St, Boston, MA","29","100 Crosby Street, Arlington","8/28/2017 - 9/24/2017, Weekdays, PM Peak",2187,1732,2760
"885","1 Lincoln St, Boston, MA","30","0 Stagecoach Way, Hopkinton","8/28/2017 - 9/24/2017, Weekdays, PM Peak",3093,2276,4202
"885","1 Lincoln St, Boston, MA","32","0 Gainsborough Street, Fenway/Kenmore, Boston","8/28/2017 - 9/24/2017, Weekdays, PM Peak",1181,893,1560
"885","1 Lincoln St, Boston, MA","33","200 Prospect Avenue, Revere","8/28/2017 - 9/24/2017, Weekdays, PM Peak",1237,820,1864
"885","1 Lincoln St, Boston, MA","37","0 Perrin Street, Roxbury, Boston","8/28/2017 - 9/24/2017, Weekdays, PM Peak",1240,867,1771
"885","1 Lincoln St, Boston, MA","38","McLean Street, Belmont","8/28/2017 - 9/24/2017, Weekdays, PM Peak",2070,1702,2516
"885","1 Lincoln St, Boston, MA","40","0 Aycliffe Road, Swampscott","8/28/2017 - 9/24/2017, Weekdays, PM Peak",2874,2311,3573
"885","1 Lincoln St, Boston, MA","41","200 Sumner Street, East Boston, Boston","8/28/2017 - 9/24/2017, Weekdays, PM Peak",1031,689,1542
"885","1 Lincoln St, Boston, MA","46","300 River Street, Cambridgeport, Cambridge","8/28/2017 - 9/24/2017, Weekdays, PM Peak",1000,607,1646
"885","1 Lincoln St, Boston, MA","47","200 Huntington Avenue, Prudential / St. Botolph, Boston","8/28/2017 - 9/24/2017, Weekdays, PM Peak",878,394,1953
"885","1 Lincoln St, Boston, MA","48","100 Gove Street, East Boston, Boston","8/28/2017 - 9/24/2017, Weekdays, PM Peak",1001,659,1519
"885","1 Lincoln St, Boston, MA","51","0 Peterborough Street, West Fens, Boston","8/28/2017 - 9/24/2017, Weekdays, PM Peak",1162,744,1812
"885","1 Lincoln St, Boston, MA","52","0 Berkshire Street, Wellington-Harrington, Cambridge","8/28/2017 - 9/24/2017, Weekdays, PM Peak",1486,1094,2017
"885","1 Lincoln St, Boston, MA","53","600 Commonwealth Avenue, Fenway/Kenmore, Boston","8/28/2017 - 9/24/2017, Weekdays, PM Peak",577,252,1319
"885","1 Lincoln St, Boston, MA","54","0 Binney Street, Arefth, Cambridge","8/28/2017 - 9/24/2017, Weekdays, PM Peak",1146,755,1739
"885","1 Lincoln St, Boston, MA","58","100 Summit Avenue, Corey Hill, Brookline","8/28/2017 - 9/24/2017, Weekdays, PM Peak",1674,1293,2166
"885","1 Lincoln St, Boston, MA","59","300 Shea Memorial Drive, SouthField, Weymouth","8/28/2017 - 9/24/2017, Weekdays, PM Peak",2704,2093,3492
"885","1 Lincoln St, Boston, MA","60","Pilgrims Highway, Weymouth","8/28/2017 - 9/24/2017, Weekdays, PM Peak",2201,1545,3133
"885","1 Lincoln St, Boston, MA","61","0 Eagle Lane, Wrentham","8/28/2017 - 9/24/2017, Weekdays, PM Peak",3605,2943,4415
"885","1 Lincoln St, Boston, MA","62","200 Pond Street, Avon","8/28/2017 - 9/24/2017, Weekdays, PM Peak",2763,1752,4355
"885","1 Lincoln St, Boston, MA","65","0 Glen Road, Reading","8/28/2017 - 9/24/2017, Weekdays, PM Peak",2186,1571,3040
"885","1 Lincoln St, Boston, MA","68","100 Beacon Street, Back Bay East, Boston","8/28/2017 - 9/24/2017, Weekdays, PM Peak",636,406,994
"885","1 Lincoln St, Boston, MA","69","0 Burrill Avenue, Lynn","8/28/2017 - 9/24/2017, Weekdays, PM Peak",2765,2221,3441
"885","1 Lincoln St, Boston, MA","77","0 The Mountain Road, Framingham","8/28/2017 - 9/24/2017, Weekdays, PM Peak",2570,1959,3370
"885","1 Lincoln St, Boston, MA","79","Massachusetts State House, Beacon Hill, Boston","8/28/2017 - 9/24/2017, Weekdays, PM Peak",265,62,1120
"885","1 Lincoln St, Boston, MA","80","0 Bussell Road, West Medford, Medford","8/28/2017 - 9/24/2017, Weekdays, PM Peak",1710,1079,2707
"885","1 Lincoln St, Boston, MA","82","100 Private Alley 527, South End, Boston","8/28/2017 - 9/24/2017, Weekdays, PM Peak",780,551,1102
"885","1 Lincoln St, Boston, MA","83","0 Golden Drive, Winthrop","8/28/2017 - 9/24/2017, Weekdays, PM Peak",1442,1156,1797
"885","1 Lincoln St, Boston, MA","89","0 Cottage Street, Lynn","8/28/2017 - 9/24/2017, Weekdays, PM Peak",1980,1615,2426
"885","1 Lincoln St, Boston, MA","92","Southeast Expressway, Quincy","8/28/2017 - 9/24/2017, Weekdays, PM Peak",1548,1040,2303
"885","1 Lincoln St, Boston, MA","94","300 Marlborough Street, Back Bay, Boston","8/28/2017 - 9/24/2017, Weekdays, PM Peak",907,596,1378
"885","1 Lincoln St, Boston, MA","95","0 G Street, South Boston, Boston","8/28/2017 - 9/24/2017, Weekdays, PM Peak",848,597,1202
"885","1 Lincoln St, Boston, MA","97","300 Bishops Forest Drive, Waltham","8/28/2017 - 9/24/2017, Weekdays, PM Peak",2204,1810,2683
"885","1 Lincoln St, Boston, MA","98","100 Suffolk Road, Chestnut Hill, Newton","8/28/2017 - 9/24/2017, Weekdays, PM Peak",1854,1361,2524
"885","1 Lincoln St, Boston, MA","105","100 Columbia Street, The Port, Cambridge","8/28/2017 - 9/24/2017, Weekdays, PM Peak",1488,1068,2071
"885","1 Lincoln St, Boston, MA","113","0 McKinley Road, Salem","8/28/2017 - 9/24/2017, Weekdays, PM Peak",3201,2493,4108
"885","1 Lincoln St, Boston, MA","118","0 County Way Extension, Beverly","8/28/2017 - 9/24/2017, Weekdays, PM Peak",2624,2137,3221
"885","1 Lincoln St, Boston, MA","120","0 Cherrywood Circle, Andover","8/28/2017 - 9/24/2017, Weekdays, PM Peak",3301,2432,4479
"885","1 Lincoln St, Boston, MA","126","200 Paris Way, Woburn","8/28/2017 - 9/24/2017, Weekdays, PM Peak",2511,2095,3009
"885","1 Lincoln St, Boston, MA","127","200 Vinton Street, Melrose","8/28/2017 - 9/24/2017, Weekdays, PM Peak",2449,1792,3345
"885","1 Lincoln St, Boston, MA","128","100 Glen Street, Malden","8/28/2017 - 9/24/2017, Weekdays, PM Peak",1843,1344,2526
"885","1 Lincoln St, Boston, MA","129","0 Glendale Street, Everett","8/28/2017 - 9/24/2017, Weekdays, PM Peak",1952,1570,2425
"885","1 Lincoln St, Boston, MA","130","0 Cambria Street, Spring Hill, Somerville","8/28/2017 - 9/24/2017, Weekdays, PM Peak",1664,1252,2210
"885","1 Lincoln St, Boston, MA","131","2000 Massachusetts Avenue, North Cambridge, Cambridge","8/28/2017 - 9/24/2017, Weekdays, PM Peak",1959,1507,2545
"885","1 Lincoln St, Boston, MA","132","0 Townsend Road, Belmont","8/28/2017 - 9/24/2017, Weekdays, PM Peak",1858,1437,2400
"885","1 Lincoln St, Boston, MA","133","0 Old Mill Road, West Concord, Concord","8/28/2017 - 9/24/2017, Weekdays, PM Peak",2757,2045,3716
"885","1 Lincoln St, Boston, MA","134","Yankee Division Highway, Waltham","8/28/2017 - 9/24/2017, Weekdays, PM Peak",1994,1519,2616
"885","1 Lincoln St, Boston, MA","135","100 Orchard Street, Watertown","8/28/2017 - 9/24/2017, Weekdays, PM Peak",1610,1195,2168
"885","1 Lincoln St, Boston, MA","136","200 Adams Avenue, West Newton, Newton","8/28/2017 - 9/24/2017, Weekdays, PM Peak",1380,1017,1871
"885","1 Lincoln St, Boston, MA","137","0 Badger Road, Framingham","8/28/2017 - 9/24/2017, Weekdays, PM Peak",2673,2044,3494
"885","1 Lincoln St, Boston, MA","138","0 Emmett Avenue, Dedham","8/28/2017 - 9/24/2017, Weekdays, PM Peak",2776,2093,3681
"885","1 Lincoln St, Boston, MA","140","100 Montclair Avenue, Quincy","8/28/2017 - 9/24/2017, Weekdays, PM Peak",1293,850,1965
"885","1 Lincoln St, Boston, MA","141","0 Brooks Avenue, Quincy","8/28/2017 - 9/24/2017, Weekdays, PM Peak",1700,1229,2351
"885","1 Lincoln St, Boston, MA","142","0 Althea Road, Randolph","8/28/2017 - 9/24/2017, Weekdays, PM Peak",2511,1577,3996
"885","1 Lincoln St, Boston, MA","143","0 Lantern Lane, Wrentham","8/28/2017 - 9/24/2017, Weekdays, PM Peak",3827,2945,4972
"885","1 Lincoln St, Boston, MA","144","900 Massachusetts 139, Stoughton","8/28/2017 - 9/24/2017, Weekdays, PM Peak",2646,1806,3874
"885","1 Lincoln St, Boston, MA","148","0 Center Avenue, Middleborough Center, Middleborough","8/28/2017 - 9/24/2017, Weekdays, PM Peak",3969,3116,5055
"885","1 Lincoln St, Boston, MA","150","Monastery Path, Brighton, Boston","8/28/2017 - 9/24/2017, Weekdays, PM Peak",1365,942,1976
"885","1 Lincoln St, Boston, MA","151","300 Commercial Street, North End, Boston","8/28/2017 - 9/24/2017, Weekdays, PM Peak",751,490,1150
"885","1 Lincoln St, Boston, MA","152","400 Border Street, East Boston, Boston","8/28/2017 - 9/24/2017, Weekdays, PM Peak",1167,821,1658
"885","1 Lincoln St, Boston, MA","153","200 Marginal Street, Jeffries Point, Boston","8/28/2017 - 9/24/2017, Weekdays, PM Peak",618,356,1069
"885","1 Lincoln St, Boston, MA","154","700 Washington Street, Downtown, Boston","8/28/2017 - 9/24/2017, Weekdays, PM Peak",270,86,842
"885","1 Lincoln St, Boston, MA","155","100 West Springfield Street, South End, Boston","8/28/2017 - 9/24/2017, Weekdays, PM Peak",773,535,1116
"885","1 Lincoln St, Boston, MA","156","0 Academy Road, Roxbury, Boston","8/28/2017 - 9/24/2017, Weekdays, PM Peak",1294,926,1806
"885","1 Lincoln St, Boston, MA","157","100 Train Street, Dorchester, Boston","8/28/2017 - 9/24/2017, Weekdays, PM Peak",1526,1097,2122
"885","1 Lincoln St, Boston, MA","158","100 Sycamore Street, Roslindale, Boston","8/28/2017 - 9/24/2017, Weekdays, PM Peak",2235,1843,2710
"885","1 Lincoln St, Boston, MA","159","0 Congress Avenue, Chelsea","8/28/2017 - 9/24/2017, Weekdays, PM Peak",1205,792,1832
"885","1 Lincoln St, Boston, MA","160","0 Franklin Place, Revere","8/28/2017 - 9/24/2017, Weekdays, PM Peak",1444,1002,2080
"885","1 Lincoln St, Boston, MA","161","0 William Fairfield Drive, Wenham","8/28/2017 - 9/24/2017, Weekdays, PM Peak",3050,2381,3905
"885","1 Lincoln St, Boston, MA","167","0 Miner Street, Fenway/Kenmore, Boston","8/28/2017 - 9/24/2017, Weekdays, PM Peak",1283,864,1905
"885","1 Lincoln St, Boston, MA","170","0 Stowe Road, Sandwich","8/28/2017 - 9/24/2017, Weekdays, PM Peak",5209,4334,6260
"885","1 Lincoln St, Boston, MA","171","0 Andrew Road, Sagamore Beach, Bourne","8/28/2017 - 9/24/2017, Weekdays, PM Peak",4739,3859,5818
"885","1 Lincoln St, Boston, MA","172","100 Poquanticut Avenue, North Easton, Easton","8/28/2017 - 9/24/2017, Weekdays, PM Peak",3636,3039,4349
"885","1 Lincoln St, Boston, MA","175","0 Hazelwood Avenue, Attleboro","8/28/2017 - 9/24/2017, Weekdays, PM Peak",3999,3165,5051
"885","1 Lincoln St, Boston, MA","182","0 The Greenway, Swampscott","8/28/2017 - 9/24/2017, Weekdays, PM Peak",2850,2328,3487
"885","1 Lincoln St, Boston, MA","184","0 South Street, Lynn","8/28/2017 - 9/24/2017, Weekdays, PM Peak",2362,1859,3001
"885","1 Lincoln St, Boston, MA","197","100 Beach Street, Marlborough","8/28/2017 - 9/24/2017, Weekdays, PM Peak",3188,2510,4048
"885","1 Lincoln St, Boston, MA","200","100 Orange Street, Reading","8/28/2017 - 9/24/2017, Weekdays, PM Peak",1827,1192,2799
"885","1 Lincoln St, Boston, MA","201","0 Cleveland Street, Melrose","8/28/2017 - 9/24/2017, Weekdays, PM Peak",2213,1573,3112
"885","1 Lincoln St, Boston, MA","202","0 Girard Road, Winchester","8/28/2017 - 9/24/2017, Weekdays, PM Peak",2394,1817,3153
"885","1 Lincoln St, Boston, MA","203","0 Hall Street, Medford","8/28/2017 - 9/24/2017, Weekdays, PM Peak",1266,807,1984
"885","1 Lincoln St, Boston, MA","204","0 Mohan Street, Everett","8/28/2017 - 9/24/2017, Weekdays, PM Peak",1876,1445,2434
"885","1 Lincoln St, Boston, MA","205","0 Cutler Street, Magoun Square, Somerville","8/28/2017 - 9/24/2017, Weekdays, PM Peak",1647,1209,2242
"885","1 Lincoln St, Boston, MA","206","0 Claremon Street, Teele Square, Somerville","8/28/2017 - 9/24/2017, Weekdays, PM Peak",2072,1687,2544
"885","1 Lincoln St, Boston, MA","207","0 Museum Way, East Cambridge, Cambridge","8/28/2017 - 9/24/2017, Weekdays, PM Peak",898,542,1485
"885","1 Lincoln St, Boston, MA","208","0 Jefferson Street, Wellington-Harrington, Cambridge","8/28/2017 - 9/24/2017, Weekdays, PM Peak",1557,1130,2144
"885","1 Lincoln St, Boston, MA","209","100 Magazine Street, Cambridgeport, Cambridge","8/28/2017 - 9/24/2017, Weekdays, PM Peak",1195,817,1747
"885","1 Lincoln St, Boston, MA","210","0 Cowperthwaite Garage, Cowperthwaite Street, Riverside, Cambridge","8/28/2017 - 9/24/2017, Weekdays, PM Peak",1165,817,1659
"885","1 Lincoln St, Boston, MA","211","0 Haskell Street, North Cambridge, Cambridge","8/28/2017 - 9/24/2017, Weekdays, PM Peak",1910,1524,2393
"885","1 Lincoln St, Boston, MA","212","100 Claremont Avenue, Arlington","8/28/2017 - 9/24/2017, Weekdays, PM Peak",2491,1889,3283
"885","1 Lincoln St, Boston, MA","213","0 Gorham Road, Belmont","8/28/2017 - 9/24/2017, Weekdays, PM Peak",1929,1498,2483
"885","1 Lincoln St, Boston, MA","214","0 Valley View Road, Weston","8/28/2017 - 9/24/2017, Weekdays, PM Peak",1988,1625,2431
"885","1 Lincoln St, Boston, MA","215","0 Rose Avenue, Watertown","8/28/2017 - 9/24/2017, Weekdays, PM Peak",1741,1349,2246
"885","1 Lincoln St, Boston, MA","216","200 Cabot Street, Newtonville, Newton","8/28/2017 - 9/24/2017, Weekdays, PM Peak",1496,1047,2136
"885","1 Lincoln St, Boston, MA","217","0 Hartford Street, Natick","8/28/2017 - 9/24/2017, Weekdays, PM Peak",2683,2087,3447
"885","1 Lincoln St, Boston, MA","220","100 Coolidge Street, North Brookline, Brookline","8/28/2017 - 9/24/2017, Weekdays, PM Peak",1601,1183,2165
"885","1 Lincoln St, Boston, MA","221","0 Colbourne Crescent, Aspinwall Hill, Brookline","8/28/2017 - 9/24/2017, Weekdays, PM Peak",1873,1467,2390
"885","1 Lincoln St, Boston, MA","222","0 Walnut Place, High Street Hill, Brookline","8/28/2017 - 9/24/2017, Weekdays, PM Peak",1775,1407,2238
"885","1 Lincoln St, Boston, MA","223","0 Berkshire Road, Babson Park, Wellesley","8/28/2017 - 9/24/2017, Weekdays, PM Peak",2207,1683,2892
"885","1 Lincoln St, Boston, MA","225","0 Longmeadow Drive, Westwood","8/28/2017 - 9/24/2017, Weekdays, PM Peak",2267,1682,3053
"885","1 Lincoln St, Boston, MA","227","1100 Commonwealth Avenue, Allston, Boston","8/28/2017 - 9/24/2017, Weekdays, PM Peak",1465,1051,2040
"885","1 Lincoln St, Boston, MA","228","200 Central Avenue, Milton","8/28/2017 - 9/24/2017, Weekdays, PM Peak",1555,1056,2288
"885","1 Lincoln St, Boston, MA","229","100 Main Street, Quincy","8/28/2017 - 9/24/2017, Weekdays, PM Peak",2196,1573,3064
"885","1 Lincoln St, Boston, MA","230","0 Saddle Row, Plainville","8/28/2017 - 9/24/2017, Weekdays, PM Peak",3759,2904,4865
"885","1 Lincoln St, Boston, MA","232","0 Free Street, Hingham","8/28/2017 - 9/24/2017, Weekdays, PM Peak",2678,1974,3631
"885","1 Lincoln St, Boston, MA","237","Fall River Expressway, Brockton","8/28/2017 - 9/24/2017, Weekdays, PM Peak",3041,2290,4036
"885","1 Lincoln St, Boston, MA","241","100 Colborne Road, Brighton, Boston","8/28/2017 - 9/24/2017, Weekdays, PM Peak",1689,1230,2319
"885","1 Lincoln St, Boston, MA","242","0 Park Street, Charlestown, Boston","8/28/2017 - 9/24/2017, Weekdays, PM Peak",874,588,1297
"885","1 Lincoln St, Boston, MA","243","0 San Juan Street, South End, Boston","8/28/2017 - 9/24/2017, Weekdays, PM Peak",678,457,1004
"885","1 Lincoln St, Boston, MA","244","500 Columbus Avenue, South End, Boston","8/28/2017 - 9/24/2017, Weekdays, PM Peak",863,624,1193
"885","1 Lincoln St, Boston, MA","245","100 Saint Alphonsus Street, Mission Hill, Boston","8/28/2017 - 9/24/2017, Weekdays, PM Peak",1444,1059,1968
"885","1 Lincoln St, Boston, MA","246","300 Mount Vernon Street, Dorchester, Boston","8/28/2017 - 9/24/2017, Weekdays, PM Peak",995,641,1542
"885","1 Lincoln St, Boston, MA","247","0 Bowdoin Avenue, Dorchester, Boston","8/28/2017 - 9/24/2017, Weekdays, PM Peak",1860,1407,2457
"885","1 Lincoln St, Boston, MA","248","0 Evans Street, West Codman Hill / West Lower Mills, Dorchester Center, Boston","8/28/2017 - 9/24/2017, Weekdays, PM Peak",1871,1337,2617
"885","1 Lincoln St, Boston, MA","249","200 River Street, Mattapan, Boston","8/28/2017 - 9/24/2017, Weekdays, PM Peak",1958,1410,2717
"885","1 Lincoln St, Boston, MA","250","0 Gretter Road, West Roxbury, Boston","8/28/2017 - 9/24/2017, Weekdays, PM Peak",2246,1753,2877
"885","1 Lincoln St, Boston, MA","251","0 Grotto Glen Road, Jamaica Plain, Boston","8/28/2017 - 9/24/2017, Weekdays, PM Peak",1620,1224,2143
"885","1 Lincoln St, Boston, MA","253","0 Kimball Road, Chelsea","8/28/2017 - 9/24/2017, Weekdays, PM Peak",1167,775,1757
"885","1 Lincoln St, Boston, MA","254","1200 North Shore Road, Revere","8/28/2017 - 9/24/2017, Weekdays, PM Peak",1732,1264,2371
"885","1 Lincoln St, Boston, MA","255","Rosedale Avenue, Forest Hills / Woodbourne, Boston","8/28/2017 - 9/24/2017, Weekdays, PM Peak",1986,1428,2760
"885","1 Lincoln St, Boston, MA","261","0 6th Street, Arefth, Cambridge","8/28/2017 - 9/24/2017, Weekdays, PM Peak",1303,939,1806
"885","1 Lincoln St, Boston, MA","268","0 Congress Street, Salem","8/28/2017 - 9/24/2017, Weekdays, PM Peak",3631,3186,4137
"885","1 Lincoln St, Boston, MA","270","0 Sugar Hill Circle, Methuen","8/28/2017 - 9/24/2017, Weekdays, PM Peak",3892,2731,5546
"885","1 Lincoln St, Boston, MA","275","0 Theresa Road, Stoneham","8/28/2017 - 9/24/2017, Weekdays, PM Peak",2211,1665,2935
"885","1 Lincoln St, Boston, MA","276","0 Howard Street, Malden","8/28/2017 - 9/24/2017, Weekdays, PM Peak",1921,1531,2410
"885","1 Lincoln St, Boston, MA","277","0 Edwin H Land Boulevard, East Cambridge, Cambridge","8/28/2017 - 9/24/2017, Weekdays, PM Peak",1045,672,1623
"885","1 Lincoln St, Boston, MA","279","200 Seminole Avenue, Lakeview, Waltham","8/28/2017 - 9/24/2017, Weekdays, PM Peak",1942,1461,2581
"885","1 Lincoln St, Boston, MA","280","0 Linder Terrace, Hunnewell Hill, Newton","8/28/2017 - 9/24/2017, Weekdays, PM Peak",957,652,1403
"885","1 Lincoln St, Boston, MA","281","0 Meadowbrook Road, Quincy","8/28/2017 - 9/24/2017, Weekdays, PM Peak",1560,1103,2206
"885","1 Lincoln St, Boston, MA","282","0 Pleasant View Avenue, Braintree","8/28/2017 - 9/24/2017, Weekdays, PM Peak",2154,1651,2808
"885","1 Lincoln St, Boston, MA","283","0 Squibnocket Road, Franklin","8/28/2017 - 9/24/2017, Weekdays, PM Peak",3656,2965,4507
"885","1 Lincoln St, Boston, MA","285","100 Foster Street, Brighton, Boston","8/28/2017 - 9/24/2017, Weekdays, PM Peak",1662,1223,2258
"885","1 Lincoln St, Boston, MA","286","0 Border Street, East Boston, Boston","8/28/2017 - 9/24/2017, Weekdays, PM Peak",861,576,1286
"885","1 Lincoln St, Boston, MA","287","0 Murray Way, South Boston, Boston","8/28/2017 - 9/24/2017, Weekdays, PM Peak",1047,731,1498
"885","1 Lincoln St, Boston, MA","288","0 Wakullah Street, Roxbury, Boston","8/28/2017 - 9/24/2017, Weekdays, PM Peak",1137,801,1612
"885","1 Lincoln St, Boston, MA","289","500 Baker Street, West Roxbury, Boston","8/28/2017 - 9/24/2017, Weekdays, PM Peak",2414,1888,3085
"885","1 Lincoln St, Boston, MA","290","100 Tremont Street, Boston","8/28/2017 - 9/24/2017, Weekdays, PM Peak",313,111,875
"885","1 Lincoln St, Boston, MA","293","0 Osgood Street, Salem","8/28/2017 - 9/24/2017, Weekdays, PM Peak",3398,2642,4370
"885","1 Lincoln St, Boston, MA","294","0 Chelsea Street, East Boston, Boston","8/28/2017 - 9/24/2017, Weekdays, PM Peak",883,601,1295
"885","1 Lincoln St, Boston, MA","296","0 Cleverly Court, Quincy","8/28/2017 - 9/24/2017, Weekdays, PM Peak",2091,1615,2706
"885","1 Lincoln St, Boston, MA","297","100 Arlington Street, Bay Village, Boston","8/28/2017 - 9/24/2017, Weekdays, PM Peak",422,136,1300
"885","1 Lincoln St, Boston, MA","298","100 Whitford Street, Roslindale, Boston","8/28/2017 - 9/24/2017, Weekdays, PM Peak",2375,1804,3125
"885","1 Lincoln St, Boston, MA","299","0 Round Hill Street, Jamaica Plain, Boston","8/28/2017 - 9/24/2017, Weekdays, PM Peak",1352,893,2045
"885","1 Lincoln St, Boston, MA","301","0 John J Brady Drive, Framingham","8/28/2017 - 9/24/2017, Weekdays, PM Peak",2249,1322,3824
"885","1 Lincoln St, Boston, MA","302","0 Leon Street, Fenway/Kenmore, Boston","8/28/2017 - 9/24/2017, Weekdays, PM Peak",1131,789,1620
"885","1 Lincoln St, Boston, MA","303","200 Old County Road, East Sandwich, Sandwich","8/28/2017 - 9/24/2017, Weekdays, PM Peak",5195,4322,6243
"885","1 Lincoln St, Boston, MA","310","0 Sharon Street, Malden","8/28/2017 - 9/24/2017, Weekdays, PM Peak",2044,1576,2650
"885","1 Lincoln St, Boston, MA","311","800 Monument Street, Concord","8/28/2017 - 9/24/2017, Weekdays, PM Peak",2472,1828,3342
"885","1 Lincoln St, Boston, MA","312","0 Loring Drive, Framingham","8/28/2017 - 9/24/2017, Weekdays, PM Peak",3014,2735,3320
"885","1 Lincoln St, Boston, MA","313","0 Pond Plain Road, Westwood","8/28/2017 - 9/24/2017, Weekdays, PM Peak",2712,2145,3427
"885","1 Lincoln St, Boston, MA","314","1000 Pleasant Street, East Weymouth, Weymouth","8/28/2017 - 9/24/2017, Weekdays, PM Peak",2552,1872,3478
"885","1 Lincoln St, Boston, MA","316","Edgeworth, Charlestown, Boston","8/28/2017 - 9/24/2017, Weekdays, PM Peak",938,601,1461
"885","1 Lincoln St, Boston, MA","317","100 Bowen Street, D Street / West Broadway, Boston","8/28/2017 - 9/24/2017, Weekdays, PM Peak",756,481,1186
"885","1 Lincoln St, Boston, MA","318","0 Stella Road, Roslindale, Boston","8/28/2017 - 9/24/2017, Weekdays, PM Peak",2112,1306,3415
"885","1 Lincoln St, Boston, MA","320","0 Pleasant Street, North Brookline, Brookline","8/28/2017 - 9/24/2017, Weekdays, PM Peak",1545,1170,2038
"885","1 Lincoln St, Boston, MA","327","0 Labelle Street, Marlborough","8/28/2017 - 9/24/2017, Weekdays, PM Peak",3221,2530,4100
"885","1 Lincoln St, Boston, MA","328","0 Clinton Street, Everett","8/28/2017 - 9/24/2017, Weekdays, PM Peak",1670,1238,2252
"885","1 Lincoln St, Boston, MA","329","0 Tyler Street, Ward Two, Somerville","8/28/2017 - 9/24/2017, Weekdays, PM Peak",1631,1208,2201
"885","1 Lincoln St, Boston, MA","330","100 Vassal Lane, West Cambridge, Cambridge","8/28/2017 - 9/24/2017, Weekdays, PM Peak",1606,1177,2189
"885","1 Lincoln St, Boston, MA","331","0 Seaport Drive, Marina Bay, Quincy","8/28/2017 - 9/24/2017, Weekdays, PM Peak",1254,839,1872
"885","1 Lincoln St, Boston, MA","332","100 Wolf Pond Road, Kingston","8/28/2017 - 9/24/2017, Weekdays, PM Peak",3576,2806,4556
"885","1 Lincoln St, Boston, MA","333","0 Huntington Avenue, Prudential / St. Botolph, Boston","8/28/2017 - 9/24/2017, Weekdays, PM Peak",529,188,1487
"885","1 Lincoln St, Boston, MA","334","0 Westbourne Street, Roslindale, Boston","8/28/2017 - 9/24/2017, Weekdays, PM Peak",2585,1987,3362
"885","1 Lincoln St, Boston, MA","335","100 Everett Avenue, Chelsea","8/28/2017 - 9/24/2017, Weekdays, PM Peak",1086,696,1692
"885","1 Lincoln St, Boston, MA","337","100 Svenson Avenue, Broadmeadow Brook, Worcester","8/28/2017 - 9/24/2017, Weekdays, PM Peak",3672,3065,4399
"885","1 Lincoln St, Boston, MA","340","0 Bent Avenue, Cochituate, Wayland","8/28/2017 - 9/24/2017, Weekdays, PM Peak",2124,1595,2826
"885","1 Lincoln St, Boston, MA","341","0 Fountain Avenue, East Somerville, Somerville","8/28/2017 - 9/24/2017, Weekdays, PM Peak",1257,874,1807
"885","1 Lincoln St, Boston, MA","342","0 Payson Street, Vernon Hill, Worcester","8/28/2017 - 9/24/2017, Weekdays, PM Peak",3812,3182,4565
"885","1 Lincoln St, Boston, MA","345","0 West Street, Auburn","8/28/2017 - 9/24/2017, Weekdays, PM Peak",4423,3372,5801
"885","1 Lincoln St, Boston, MA","346","0 Meadowbrook Road, Grafton","8/28/2017 - 9/24/2017, Weekdays, PM Peak",3556,2770,4564
"885","1 Lincoln St, Boston, MA","349","0 Smith Parkway, Westborough","8/28/2017 - 9/24/2017, Weekdays, PM Peak",4122,3755,4524
"885","1 Lincoln St, Boston, MA","352","200 Prospect Street, South Easton, Easton","8/28/2017 - 9/24/2017, Weekdays, PM Peak",3622,3043,4310
"885","1 Lincoln St, Boston, MA","353","100 Burt Street, Norton","8/28/2017 - 9/24/2017, Weekdays, PM Peak",3941,3267,4752
"885","1 Lincoln St, Boston, MA","357","500 County Street, Taunton","8/28/2017 - 9/24/2017, Weekdays, PM Peak",3913,3035,5044
"885","1 Lincoln St, Boston, MA","359","100 Colonial Road, North Attleborough Center, North Attleborough","8/28/2017 - 9/24/2017, Weekdays, PM Peak",4076,3214,5169
"885","1 Lincoln St, Boston, MA","360","0 Landsdowne Street, MIT, Cambridge","8/28/2017 - 9/24/2017, Weekdays, PM Peak",1293,962,1737
"885","1 Lincoln St, Boston, MA","361","0 Hayes Street, Riverside, Cambridge","8/28/2017 - 9/24/2017, Weekdays, PM Peak",1267,881,1821
"885","1 Lincoln St, Boston, MA","362","0 Roberts Road, Mid-Cambridge, Cambridge","8/28/2017 - 9/24/2017, Weekdays, PM Peak",1442,1055,1969
"885","1 Lincoln St, Boston, MA","363","0 Channing Street, West Cambridge, Cambridge","8/28/2017 - 9/24/2017, Weekdays, PM Peak",1269,936,1719
"885","1 Lincoln St, Boston, MA","364","0 Richard Avenue, North Cambridge, Cambridge","8/28/2017 - 9/24/2017, Weekdays, PM Peak",2070,1544,2774
"885","1 Lincoln St, Boston, MA","365","100 Palmer Street, Arlington","8/28/2017 - 9/24/2017, Weekdays, PM Peak",2093,1476,2966
"885","1 Lincoln St, Boston, MA","366","0 Eastern Avenue, Arlington","8/28/2017 - 9/24/2017, Weekdays, PM Peak",2425,1844,3189
"885","1 Lincoln St, Boston, MA","367","0 Pleasant Street, Lexington","8/28/2017 - 9/24/2017, Weekdays, PM Peak",2455,1876,3211
"885","1 Lincoln St, Boston, MA","368","0 Hayden Avenue, Lexington","8/28/2017 - 9/24/2017, Weekdays, PM Peak",2211,1648,2964
"885","1 Lincoln St, Boston, MA","369","200 Waltham Street, Lexington","8/28/2017 - 9/24/2017, Weekdays, PM Peak",2344,1712,3207
"885","1 Lincoln St, Boston, MA","370","100 Old Billerica Road, Bedford","8/28/2017 - 9/24/2017, Weekdays, PM Peak",2890,2316,3605
"885","1 Lincoln St, Boston, MA","372","0 Clara Barton Road, North Oxford, Oxford","8/28/2017 - 9/24/2017, Weekdays, PM Peak",4762,3647,6217
"885","1 Lincoln St, Boston, MA","374","0 Connector Road, Westborough","8/28/2017 - 9/24/2017, Weekdays, PM Peak",3110,2340,4133
"885","1 Lincoln St, Boston, MA","375","0 Mason Street, Attleboro","8/28/2017 - 9/24/2017, Weekdays, PM Peak",4106,3265,5162
"885","1 Lincoln St, Boston, MA","378","Gated Fire Lane, Westport","8/28/2017 - 9/24/2017, Weekdays, PM Peak",4648,3747,5765
"885","1 Lincoln St, Boston, MA","385","0 Sandy Pond Road, Lincoln","8/28/2017 - 9/24/2017, Weekdays, PM Peak",2473,1787,3422
"885","1 Lincoln St, Boston, MA","386","800 Sudbury Road, Concord","8/28/2017 - 9/24/2017, Weekdays, PM Peak",2642,1995,3497
"885","1 Lincoln St, Boston, MA","391","0 Colonial Way, Weston","8/28/2017 - 9/24/2017, Weekdays, PM Peak",1613,1163,2236
"885","1 Lincoln St, Boston, MA","400","400 Slosberg Music Center, South Street, Brandeis, Waltham","8/28/2017 - 9/24/2017, Weekdays, PM Peak",1758,1320,2339
"885","1 Lincoln St, Boston, MA","401","Cottage Street, North Waltham, Waltham","8/28/2017 - 9/24/2017, Weekdays, PM Peak",2080,1701,2542
"885","1 Lincoln St, Boston, MA","402","100 Edward Road, Watertown","8/28/2017 - 9/24/2017, Weekdays, PM Peak",1350,963,1892
"885","1 Lincoln St, Boston, MA","403","0 Rossmere Street, Newtonville, Newton","8/28/2017 - 9/24/2017, Weekdays, PM Peak",1142,801,1627
"885","1 Lincoln St, Boston, MA","404","200 Herrick Road, Newton Centre, Newton","8/28/2017 - 9/24/2017, Weekdays, PM Peak",1890,1420,2514
"885","1 Lincoln St, Boston, MA","405","Upper Falls Greenway, Newton Highlands, Newton","8/28/2017 - 9/24/2017, Weekdays, PM Peak",2148,1638,2815
"885","1 Lincoln St, Boston, MA","406","100 Oak Street, Natick","8/28/2017 - 9/24/2017, Weekdays, PM Peak",2087,1563,2785
"885","1 Lincoln St, Boston, MA","407","0 Riverbend Drive, Natick","8/28/2017 - 9/24/2017, Weekdays, PM Peak",2664,2165,3277
"885","1 Lincoln St, Boston, MA","409","0 Chouteau Avenue, Framingham","8/28/2017 - 9/24/2017, Weekdays, PM Peak",2305,1751,3034
"885","1 Lincoln St, Boston, MA","413","200 Marion Street, Central-Maverick Square / Paris Street, Boston","8/28/2017 - 9/24/2017, Weekdays, PM Peak",1015,658,1564
"885","1 Lincoln St, Boston, MA","415","0 Pickwick Road, Marblehead","8/28/2017 - 9/24/2017, Weekdays, PM Peak",3155,2640,3770
"885","1 Lincoln St, Boston, MA","418","0 Cauldron Court, Salem","8/28/2017 - 9/24/2017, Weekdays, PM Peak",3158,2753,3621
"885","1 Lincoln St, Boston, MA","419","Poplar Avenue, Lynn","8/28/2017 - 9/24/2017, Weekdays, PM Peak",2632,2120,3267
"885","1 Lincoln St, Boston, MA","420","0 Warren Avenue, Saugus","8/28/2017 - 9/24/2017, Weekdays, PM Peak",1987,1571,2512
"885","1 Lincoln St, Boston, MA","424","200 Warren Street, Brookline","8/28/2017 - 9/24/2017, Weekdays, PM Peak",1976,1596,2444
"885","1 Lincoln St, Boston, MA","425","200 Bolton Street, D Street / West Broadway, Boston","8/28/2017 - 9/24/2017, Weekdays, PM Peak",632,430,927
"885","1 Lincoln St, Boston, MA","426","0 Ledgewood Road, Dedham","8/28/2017 - 9/24/2017, Weekdays, PM Peak",2451,1816,3306
"885","1 Lincoln St, Boston, MA","427","400 Charles River Street, Needham","8/28/2017 - 9/24/2017, Weekdays, PM Peak",2269,1861,2765
"885","1 Lincoln St, Boston, MA","428","0 Dukes Road, Wellesley Hills, Wellesley","8/28/2017 - 9/24/2017, Weekdays, PM Peak",2292,1868,2811
"885","1 Lincoln St, Boston, MA","430","300 Central Street, Saugus","8/28/2017 - 9/24/2017, Weekdays, PM Peak",1812,1265,2595
"885","1 Lincoln St, Boston, MA","431","0 East Huckleberry Road, Lynnfield","8/28/2017 - 9/24/2017, Weekdays, PM Peak",2483,1760,3502
"885","1 Lincoln St, Boston, MA","432","0 Irving Street, Peabody","8/28/2017 - 9/24/2017, Weekdays, PM Peak",2405,1736,3330
"885","1 Lincoln St, Boston, MA","433","0 Sherwood Avenue, Danvers","8/28/2017 - 9/24/2017, Weekdays, PM Peak",2670,2077,3430
"885","1 Lincoln St, Boston, MA","434","200 Newburyport Turnpike, Topsfield","8/28/2017 - 9/24/2017, Weekdays, PM Peak",2967,2167,4060
"885","1 Lincoln St, Boston, MA","435","300 Harrison Avenue, South End, Boston","8/28/2017 - 9/24/2017, Weekdays, PM Peak",305,80,1150
"885","1 Lincoln St, Boston, MA","440","0 Ridge Road, Foxborough, Foxborough","8/28/2017 - 9/24/2017, Weekdays, PM Peak",3719,2813,4916
"885","1 Lincoln St, Boston, MA","441","0 Currier Farm Road, Westwood","8/28/2017 - 9/24/2017, Weekdays, PM Peak",2525,1876,3397
"885","1 Lincoln St, Boston, MA","444","0 Cedarcrest Road, Canton","8/28/2017 - 9/24/2017, Weekdays, PM Peak",2843,2115,3820
"885","1 Lincoln St, Boston, MA","445","1400 Canton Avenue, Milton","8/28/2017 - 9/24/2017, Weekdays, PM Peak",2238,1665,3007
"885","1 Lincoln St, Boston, MA","446","0 Colby Road, North Quincy, Quincy","8/28/2017 - 9/24/2017, Weekdays, PM Peak",1359,931,1983
"885","1 Lincoln St, Boston, MA","447","0 Murphy Memorial Drive, Quincy","8/28/2017 - 9/24/2017, Weekdays, PM Peak",1703,1271,2281
"885","1 Lincoln St, Boston, MA","448","200 Ricciuti Drive, Quincy","8/28/2017 - 9/24/2017, Weekdays, PM Peak",1507,1000,2270
"885","1 Lincoln St, Boston, MA","459","0 Farm Road, Braintree","8/28/2017 - 9/24/2017, Weekdays, PM Peak",1836,1252,2691
"885","1 Lincoln St, Boston, MA","460","0 Connell Street, Braintree","8/28/2017 - 9/24/2017, Weekdays, PM Peak",1983,1402,2802
"885","1 Lincoln St, Boston, MA","461","200 King Hill Road, Braintree","8/28/2017 - 9/24/2017, Weekdays, PM Peak",1874,1270,2764
"885","1 Lincoln St, Boston, MA","462","Fall River Expressway, Randolph","8/28/2017 - 9/24/2017, Weekdays, PM Peak",2242,1606,3128
"885","1 Lincoln St, Boston, MA","463","0 Alfred Terrace, Randolph","8/28/2017 - 9/24/2017, Weekdays, PM Peak",3176,2616,3855
"885","1 Lincoln St, Boston, MA","464","100 Swan Avenue, South Weymouth, Weymouth","8/28/2017 - 9/24/2017, Weekdays, PM Peak",2386,1574,3616
"885","1 Lincoln St, Boston, MA","465","100 Wingate Road, East Weymouth, Weymouth","8/28/2017 - 9/24/2017, Weekdays, PM Peak",2361,1658,3360
"885","1 Lincoln St, Boston, MA","473","0 Alderwood Road, Stoughton","8/28/2017 - 9/24/2017, Weekdays, PM Peak",2843,2335,3461
"885","1 Lincoln St, Boston, MA","475","Glacier Lane, Hingham","8/28/2017 - 9/24/2017, Weekdays, PM Peak",3231,2533,4120
"885","1 Lincoln St, Boston, MA","482","0 Hidden Valley Road, Marshfield","8/28/2017 - 9/24/2017, Weekdays, PM Peak",2867,2168,3790
"885","1 Lincoln St, Boston, MA","486","100 South Meadow Road, Plymouth","8/28/2017 - 9/24/2017, Weekdays, PM Peak",3852,3012,4925
"885","1 Lincoln St, Boston, MA","487","500 Main Street, Medford Street / The Neck, Boston","8/28/2017 - 9/24/2017, Weekdays, PM Peak",902,551,1475
"885","1 Lincoln St, Boston, MA","488","Snake Hill Road, Plymouth","8/28/2017 - 9/24/2017, Weekdays, PM Peak",4100,3227,5208
"885","1 Lincoln St, Boston, MA","490","0 Shortbrook Avenue, Middleborough","8/28/2017 - 9/24/2017, Weekdays, PM Peak",4237,4020,4464
"885","1 Lincoln St, Boston, MA","491","0 Haverford Street, Jamaica Plain, Boston","8/28/2017 - 9/24/2017, Weekdays, PM Peak",1498,1115,2012
"885","1 Lincoln St, Boston, MA","492","0 Princeton Street, East Boston, Boston","8/28/2017 - 9/24/2017, Weekdays, PM Peak",1115,759,1636
"885","1 Lincoln St, Boston, MA","493","Allston Street, Brighton, Boston","8/28/2017 - 9/24/2017, Weekdays, PM Peak",1729,1295,2307
"885","1 Lincoln St, Boston, MA","494","0 Glenville Avenue, Allston, Boston","8/28/2017 - 9/24/2017, Weekdays, PM Peak",1420,983,2050
"885","1 Lincoln St, Boston, MA","495","300 Brookline Avenue, Medical Center Area, Boston","8/28/2017 - 9/24/2017, Weekdays, PM Peak",1394,1040,1868
"885","1 Lincoln St, Boston, MA","496","0 Newbury Street, Back Bay East, Boston","8/28/2017 - 9/24/2017, Weekdays, PM Peak",709,466,1076
"885","1 Lincoln St, Boston, MA","497","0 Blossom Street, West End, Boston","8/28/2017 - 9/24/2017, Weekdays, PM Peak",678,395,1161
"885","1 Lincoln St, Boston, MA","498","0 Causeway Street, West End, Boston","8/28/2017 - 9/24/2017, Weekdays, PM Peak",588,318,1086
"885","1 Lincoln St, Boston, MA","499","0 Elm Street, Charlestown, Boston","8/28/2017 - 9/24/2017, Weekdays, PM Peak",1115,809,1536
"885","1 Lincoln St, Boston, MA","500","Tobin Memorial Bridge, Charlestown, Boston","8/28/2017 - 9/24/2017, Weekdays, PM Peak",968,629,1489
"885","1 Lincoln St, Boston, MA","501","0 P Street, South Boston, Boston","8/28/2017 - 9/24/2017, Weekdays, PM Peak",699,486,1003
"885","1 Lincoln St, Boston, MA","502","600 East Fifth Street, South Boston, Boston","8/28/2017 - 9/24/2017, Weekdays, PM Peak",731,517,1031
"885","1 Lincoln St, Boston, MA","503","0 Eustis Street, Roxbury, Boston","8/28/2017 - 9/24/2017, Weekdays, PM Peak",817,524,1273
"885","1 Lincoln St, Boston, MA","504","0 Francis Street, Fenway/Kenmore, Boston","8/28/2017 - 9/24/2017, Weekdays, PM Peak",1563,1173,2082
"885","1 Lincoln St, Boston, MA","505","100 Harold Street, Roxbury, Boston","8/28/2017 - 9/24/2017, Weekdays, PM Peak",1481,1091,2009
"885","1 Lincoln St, Boston, MA","506","0 Schuyler Street, Dorchester, Boston","8/28/2017 - 9/24/2017, Weekdays, PM Peak",1655,1288,2125
"885","1 Lincoln St, Boston, MA","507","0 Burrell Street, Roxbury, Boston","8/28/2017 - 9/24/2017, Weekdays, PM Peak",1068,740,1539
"885","1 Lincoln St, Boston, MA","508","0 Stoughton Street, Dorchester, Boston","8/28/2017 - 9/24/2017, Weekdays, PM Peak",1228,833,1809
"885","1 Lincoln St, Boston, MA","509","0 Homes Avenue, Dorchester, Boston","8/28/2017 - 9/24/2017, Weekdays, PM Peak",1593,1188,2134
"885","1 Lincoln St, Boston, MA","510","0 Dakota Street, Dorchester, Dorchester Center, Boston","8/28/2017 - 9/24/2017, Weekdays, PM Peak",1695,1311,2190
"885","1 Lincoln St, Boston, MA","511","0 Fairmount Street, Dorchester, Dorchester Center, Boston","8/28/2017 - 9/24/2017, Weekdays, PM Peak",1730,1198,2496
"885","1 Lincoln St, Boston, MA","512","1000 Adams Street, Dorchester, Dorchester Center, Boston","8/28/2017 - 9/24/2017, Weekdays, PM Peak",1437,975,2116
"885","1 Lincoln St, Boston, MA","521","0 Hosmer Street, Mattapan, Boston","8/28/2017 - 9/24/2017, Weekdays, PM Peak",2071,1532,2798
"885","1 Lincoln St, Boston, MA","522","100 Durnell Avenue, Roslindale, Boston","8/28/2017 - 9/24/2017, Weekdays, PM Peak",2428,1923,3064
"885","1 Lincoln St, Boston, MA","523","0 Woodland Road, Jamaica Plain, Boston","8/28/2017 - 9/24/2017, Weekdays, PM Peak",1985,1554,2533
"885","1 Lincoln St, Boston, MA","524","100 Laurie Avenue, Upper Washington / Spring Street, Boston","8/28/2017 - 9/24/2017, Weekdays, PM Peak",2668,2040,3488
"885","1 Lincoln St, Boston, MA","525","0 Parkson Street, Hyde Park, Boston","8/28/2017 - 9/24/2017, Weekdays, PM Peak",2363,1849,3018
"885","1 Lincoln St, Boston, MA","526","0 Orange Street, Chelsea","8/28/2017 - 9/24/2017, Weekdays, PM Peak",1188,801,1760
"885","1 Lincoln St, Boston, MA","527","200 Beach Street, Revere","8/28/2017 - 9/24/2017, Weekdays, PM Peak",1436,998,2066
"885","1 Lincoln St, Boston, MA","528","0 Short Street, Winthrop","8/28/2017 - 9/24/2017, Weekdays, PM Peak",1273,994,1629
"885","1 Lincoln St, Boston, MA","529","0 Circuit Drive, Roxbury, Boston","8/28/2017 - 9/24/2017, Weekdays, PM Peak",1740,1311,2308
"885","1 Lincoln St, Boston, MA","530","0 Dry Dock Avenue, Seaport District, Boston","8/28/2017 - 9/24/2017, Weekdays, PM Peak",490,270,887
"885","1 Lincoln St, Boston, MA","532","1100 Livingston Street, North Tewksbury, Tewksbury","8/28/2017 - 9/24/2017, Weekdays, PM Peak",3093,2373,4031
"885","1 Lincoln St, Boston, MA","540","Charles River Esplanade, Boston","8/28/2017 - 9/24/2017, Weekdays, PM Peak",844,539,1319
"885","1 Lincoln St, Boston, MA","544","0 Fid Kennedy Avenue, Seaport District, Boston","8/28/2017 - 9/24/2017, Weekdays, PM Peak",636,350,1154
"885","1 Lincoln St, Boston, MA","549","0 Boston Street, Prospect Hill, Somerville","8/28/2017 - 9/24/2017, Weekdays, PM Peak",1453,1038,2032
"885","1 Lincoln St, Boston, MA","554","0 Everett Circle, Hopkinton","8/28/2017 - 9/24/2017, Weekdays, PM Peak",3041,2272,4069
"885","1 Lincoln St, Boston, MA","561","100 Wildwood Street, Wilmington","8/28/2017 - 9/24/2017, Weekdays, PM Peak",2254,1612,3151
"885","1 Lincoln St, Boston, MA","575","0 Lakewood Drive, Centerville, Barnstable","8/28/2017 - 9/24/2017, Weekdays, PM Peak",5578,4671,6659
"885","1 Lincoln St, Boston, MA","577","0 Wheeler Road, Marstons Mills, Barnstable","8/28/2017 - 9/24/2017, Weekdays, PM Peak",5385,4500,6443
"885","1 Lincoln St, Boston, MA","579","0 Highland Avenue, Buzzards Bay, Bourne","8/28/2017 - 9/24/2017, Weekdays, PM Peak",5219,4518,6027
"885","1 Lincoln St, Boston, MA","581","0 Carter Road, Woburn","8/28/2017 - 9/24/2017, Weekdays, PM Peak",1754,1189,2586
"885","1 Lincoln St, Boston, MA","584","0 Mill Road, Melrose","8/28/2017 - 9/24/2017, Weekdays, PM Peak",2060,1536,2762
"885","1 Lincoln St, Boston, MA","585","0 High Street, Stoneham","8/28/2017 - 9/24/2017, Weekdays, PM Peak",2180,1558,3049
"885","1 Lincoln St, Boston, MA","586","0 Bates Road, Winchester","8/28/2017 - 9/24/2017, Weekdays, PM Peak",1687,1135,2506
"885","1 Lincoln St, Boston, MA","587","100 Rivers Edge Drive, Medford","8/28/2017 - 9/24/2017, Weekdays, PM Peak",1453,1041,2027
"885","1 Lincoln St, Boston, MA","588","0 Lewis Street, Medford","8/28/2017 - 9/24/2017, Weekdays, PM Peak",1420,913,2208
"885","1 Lincoln St, Boston, MA","589","0 Clayton Street, Malden","8/28/2017 - 9/24/2017, Weekdays, PM Peak",2074,1689,2546
"885","1 Lincoln St, Boston, MA","590","100 Kennedy Drive, Malden","8/28/2017 - 9/24/2017, Weekdays, PM Peak",1786,1235,2582
"885","1 Lincoln St, Boston, MA","605","800 Washington Street, Lynn","8/28/2017 - 9/24/2017, Weekdays, PM Peak",2523,2000,3182
"885","1 Lincoln St, Boston, MA","607","0 Rolling Green Drive, Fall River","8/28/2017 - 9/24/2017, Weekdays, PM Peak",4835,4201,5563
"885","1 Lincoln St, Boston, MA","613","0 Canal Street, Salem","8/28/2017 - 9/24/2017, Weekdays, PM Peak",3453,3009,3962
"885","1 Lincoln St, Boston, MA","615","0 Bowler Street, Lynn","8/28/2017 - 9/24/2017, Weekdays, PM Peak",2766,2199,3478
"885","1 Lincoln St, Boston, MA","617","700 Lynnway, Lynn","8/28/2017 - 9/24/2017, Weekdays, PM Peak",2186,1538,3105
"885","1 Lincoln St, Boston, MA","626","0 McDewell Avenue, Danvers","8/28/2017 - 9/24/2017, Weekdays, PM Peak",2516,2035,3109
"885","1 Lincoln St, Boston, MA","630","0 Johnson Street, Lynn","8/28/2017 - 9/24/2017, Weekdays, PM Peak",2763,2242,3404
"885","1 Lincoln St, Boston, MA","631","0 Central Street, Saugus","8/28/2017 - 9/24/2017, Weekdays, PM Peak",2124,1467,3075
"885","1 Lincoln St, Boston, MA","632","0 Lindsay Terrace, Saugus","8/28/2017 - 9/24/2017, Weekdays, PM Peak",1876,1348,2609
"885","1 Lincoln St, Boston, MA","633","0 Russet Lane, Lynnfield","8/28/2017 - 9/24/2017, Weekdays, PM Peak",1851,1277,2681
"885","1 Lincoln St, Boston, MA","634","Independence Greenway, Peabody","8/28/2017 - 9/24/2017, Weekdays, PM Peak",2604,1864,3636
"885","1 Lincoln St, Boston, MA","636","0 Spring Road, Nahant","8/28/2017 - 9/24/2017, Weekdays, PM Peak",2507,1999,3142
"885","1 Lincoln St, Boston, MA","637","100 Shelton Road, Swampscott","8/28/2017 - 9/24/2017, Weekdays, PM Peak",3038,2483,3717
"885","1 Lincoln St, Boston, MA","638","0 Leedsville Street, Dorchester, Boston","8/28/2017 - 9/24/2017, Weekdays, PM Peak",1457,1065,1993
"885","1 Lincoln St, Boston, MA","641","0 Zaloga Way, Middleton","8/28/2017 - 9/24/2017, Weekdays, PM Peak",3319,2355,4676
"885","1 Lincoln St, Boston, MA","644","0 Dunham Road, Beverly","8/28/2017 - 9/24/2017, Weekdays, PM Peak",2641,2173,3209
"885","1 Lincoln St, Boston, MA","657","Chickering Road, Lawrence","8/28/2017 - 9/24/2017, Weekdays, PM Peak",3099,2776,3459
"885","1 Lincoln St, Boston, MA","659","Loop Connector, Methuen","8/28/2017 - 9/24/2017, Weekdays, PM Peak",3864,2737,5453
"885","1 Lincoln St, Boston, MA","665","0 Welgate Circle, Quincy","8/28/2017 - 9/24/2017, Weekdays, PM Peak",1490,1047,2118
"885","1 Lincoln St, Boston, MA","668","0 Shipyard Lane, Pocasset, Bourne","8/28/2017 - 9/24/2017, Weekdays, PM Peak",5451,4706,6313
"885","1 Lincoln St, Boston, MA","669","100 Curley Boulevard, North Falmouth, Falmouth","8/28/2017 - 9/24/2017, Weekdays, PM Peak",5735,4986,6596
"885","1 Lincoln St, Boston, MA","671","0 Scranton Avenue, Falmouth","8/28/2017 - 9/24/2017, Weekdays, PM Peak",6118,5291,7074
"885","1 Lincoln St, Boston, MA","673","0 Stonewall Lane, Falmouth","8/28/2017 - 9/24/2017, Weekdays, PM Peak",6394,5560,7351
"885","1 Lincoln St, Boston, MA","677","200 Foundry Street, South Easton, Easton","8/28/2017 - 9/24/2017, Weekdays, PM Peak",3459,2730,4381
"885","1 Lincoln St, Boston, MA","683","0 Sagamore Road, East Taunton, Taunton","8/28/2017 - 9/24/2017, Weekdays, PM Peak",3902,3052,4988
"885","1 Lincoln St, Boston, MA","684","0 North Main Street, Berkley","8/28/2017 - 9/24/2017, Weekdays, PM Peak",4163,3251,5330
"885","1 Lincoln St, Boston, MA","685","200 Landry Avenue, North Attleborough","8/28/2017 - 9/24/2017, Weekdays, PM Peak",3890,3065,4936
"885","1 Lincoln St, Boston, MA","686","200 Hickory Road, North Attleborough","8/28/2017 - 9/24/2017, Weekdays, PM Peak",3511,2735,4506
"885","1 Lincoln St, Boston, MA","687","0 Fenton Avenue, Attleboro","8/28/2017 - 9/24/2017, Weekdays, PM Peak",4375,3586,5336
"885","1 Lincoln St, Boston, MA","692","600 Webster Street, Needham Heights, Needham","8/28/2017 - 9/24/2017, Weekdays, PM Peak",2321,1707,3154
"885","1 Lincoln St, Boston, MA","695","0 West Hollow, Andover","8/28/2017 - 9/24/2017, Weekdays, PM Peak",2665,2028,3501
"885","1 Lincoln St, Boston, MA","696","0 Lansbury Lane, Andover","8/28/2017 - 9/24/2017, Weekdays, PM Peak",2962,2264,3874
"885","1 Lincoln St, Boston, MA","697","0 Crestwood Drive, Andover","8/28/2017 - 9/24/2017, Weekdays, PM Peak",2813,2135,3705
"885","1 Lincoln St, Boston, MA","699","0 Kennedy Drive, Dedham","8/28/2017 - 9/24/2017, Weekdays, PM Peak",2524,1909,3335
"885","1 Lincoln St, Boston, MA","707","100 Bellevue Road, Quincy","8/28/2017 - 9/24/2017, Weekdays, PM Peak",1302,898,1886
"885","1 Lincoln St, Boston, MA","709","0 Newbury Avenue, North Quincy, Quincy","8/28/2017 - 9/24/2017, Weekdays, PM Peak",1302,883,1918
"885","1 Lincoln St, Boston, MA","710","0 Beal Street, Hingham","8/28/2017 - 9/24/2017, Weekdays, PM Peak",2881,2227,3725
"885","1 Lincoln St, Boston, MA","711","0 Rock View Way, Rockland","8/28/2017 - 9/24/2017, Weekdays, PM Peak",2372,1747,3219
"885","1 Lincoln St, Boston, MA","713","0 Foster Street, Coolidge Corner South Side, Brookline","8/28/2017 - 9/24/2017, Weekdays, PM Peak",1672,1251,2233
"885","1 Lincoln St, Boston, MA","714","0 Bates Way, Hanover","8/28/2017 - 9/24/2017, Weekdays, PM Peak",2581,1886,3531
"885","1 Lincoln St, Boston, MA","715","700 Grove Street, Norwell","8/28/2017 - 9/24/2017, Weekdays, PM Peak",2500,1822,3429
"885","1 Lincoln St, Boston, MA","718","0 Otis Street, East Somerville, Somerville","8/28/2017 - 9/24/2017, Weekdays, PM Peak",1376,1010,1873
"885","1 Lincoln St, Boston, MA","720","Union Bridge Road, Duxbury","8/28/2017 - 9/24/2017, Weekdays, PM Peak",3128,2433,4021
"885","1 Lincoln St, Boston, MA","721","200 West Street, Duxbury","8/28/2017 - 9/24/2017, Weekdays, PM Peak",3056,2399,3892
"885","1 Lincoln St, Boston, MA","722","0 Pilgrim Road, North Pembroke, Pembroke","8/28/2017 - 9/24/2017, Weekdays, PM Peak",2869,2148,3830
"885","1 Lincoln St, Boston, MA","725","D W Field Parkway, Brockton","8/28/2017 - 9/24/2017, Weekdays, PM Peak",2897,2029,4136
"885","1 Lincoln St, Boston, MA","726","100 Candy Lane, Brockton","8/28/2017 - 9/24/2017, Weekdays, PM Peak",2917,2163,3932
"885","1 Lincoln St, Boston, MA","738","0 Jennifer Circle, Plymouth","8/28/2017 - 9/24/2017, Weekdays, PM Peak",4588,3737,5631
"885","1 Lincoln St, Boston, MA","739","0 Tinson Road, Quincy","8/28/2017 - 9/24/2017, Weekdays, PM Peak",1579,1098,2270
"885","1 Lincoln St, Boston, MA","740","0 Brierwood Road, Braintree","8/28/2017 - 9/24/2017, Weekdays, PM Peak",1726,1175,2534
"885","1 Lincoln St, Boston, MA","741","300 North Street, North Weymouth, Weymouth","8/28/2017 - 9/24/2017, Weekdays, PM Peak",2510,1901,3312
"885","1 Lincoln St, Boston, MA","742","200 Sohier Street, Cohasset","8/28/2017 - 9/24/2017, Weekdays, PM Peak",3588,2877,4473
"885","1 Lincoln St, Boston, MA","747","0 Crestwood Drive, Framingham","8/28/2017 - 9/24/2017, Weekdays, PM Peak",2460,1888,3203
"885","1 Lincoln St, Boston, MA","748","0 Michael Road, Framingham","8/28/2017 - 9/24/2017, Weekdays, PM Peak",2360,1783,3123
"885","1 Lincoln St, Boston, MA","749","0 Fox Hill Road, Ashland","8/28/2017 - 9/24/2017, Weekdays, PM Peak",2683,2000,3598
"885","1 Lincoln St, Boston, MA","750","0 Washington Street, Sherborn","8/28/2017 - 9/24/2017, Weekdays, PM Peak",3381,2817,4057
"885","1 Lincoln St, Boston, MA","752","400 Sprague Street, Dedham","8/28/2017 - 9/24/2017, Weekdays, PM Peak",2888,2455,3396
"885","1 Lincoln St, Boston, MA","756","0 Taunton Street, Ward Two, Somerville","8/28/2017 - 9/24/2017, Weekdays, PM Peak",1600,1148,2229
"885","1 Lincoln St, Boston, MA","757","100 Portland Street, The Port, Cambridge","8/28/2017 - 9/24/2017, Weekdays, PM Peak",1252,856,1830
"885","1 Lincoln St, Boston, MA","758","0 Antrim Street, Mid-Cambridge, Cambridge","8/28/2017 - 9/24/2017, Weekdays, PM Peak",1588,1159,2174
"885","1 Lincoln St, Boston, MA","759","0 Vail Court, Mid-Cambridge, Cambridge","8/28/2017 - 9/24/2017, Weekdays, PM Peak",1383,956,2000
"885","1 Lincoln St, Boston, MA","760","Fairchild Building, MIT, Cambridge","8/28/2017 - 9/24/2017, Weekdays, PM Peak",1124,777,1624
"885","1 Lincoln St, Boston, MA","761","0 Oxford Street, Agassiz, Cambridge","8/28/2017 - 9/24/2017, Weekdays, PM Peak",1708,1286,2267
"885","1 Lincoln St, Boston, MA","762","0 Dana Place, Mid-Cambridge, Cambridge","8/28/2017 - 9/24/2017, Weekdays, PM Peak",1380,1011,1882
"885","1 Lincoln St, Boston, MA","763","100 Brattle Street, West Cambridge, Cambridge","8/28/2017 - 9/24/2017, Weekdays, PM Peak",1272,919,1759
"885","1 Lincoln St, Boston, MA","764","600 Huron Avenue, Strawberry Hill, Cambridge","8/28/2017 - 9/24/2017, Weekdays, PM Peak",1587,1180,2134
"885","1 Lincoln St, Boston, MA","765","400 Westfield Street, Dedham","8/28/2017 - 9/24/2017, Weekdays, PM Peak",2301,1695,3121
"885","1 Lincoln St, Boston, MA","766","0 Gatewood Drive, Needham","8/28/2017 - 9/24/2017, Weekdays, PM Peak",2530,1952,3278
"885","1 Lincoln St, Boston, MA","767","100 Webster Street, Needham Heights, Needham","8/28/2017 - 9/24/2017, Weekdays, PM Peak",1979,1488,2631
"885","1 Lincoln St, Boston, MA","768","0 Pickerel Terrace, Wellesley","8/28/2017 - 9/24/2017, Weekdays, PM Peak",2358,1863,2983
"885","1 Lincoln St, Boston, MA","769","0 Tappan Road, Wellesley","8/28/2017 - 9/24/2017, Weekdays, PM Peak",2437,1896,3131
"885","1 Lincoln St, Boston, MA","773","0 Sherman Street, Neighborhood Nine, Cambridge","8/28/2017 - 9/24/2017, Weekdays, PM Peak",1817,1332,2477
"885","1 Lincoln St, Boston, MA","774","0 Jackson Street, North Cambridge, Cambridge","8/28/2017 - 9/24/2017, Weekdays, PM Peak",2226,1652,2998
"885","1 Lincoln St, Boston, MA","775","0 Milton Street, Arlington","8/28/2017 - 9/24/2017, Weekdays, PM Peak",2525,1869,3411
"885","1 Lincoln St, Boston, MA","776","0 Gray Street, Arlington","8/28/2017 - 9/24/2017, Weekdays, PM Peak",2460,1870,3235
"885","1 Lincoln St, Boston, MA","777","100 Claflin Street, Belmont","8/28/2017 - 9/24/2017, Weekdays, PM Peak",2156,1687,2755
"885","1 Lincoln St, Boston, MA","778","0 Foster Road, Belmont","8/28/2017 - 9/24/2017, Weekdays, PM Peak",1707,1314,2216
"885","1 Lincoln St, Boston, MA","779","0 Woodfall Road, Belmont","8/28/2017 - 9/24/2017, Weekdays, PM Peak",2259,1716,2973
"885","1 Lincoln St, Boston, MA","782","0 Mill Street, Foxborough","8/28/2017 - 9/24/2017, Weekdays, PM Peak",3836,2917,5043
"885","1 Lincoln St, Boston, MA","783","200 Cocasset Street, Foxborough","8/28/2017 - 9/24/2017, Weekdays, PM Peak",3461,2656,4508
"885","1 Lincoln St, Boston, MA","784","0 Sandy Valley Drive, Walpole","8/28/2017 - 9/24/2017, Weekdays, PM Peak",4019,3057,5282
"885","1 Lincoln St, Boston, MA","786","0 Richdale Avenue, Everett","8/28/2017 - 9/24/2017, Weekdays, PM Peak",1714,1264,2323
"885","1 Lincoln St, Boston, MA","787","700 University Avenue, Norwood","8/28/2017 - 9/24/2017, Weekdays, PM Peak",2948,2199,3951
"885","1 Lincoln St, Boston, MA","788","300 Washington Street, Norwood","8/28/2017 - 9/24/2017, Weekdays, PM Peak",2884,2246,3701
"885","1 Lincoln St, Boston, MA","789","200 Carnegie Row, Norwood","8/28/2017 - 9/24/2017, Weekdays, PM Peak",3108,2332,4141
"885","1 Lincoln St, Boston, MA","790","100 Walnut Street, Canton","8/28/2017 - 9/24/2017, Weekdays, PM Peak",2971,2328,3790
"885","1 Lincoln St, Boston, MA","791","500 Turnpike Street, Canton","8/28/2017 - 9/24/2017, Weekdays, PM Peak",2567,1822,3616
"885","1 Lincoln St, Boston, MA","792","0 Woodside Drive, Milton","8/28/2017 - 9/24/2017, Weekdays, PM Peak",1702,1124,2576
"885","1 Lincoln St, Boston, MA","795","100 Hayden Rowe Street, Hopkinton","8/28/2017 - 9/24/2017, Weekdays, PM Peak",3847,2860,5174
"885","1 Lincoln St, Boston, MA","803","0 Deer Run, Wayland","8/28/2017 - 9/24/2017, Weekdays, PM Peak",2226,1627,3044
"885","1 Lincoln St, Boston, MA","804","Glen Road, Waltham","8/28/2017 - 9/24/2017, Weekdays, PM Peak",1930,1470,2532
"885","1 Lincoln St, Boston, MA","805","0 Howard Street, Banks Square, Waltham","8/28/2017 - 9/24/2017, Weekdays, PM Peak",1845,1396,2437
"885","1 Lincoln St, Boston, MA","806","0 Boland Street, South Side, Waltham","8/28/2017 - 9/24/2017, Weekdays, PM Peak",1574,1234,2007
"885","1 Lincoln St, Boston, MA","807","100 Grove Street, Bleachery, Waltham","8/28/2017 - 9/24/2017, Weekdays, PM Peak",1786,1432,2227
"885","1 Lincoln St, Boston, MA","808","0 Candace Avenue, Warrendale, Waltham","8/28/2017 - 9/24/2017, Weekdays, PM Peak",1892,1487,2407
"885","1 Lincoln St, Boston, MA","809","200 Bellevue Road, Watertown","8/28/2017 - 9/24/2017, Weekdays, PM Peak",1654,1215,2250
"885","1 Lincoln St, Boston, MA","810","100 North Beacon Street, Watertown","8/28/2017 - 9/24/2017, Weekdays, PM Peak",1309,896,1911
"885","1 Lincoln St, Boston, MA","811","300 Watertown Street, Nonantum, Newton","8/28/2017 - 9/24/2017, Weekdays, PM Peak",1283,925,1778
"885","1 Lincoln St, Boston, MA","812","0 Burr Road, Newton Centre, Newton","8/28/2017 - 9/24/2017, Weekdays, PM Peak",1628,1191,2223
"885","1 Lincoln St, Boston, MA","813","0 Spear Street, Quincy","8/28/2017 - 9/24/2017, Weekdays, PM Peak",1840,1337,2531
"885","1 Lincoln St, Boston, MA","814","0 Hawthorne Street, Quincy","8/28/2017 - 9/24/2017, Weekdays, PM Peak",1793,1322,2430
"885","1 Lincoln St, Boston, MA","815","0 Upton Drive, Wilmington","8/28/2017 - 9/24/2017, Weekdays, PM Peak",2504,1844,3399
"885","1 Lincoln St, Boston, MA","816","0 Keans Road, Burlington","8/28/2017 - 9/24/2017, Weekdays, PM Peak",2204,1653,2937
"885","1 Lincoln St, Boston, MA","817","0 Burlington Mall Road, Burlington","8/28/2017 - 9/24/2017, Weekdays, PM Peak",2390,1831,3118
"885","1 Lincoln St, Boston, MA","818","100 New Boston Street, Woburn","8/28/2017 - 9/24/2017, Weekdays, PM Peak",2062,1466,2899
"885","1 Lincoln St, Boston, MA","819","0 Maple Ridge Road, Reading","8/28/2017 - 9/24/2017, Weekdays, PM Peak",1895,1299,2762
"885","1 Lincoln St, Boston, MA","821","0 Byron Street, Wakefield","8/28/2017 - 9/24/2017, Weekdays, PM Peak",1821,1203,2754
"885","1 Lincoln St, Boston, MA","822","0 Eunice Circle, Wakefield","8/28/2017 - 9/24/2017, Weekdays, PM Peak",2135,1496,3045
"885","1 Lincoln St, Boston, MA","823","0 Boston Rock Road, Melrose","8/28/2017 - 9/24/2017, Weekdays, PM Peak",2182,1632,2916
"885","1 Lincoln St, Boston, MA","824","200 Nahanton Street, Oak Hill, Newton","8/28/2017 - 9/24/2017, Weekdays, PM Peak",1895,1297,2767
"885","1 Lincoln St, Boston, MA","825","1400 Commonwealth Avenue, West Newton, Newton","8/28/2017 - 9/24/2017, Weekdays, PM Peak",1535,1156,2036
"885","1 Lincoln St, Boston, MA","826","0 Abbott Avenue, Everett","8/28/2017 - 9/24/2017, Weekdays, PM Peak",1665,1194,2320
"885","1 Lincoln St, Boston, MA","827","0 Randlett Park, West Newton, Newton","8/28/2017 - 9/24/2017, Weekdays, PM Peak",1248,886,1757
"885","1 Lincoln St, Boston, MA","828","100 Bacon Street, Natick","8/28/2017 - 9/24/2017, Weekdays, PM Peak",2992,2413,3709
"885","1 Lincoln St, Boston, MA","829","100 South Main Street, Natick","8/28/2017 - 9/24/2017, Weekdays, PM Peak",3387,3014,3804
"885","1 Lincoln St, Boston, MA","830","C Street, Natick","8/28/2017 - 9/24/2017, Weekdays, PM Peak",2252,1690,3000
"885","1 Lincoln St, Boston, MA","831","0 Woodland Road, Stoneham","8/28/2017 - 9/24/2017, Weekdays, PM Peak",1640,1081,2487
"885","1 Lincoln St, Boston, MA","832","0 Rodgers Road, Stoneham","8/28/2017 - 9/24/2017, Weekdays, PM Peak",1831,1248,2684
"885","1 Lincoln St, Boston, MA","833","300 Highland Avenue, Winchester","8/28/2017 - 9/24/2017, Weekdays, PM Peak",1882,1305,2712
"885","1 Lincoln St, Boston, MA","834","0 Orchard Street, Medford","8/28/2017 - 9/24/2017, Weekdays, PM Peak",1905,1269,2857
"885","1 Lincoln St, Boston, MA","835","0 Marston Street, Medford","8/28/2017 - 9/24/2017, Weekdays, PM Peak",1647,1077,2518
"885","1 Lincoln St, Boston, MA","836","100 Central Avenue, Medford","8/28/2017 - 9/24/2017, Weekdays, PM Peak",1426,920,2208
"885","1 Lincoln St, Boston, MA","837","0 Mc Cormack Avenue, Medford","8/28/2017 - 9/24/2017, Weekdays, PM Peak",1639,1081,2484
"885","1 Lincoln St, Boston, MA","838","100 West Street, Malden","8/28/2017 - 9/24/2017, Weekdays, PM Peak",1823,1338,2482
"885","1 Lincoln St, Boston, MA","839","0 Webber Street, Malden","8/28/2017 - 9/24/2017, Weekdays, PM Peak",1994,1590,2499
"885","1 Lincoln St, Boston, MA","840","0 Hamilton Road, West Somerville, Somerville","8/28/2017 - 9/24/2017, Weekdays, PM Peak",1880,1327,2663
"885","1 Lincoln St, Boston, MA","843","0 Upham Street, Highlands, Lowell","8/28/2017 - 9/24/2017, Weekdays, PM Peak",3451,2756,4319
"885","1 Lincoln St, Boston, MA","846","0 Beacham Street, Everett","8/28/2017 - 9/24/2017, Weekdays, PM Peak",1504,1078,2096
"885","1 Lincoln St, Boston, MA","847","100 Sycamore Street, Winter Hill, Somerville","8/28/2017 - 9/24/2017, Weekdays, PM Peak",1490,1073,2067
"885","1 Lincoln St, Boston, MA","848","0 Wallace Street, Tufts, Somerville","8/28/2017 - 9/24/2017, Weekdays, PM Peak",2039,1556,2670
"885","1 Lincoln St, Boston, MA","854","200 Miller Street, Middleborough","8/28/2017 - 9/24/2017, Weekdays, PM Peak",4005,3780,4243
"885","1 Lincoln St, Boston, MA","855","Green Street, Middleborough","8/28/2017 - 9/24/2017, Weekdays, PM Peak",3810,2990,4853
"885","1 Lincoln St, Boston, MA","856","400 Commonwealth Avenue, Back Bay, Boston","8/28/2017 - 9/24/2017, Weekdays, PM Peak",670,274,1632
"885","1 Lincoln St, Boston, MA","857","100 Norway Street, Fenway/Kenmore, Boston","8/28/2017 - 9/24/2017, Weekdays, PM Peak",1183,819,1707
"885","1 Lincoln St, Boston, MA","859","0 Whispering Pines Path, West Wareham, Wareham","8/28/2017 - 9/24/2017, Weekdays, PM Peak",4476,4294,4665
"885","1 Lincoln St, Boston, MA","861","0 South Waverly Street, Brighton, Boston","8/28/2017 - 9/24/2017, Weekdays, PM Peak",798,465,1367
"885","1 Lincoln St, Boston, MA","862","0 Atkins Street, Brighton, Boston","8/28/2017 - 9/24/2017, Weekdays, PM Peak",815,520,1275
"885","1 Lincoln St, Boston, MA","863","0 Strathmore Road, Brighton, Boston","8/28/2017 - 9/24/2017, Weekdays, PM Peak",1788,1363,2345
"885","1 Lincoln St, Boston, MA","864","0 Dustin Street, Brighton, Boston","8/28/2017 - 9/24/2017, Weekdays, PM Peak",1279,905,1807
"885","1 Lincoln St, Boston, MA","865","0 Bellvista Road, Brighton, Boston","8/28/2017 - 9/24/2017, Weekdays, PM Peak",1630,1192,2227
"885","1 Lincoln St, Boston, MA","866","0 Braintree Street, Allston, Boston","8/28/2017 - 9/24/2017, Weekdays, PM Peak",777,433,1391
"885","1 Lincoln St, Boston, MA","867","0 Barry Street, Dorchester, Boston","8/28/2017 - 9/24/2017, Weekdays, PM Peak",1518,1103,2089
"885","1 Lincoln St, Boston, MA","868","100 Whitfield Street, Dorchester, Dorchester Center, Boston","8/28/2017 - 9/24/2017, Weekdays, PM Peak",1907,1319,2756
"885","1 Lincoln St, Boston, MA","869","0 Wales Street, Roxbury, Dorchester Center, Boston","8/28/2017 - 9/24/2017, Weekdays, PM Peak",1910,1529,2385
"885","1 Lincoln St, Boston, MA","870","0 Willowwood Street, Mattapan, Boston","8/28/2017 - 9/24/2017, Weekdays, PM Peak",1926,1438,2579
"885","1 Lincoln St, Boston, MA","871","0 Chipman Street, Dorchester, Dorchester Center, Boston","8/28/2017 - 9/24/2017, Weekdays, PM Peak",1825,1240,2685
"885","1 Lincoln St, Boston, MA","872","Southeast Expressway, Dorchester, Boston","8/28/2017 - 9/24/2017, Weekdays, PM Peak",998,634,1569
"885","1 Lincoln St, Boston, MA","873","100 Manchester Street, Mattapan, Boston","8/28/2017 - 9/24/2017, Weekdays, PM Peak",1680,1196,2358
"885","1 Lincoln St, Boston, MA","874","0 Outlook Road, Wellington Hill, Boston","8/28/2017 - 9/24/2017, Weekdays, PM Peak",2175,1724,2742
"885","1 Lincoln St, Boston, MA","875","200 Hyde Park Avenue, Jamaica Plain, Boston","8/28/2017 - 9/24/2017, Weekdays, PM Peak",2072,1628,2636
"885","1 Lincoln St, Boston, MA","876","100 Neponset Avenue, Roslindale, Boston","8/28/2017 - 9/24/2017, Weekdays, PM Peak",2004,1188,3377
"885","1 Lincoln St, Boston, MA","877","0 Eliot Street, Jamaica Plain, Boston","8/28/2017 - 9/24/2017, Weekdays, PM Peak",1934,1492,2506
"885","1 Lincoln St, Boston, MA","878","200 Public Alley 432, Back Bay, Boston","8/28/2017 - 9/24/2017, Weekdays, PM Peak",555,213,1443
"885","1 Lincoln St, Boston, MA","879","0 River Street Place, Beacon Hill, Boston","8/28/2017 - 9/24/2017, Weekdays, PM Peak",635,330,1218
"885","1 Lincoln St, Boston, MA","880","100 Charles Street, Beacon Hill, Boston","8/28/2017 - 9/24/2017, Weekdays, PM Peak",737,478,1134
"885","1 Lincoln St, Boston, MA","881","0 Stillman Street, North End, Boston","8/28/2017 - 9/24/2017, Weekdays, PM Peak",568,327,985
"885","1 Lincoln St, Boston, MA","882","200 Hanover Street, North End, Boston","8/28/2017 - 9/24/2017, Weekdays, PM Peak",571,328,992
"885","1 Lincoln St, Boston, MA","883","200 Seaport Boulevard, Seaport District, Boston","8/28/2017 - 9/24/2017, Weekdays, PM Peak",350,169,723
"885","1 Lincoln St, Boston, MA","884","South Boston Bypass, South Boston, Boston","8/28/2017 - 9/24/2017, Weekdays, PM Peak",308,110,856
"885","1 Lincoln St, Boston, MA","886","0 Malden Street, South End, Boston","8/28/2017 - 9/24/2017, Weekdays, PM Peak",427,193,943
"885","1 Lincoln St, Boston, MA","887","0 Mount Pleasant Terrace, Roxbury, Boston","8/28/2017 - 9/24/2017, Weekdays, PM Peak",983,651,1482
"885","1 Lincoln St, Boston, MA","888","133100 Vernon Street, Roxbury, Boston","8/28/2017 - 9/24/2017, Weekdays, PM Peak",995,710,1393
"885","1 Lincoln St, Boston, MA","889","100 Fisher Avenue, Mission Hill, Boston","8/28/2017 - 9/24/2017, Weekdays, PM Peak",1581,1181,2116
"885","1 Lincoln St, Boston, MA","890","0 Jamaica Street, Jamaica Plain, Boston","8/28/2017 - 9/24/2017, Weekdays, PM Peak",1918,1481,2483
"885","1 Lincoln St, Boston, MA","891","0 Stedman Street, Jamaica Plain, Boston","8/28/2017 - 9/24/2017, Weekdays, PM Peak",1805,1381,2358
"885","1 Lincoln St, Boston, MA","892","200 Chestnut Avenue, Jamaica Plain, Boston","8/28/2017 - 9/24/2017, Weekdays, PM Peak",1669,1268,2195
"885","1 Lincoln St, Boston, MA","893","0 Hastings Street, West Roxbury, Boston","8/28/2017 - 9/24/2017, Weekdays, PM Peak",2366,1865,3000
"885","1 Lincoln St, Boston, MA","894","0 Wren Street, West Roxbury, Boston","8/28/2017 - 9/24/2017, Weekdays, PM Peak",2658,2085,3387
"885","1 Lincoln St, Boston, MA","895","0 Edson Street, Hyde Park, Boston","8/28/2017 - 9/24/2017, Weekdays, PM Peak",2712,2107,3489
"885","1 Lincoln St, Boston, MA","896","300 Columbia Street, Wellington-Harrington, Cambridge","8/28/2017 - 9/24/2017, Weekdays, PM Peak",1514,1143,2004
"885","1 Lincoln St, Boston, MA","897","0 Cleveland Street, Hyde Park, Boston","8/28/2017 - 9/24/2017, Weekdays, PM Peak",2437,1793,3310
"885","1 Lincoln St, Boston, MA","898","0 Webster Street, Hyde Park, Boston","8/28/2017 - 9/24/2017, Weekdays, PM Peak",2273,1703,3033
"885","1 Lincoln St, Boston, MA","899","0 Watts Street, Chelsea","8/28/2017 - 9/24/2017, Weekdays, PM Peak",1325,867,2022
"885","1 Lincoln St, Boston, MA","900","0 Boatswains Way, Chelsea","8/28/2017 - 9/24/2017, Weekdays, PM Peak",1002,631,1590
"885","1 Lincoln St, Boston, MA","901","0 Willoughby Street, Chelsea","8/28/2017 - 9/24/2017, Weekdays, PM Peak",1399,964,2028
"885","1 Lincoln St, Boston, MA","902","0 Centre Street, Roxbury, Boston","8/28/2017 - 9/24/2017, Weekdays, PM Peak",1150,822,1608
"885","1 Lincoln St, Boston, MA","903","0 Gaston Street, Roxbury, Boston","8/28/2017 - 9/24/2017, Weekdays, PM Peak",1516,1122,2048
"885","1 Lincoln St, Boston, MA","904","0 Wolcott Street, Dorchester, Boston","8/28/2017 - 9/24/2017, Weekdays, PM Peak",1697,1262,2280
"885","1 Lincoln St, Boston, MA","905","100 Geneva Avenue, Dorchester, Boston","8/28/2017 - 9/24/2017, Weekdays, PM Peak",1564,1129,2165
"885","1 Lincoln St, Boston, MA","906","0 Romsey Circle, Dorchester, Boston","8/28/2017 - 9/24/2017, Weekdays, PM Peak",802,440,1459
"885","1 Lincoln St, Boston, MA","907","0 Gene Street, Dorchester, Boston","8/28/2017 - 9/24/2017, Weekdays, PM Peak",1195,805,1771
"885","1 Lincoln St, Boston, MA","908","0 Monadnock Street, Dorchester, Boston","8/28/2017 - 9/24/2017, Weekdays, PM Peak",1317,938,1849
"885","1 Lincoln St, Boston, MA","909","500 Squire Road, Revere","8/28/2017 - 9/24/2017, Weekdays, PM Peak",1510,1005,2268
"885","1 Lincoln St, Boston, MA","911","200 Garfield Avenue, Revere","8/28/2017 - 9/24/2017, Weekdays, PM Peak",1339,921,1945
"885","1 Lincoln St, Boston, MA","912","100 Crest Avenue, Revere","8/28/2017 - 9/24/2017, Weekdays, PM Peak",1474,1174,1849
"885","1 Lincoln St, Boston, MA","913","0 Petrel Street, Winthrop","8/28/2017 - 9/24/2017, Weekdays, PM Peak",1570,1254,1965
"885","1 Lincoln St, Boston, MA","915","Head Island Causeway, South Boston, Boston","8/28/2017 - 9/24/2017, Weekdays, PM Peak",886,572,1370
"885","1 Lincoln St, Boston, MA","916","0 Lee Burbank Highway, Revere","8/28/2017 - 9/24/2017, Weekdays, PM Peak",1254,837,1877
"885","1 Lincoln St, Boston, MA","917","Emerald Necklace, Jamaica Plain, Boston","8/28/2017 - 9/24/2017, Weekdays, PM Peak",1378,953,1992
"885","1 Lincoln St, Boston, MA","927","0 Mill River Drive, Weymouth","8/28/2017 - 9/24/2017, Weekdays, PM Peak",2110,1463,3042
"885","1 Lincoln St, Boston, MA","930","0 Constitution Avenue, Revere","8/28/2017 - 9/24/2017, Weekdays, PM Peak",1298,876,1922
"885","1 Lincoln St, Boston, MA","941","0 Providence Street, Union HIll, Worcester","8/28/2017 - 9/24/2017, Weekdays, PM Peak",3736,3170,4402
"885","1 Lincoln St, Boston, MA","942","0 Sterling Street, Worcester","8/28/2017 - 9/24/2017, Weekdays, PM Peak",3517,3123,3960
"885","1 Lincoln St, Boston, MA","943","Jefferson Saint Extension, Fall River","8/28/2017 - 9/24/2017, Weekdays, PM Peak",5213,4055,6701
"885","1 Lincoln St, Boston, MA","944","100 Cliff Road, Wellesley Hills, Wellesley","8/28/2017 - 9/24/2017, Weekdays, PM Peak",1908,1426,2551
"885","1 Lincoln St, Boston, MA","949","0 Pleasant Street, Auburn","8/28/2017 - 9/24/2017, Weekdays, PM Peak",4269,3273,5568
"885","1 Lincoln St, Boston, MA","951","0 Montgomery Drive, Millbury","8/28/2017 - 9/24/2017, Weekdays, PM Peak",3816,3006,4844
"885","1 Lincoln St, Boston, MA","952","0 Potter Hill Road, Grafton","8/28/2017 - 9/24/2017, Weekdays, PM Peak",3990,3071,5183
"885","1 Lincoln St, Boston, MA","954","100 West Street, Northborough","8/28/2017 - 9/24/2017, Weekdays, PM Peak",3633,2945,4481
"885","1 Lincoln St, Boston, MA","955","100 Somerset Avenue, Winthrop","8/28/2017 - 9/24/2017, Weekdays, PM Peak",1287,1048,1579
"885","1 Lincoln St, Boston, MA","956","0 Lyman Street, Northborough","8/28/2017 - 9/24/2017, Weekdays, PM Peak",3253,2573,4111
"885","1 Lincoln St, Boston, MA","957","0 Bowman Street, Westborough","8/28/2017 - 9/24/2017, Weekdays, PM Peak",3438,2657,4447
"885","1 Lincoln St, Boston, MA","958","0 Brooks Street, Upton-West Upton, Upton","8/28/2017 - 9/24/2017, Weekdays, PM Peak",3438,2642,4472
"885","1 Lincoln St, Boston, MA","959","0 Industrial Road, Milford","8/28/2017 - 9/24/2017, Weekdays, PM Peak",3316,2982,3686
"885","1 Lincoln St, Boston, MA","962","0 Providence Road, North Grafton, Grafton","8/28/2017 - 9/24/2017, Weekdays, PM Peak",3588,2831,4546
"885","1 Lincoln St, Boston, MA","963","0 Packet Landing Way, West Barnstable, Barnstable","8/28/2017 - 9/24/2017, Weekdays, PM Peak",5509,4671,6496
"885","1 Lincoln St, Boston, MA","965","200 River Road, Winthrop","8/28/2017 - 9/24/2017, Weekdays, PM Peak",1517,1188,1936
"885","1 Lincoln St, Boston, MA","966","100 Discovery Hill Road, East Sandwich, Sandwich","8/28/2017 - 9/24/2017, Weekdays, PM Peak",4930,4066,5977
"885","1 Lincoln St, Boston, MA","968","800 School Street, Mansfield","8/28/2017 - 9/24/2017, Weekdays, PM Peak",3740,2921,4787
"885","1 Lincoln St, Boston, MA","978","100 Common Lane, Beverly","8/28/2017 - 9/24/2017, Weekdays, PM Peak",2817,2230,3557
"885","1 Lincoln St, Boston, MA","980","0 Danton Drive, Methuen","8/28/2017 - 9/24/2017, Weekdays, PM Peak",3783,2656,5386
"885","1 Lincoln St, Boston, MA","982","Vireo Loop, Marblehead","8/28/2017 - 9/24/2017, Weekdays, PM Peak",3192,2663,3825
"885","1 Lincoln St, Boston, MA","983","200 Lynnway, Lynn","8/28/2017 - 9/24/2017, Weekdays, PM Peak",2434,1883,3144
"885","1 Lincoln St, Boston, MA","984","0 D'Orlando Way, Danvers","8/28/2017 - 9/24/2017, Weekdays, PM Peak",2936,2061,4181
"885","1 Lincoln St, Boston, MA","986","0 Harvard Avenue, West Medford, Medford","8/28/2017 - 9/24/2017, Weekdays, PM Peak",1667,1125,2469
"885","1 Lincoln St, Boston, MA","995","200 Billerica Road, Chelmsford","8/28/2017 - 9/24/2017, Weekdays, PM Peak",3377,2659,4288
"885","1 Lincoln St, Boston, MA","996","Royal Plaza Drive, Marlborough","8/28/2017 - 9/24/2017, Weekdays, PM Peak",3272,2555,4189
"885","1 Lincoln St, Boston, MA","999","100 Main Street, Wakefield","8/28/2017 - 9/24/2017, Weekdays, PM Peak",1941,1285,2930
"885","1 Lincoln St, Boston, MA","1000","0 Centre Street, Malden","8/28/2017 - 9/24/2017, Weekdays, PM Peak",1965,1517,2544
"885","1 Lincoln St, Boston, MA","1001","0 Sargent Street, Malden","8/28/2017 - 9/24/2017, Weekdays, PM Peak",1914,1330,2753
"885","1 Lincoln St, Boston, MA","1002","500 Assembly Row, Somerville","8/28/2017 - 9/24/2017, Weekdays, PM Peak",1053,664,1668
"885","1 Lincoln St, Boston, MA","1003","0 Packard Avenue, Tufts, Somerville","8/28/2017 - 9/24/2017, Weekdays, PM Peak",1957,1460,2622
"885","1 Lincoln St, Boston, MA","1004","0 Linden Avenue, Spring Hill, Somerville","8/28/2017 - 9/24/2017, Weekdays, PM Peak",1794,1380,2331
"885","1 Lincoln St, Boston, MA","1005","100 Sidney Street, Cambridgeport, Cambridge","8/28/2017 - 9/24/2017, Weekdays, PM Peak",1255,866,1817
"885","1 Lincoln St, Boston, MA","1006","0 Gray Gardens East, Neighborhood Nine, Cambridge","8/28/2017 - 9/24/2017, Weekdays, PM Peak",1719,1291,2288
"885","1 Lincoln St, Boston, MA","1010","0 Coolidge Hill Road, Watertown","8/28/2017 - 9/24/2017, Weekdays, PM Peak",1476,1119,1945
"885","1 Lincoln St, Boston, MA","1011","0 Burdean Road, Oak Hill, Newton","8/28/2017 - 9/24/2017, Weekdays, PM Peak",2135,1680,2712
"885","1 Lincoln St, Boston, MA","1012","0 Wilde Road, Waban, Newton","8/28/2017 - 9/24/2017, Weekdays, PM Peak",1680,1251,2254
"885","1 Lincoln St, Boston, MA","1013","100 Seminary Avenue, Auburndale, Newton","8/28/2017 - 9/24/2017, Weekdays, PM Peak",1466,1074,1999
"885","1 Lincoln St, Boston, MA","1014","0 Nixon Road, Framingham","8/28/2017 - 9/24/2017, Weekdays, PM Peak",2388,1808,3153
"885","1 Lincoln St, Boston, MA","1016","100 Buckminster Road, Fisher Hill, Brookline","8/28/2017 - 9/24/2017, Weekdays, PM Peak",1869,1503,2324
"885","1 Lincoln St, Boston, MA","1017","0 Tudor Road, Needham","8/28/2017 - 9/24/2017, Weekdays, PM Peak",2036,1504,2754
"885","1 Lincoln St, Boston, MA","1018","0 Knollwood Drive, Dover","8/28/2017 - 9/24/2017, Weekdays, PM Peak",3042,2510,3685
"885","1 Lincoln St, Boston, MA","1021","100 Walpole Street, Sharon","8/28/2017 - 9/24/2017, Weekdays, PM Peak",3224,2422,4291
"885","1 Lincoln St, Boston, MA","1022","0 Morse Street, Sharon","8/28/2017 - 9/24/2017, Weekdays, PM Peak",3236,2573,4068
"885","1 Lincoln St, Boston, MA","1023","0 Norman Street, Milton","8/28/2017 - 9/24/2017, Weekdays, PM Peak",1816,1271,2593
"885","1 Lincoln St, Boston, MA","1024","300 Adams Street, Milton","8/28/2017 - 9/24/2017, Weekdays, PM Peak",1088,720,1643
"885","1 Lincoln St, Boston, MA","1025","0 Reservoir Drive, Randolph","8/28/2017 - 9/24/2017, Weekdays, PM Peak",2412,1655,3514
"885","1 Lincoln St, Boston, MA","1027","300 Neck Street, North Weymouth, Weymouth","8/28/2017 - 9/24/2017, Weekdays, PM Peak",2514,1890,3342
"885","1 Lincoln St, Boston, MA","1029","200 Pine Street, Norwell","8/28/2017 - 9/24/2017, Weekdays, PM Peak",2683,1993,3611
"885","1 Lincoln St, Boston, MA","1033","Fall River Expressway, West Bridgewater","8/28/2017 - 9/24/2017, Weekdays, PM Peak",3128,2394,4085
"885","1 Lincoln St, Boston, MA","1034","100 Armstrong Road, Plymouth","8/28/2017 - 9/24/2017, Weekdays, PM Peak",3687,2884,4713
"885","1 Lincoln St, Boston, MA","1036","Pilgrims Highway, Plymouth","8/28/2017 - 9/24/2017, Weekdays, PM Peak",4372,3485,5483
"885","1 Lincoln St, Boston, MA","1037","Unnamed Road, East Wareham, Wareham","8/28/2017 - 9/24/2017, Weekdays, PM Peak",4661,4433,4900
"885","1 Lincoln St, Boston, MA","1038","0 Old Rutherford Avenue, Charlestown, Boston","8/28/2017 - 9/24/2017, Weekdays, PM Peak",751,427,1319
"885","1 Lincoln St, Boston, MA","1039","0 Flint Place, South Boston, Boston","8/28/2017 - 9/24/2017, Weekdays, PM Peak",769,566,1044
"885","1 Lincoln St, Boston, MA","1040","900 Massachusetts Avenue, Dorchester, Boston","8/28/2017 - 9/24/2017, Weekdays, PM Peak",557,283,1095
"885","1 Lincoln St, Boston, MA","1041","0 Kendall Street, South End, Boston","8/28/2017 - 9/24/2017, Weekdays, PM Peak",887,608,1292
"885","1 Lincoln St, Boston, MA","1042","0 Townsend Street, Roxbury, Boston","8/28/2017 - 9/24/2017, Weekdays, PM Peak",1177,846,1635
"885","1 Lincoln St, Boston, MA","1043","200 Savin Hill Avenue, Dorchester, Boston","8/28/2017 - 9/24/2017, Weekdays, PM Peak",816,469,1418
"885","1 Lincoln St, Boston, MA","1044","0 Ames Street, Mattapan, Boston","8/28/2017 - 9/24/2017, Weekdays, PM Peak",2018,1622,2510
"885","1 Lincoln St, Boston, MA","1045","0 Brockton Street, Mattapan, Boston","8/28/2017 - 9/24/2017, Weekdays, PM Peak",2221,1607,3068
"885","1 Lincoln St, Boston, MA","1047","0 Ardale Street, Roslindale, Boston","8/28/2017 - 9/24/2017, Weekdays, PM Peak",2272,1754,2941
"885","1 Lincoln St, Boston, MA","1048","Airport Road Terminal C - Departure Level, East Boston, Boston","8/28/2017 - 9/24/2017, Weekdays, PM Peak",779,487,1245
"885","1 Lincoln St, Boston, MA","1053","100 Greenwood Street, Quinsigamond Village, Worcester","8/28/2017 - 9/24/2017, Weekdays, PM Peak",3646,3129,4248
"885","1 Lincoln St, Boston, MA","1054","0 Old Common, Millbury","8/28/2017 - 9/24/2017, Weekdays, PM Peak",3960,3048,5144
"885","1 Lincoln St, Boston, MA","1056","0 Valley Road, Southborough","8/28/2017 - 9/24/2017, Weekdays, PM Peak",2867,2143,3834
"885","1 Lincoln St, Boston, MA","1060","600 Mary Dunn Road, Hyannis, Barnstable","8/28/2017 - 9/24/2017, Weekdays, PM Peak",5696,4839,6703
"885","1 Lincoln St, Boston, MA","1064","0 Glen Forest Lane, Methuen","8/28/2017 - 9/24/2017, Weekdays, PM Peak",3862,2701,5521
"885","1 Lincoln St, Boston, MA","1065","0 Volk Road, Dedham","8/28/2017 - 9/24/2017, Weekdays, PM Peak",2656,2119,3328
"885","1 Lincoln St, Boston, MA","1066","0 Warner Trail Road, Wrentham","8/28/2017 - 9/24/2017, Weekdays, PM Peak",3783,2966,4823
"885","1 Lincoln St, Boston, MA","1068","1300 Bennington Street, East Boston, Boston","8/28/2017 - 9/24/2017, Weekdays, PM Peak",1268,927,1733
"885","1 Lincoln St, Boston, MA","1075","0 Oakview Terrace, Jamaica Plain, Boston","8/28/2017 - 9/24/2017, Weekdays, PM Peak",1536,1203,1960
"885","1 Lincoln St, Boston, MA","1077","400 Moody Street, South Side, Waltham","8/28/2017 - 9/24/2017, Weekdays, PM Peak",1749,1377,2220
"885","1 Lincoln St, Boston, MA","1078","0 Wellesley Street, South Medford, Medford","8/28/2017 - 9/24/2017, Weekdays, PM Peak",1665,1225,2262
"885","1 Lincoln St, Boston, MA","1079","0 Brent Road, Lexington","8/28/2017 - 9/24/2017, Weekdays, PM Peak",2691,2082,3477
"885","1 Lincoln St, Boston, MA","1080","0 Teaberry Lane, Braintree","8/28/2017 - 9/24/2017, Weekdays, PM Peak",2084,1387,3130
"885","1 Lincoln St, Boston, MA","1084","100 Main Street, Sandwich, Sandwich","8/28/2017 - 9/24/2017, Weekdays, PM Peak",4843,3966,5913
"885","1 Lincoln St, Boston, MA","1085","0 Spectacle Pond Drive, East Falmouth, Falmouth","8/28/2017 - 9/24/2017, Weekdays, PM Peak",5897,5130,6777
"885","1 Lincoln St, Boston, MA","1089","200 Buck Knoll Road, Raynham","8/28/2017 - 9/24/2017, Weekdays, PM Peak",3670,2905,4634
"885","1 Lincoln St, Boston, MA","1095","0 Oxford Street, Lynn","8/28/2017 - 9/24/2017, Weekdays, PM Peak",2450,1988,3018
"885","1 Lincoln St, Boston, MA","1099","0 Station Street, Brookline","8/28/2017 - 9/24/2017, Weekdays, PM Peak",1749,1329,2300
"885","1 Lincoln St, Boston, MA","1100","0 Lowell Street, Andover, Andover","8/28/2017 - 9/24/2017, Weekdays, PM Peak",2892,2545,3285
"885","1 Lincoln St, Boston, MA","1102","0 Greenlodge Street, Dedham","8/28/2017 - 9/24/2017, Weekdays, PM Peak",2481,1841,3343
"885","1 Lincoln St, Boston, MA","1103","100 Kendrick Avenue, Quincy","8/28/2017 - 9/24/2017, Weekdays, PM Peak",2023,1428,2864
"885","1 Lincoln St, Boston, MA","1104","100 Grove Street, Braintree","8/28/2017 - 9/24/2017, Weekdays, PM Peak",1986,1344,2932
"885","1 Lincoln St, Boston, MA","1107","0 Winthrop Street, Kingston","8/28/2017 - 9/24/2017, Weekdays, PM Peak",3454,2706,4407
"885","1 Lincoln St, Boston, MA","1110","Cambridge Street, Allston, Boston","8/28/2017 - 9/24/2017, Weekdays, PM Peak",680,358,1289
"885","1 Lincoln St, Boston, MA","1112","1400 Shawsheen Street, Tewksbury","8/28/2017 - 9/24/2017, Weekdays, PM Peak",2672,1996,3575
"885","1 Lincoln St, Boston, MA","1116","Harborwalk, Waterfront, Boston","8/28/2017 - 9/24/2017, Weekdays, PM Peak",327,139,768
"885","1 Lincoln St, Boston, MA","1117","0 Gold Star Street, East Boston, Boston","8/28/2017 - 9/24/2017, Weekdays, PM Peak",1131,788,1621
"885","1 Lincoln St, Boston, MA","1118","0 McGreevey Way, Mission Hill, Boston","8/28/2017 - 9/24/2017, Weekdays, PM Peak",1339,976,1836
"885","1 Lincoln St, Boston, MA","1119","0 Coleus Park, Dorchester, Boston","8/28/2017 - 9/24/2017, Weekdays, PM Peak",1481,1066,2056
"885","1 Lincoln St, Boston, MA","1120","0 Melville Avenue, Dorchester, Dorchester Center, Boston","8/28/2017 - 9/24/2017, Weekdays, PM Peak",1616,1256,2078
"885","1 Lincoln St, Boston, MA","1122","100 Webster Avenue, Chelsea","8/28/2017 - 9/24/2017, Weekdays, PM Peak",1131,739,1729
"885","1 Lincoln St, Boston, MA","1123","Conifer Path, Jamaica Hills / Pond, Boston","8/28/2017 - 9/24/2017, Weekdays, PM Peak",2136,1643,2775
"885","1 Lincoln St, Boston, MA","1127","100 South Border Road, Medford","8/28/2017 - 9/24/2017, Weekdays, PM Peak",1507,974,2330
"885","1 Lincoln St, Boston, MA","1128","0 Lowden Avenue, Powder House Square, Somerville","8/28/2017 - 9/24/2017, Weekdays, PM Peak",1800,1339,2419
"885","1 Lincoln St, Boston, MA","1129","0 Shepard Street, Neighborhood Nine, Cambridge","8/28/2017 - 9/24/2017, Weekdays, PM Peak",1607,1189,2170
"885","1 Lincoln St, Boston, MA","1130","0 Louise Road, Belmont","8/28/2017 - 9/24/2017, Weekdays, PM Peak",1840,1454,2328
"885","1 Lincoln St, Boston, MA","1131","Yankee Division Highway, Lexington","8/28/2017 - 9/24/2017, Weekdays, PM Peak",2371,1824,3081
"885","1 Lincoln St, Boston, MA","1135","100 Main Street, Southborough","8/28/2017 - 9/24/2017, Weekdays, PM Peak",3017,2285,3982
"885","1 Lincoln St, Boston, MA","1137","0 Marion Avenue, Woburn","8/28/2017 - 9/24/2017, Weekdays, PM Peak",2085,1676,2593
"885","1 Lincoln St, Boston, MA","1138","0 Loring Avenue, Winchester","8/28/2017 - 9/24/2017, Weekdays, PM Peak",2171,1596,2951
"885","1 Lincoln St, Boston, MA","1140","300 Mystic Avenue, South Medford, Medford","8/28/2017 - 9/24/2017, Weekdays, PM Peak",1320,840,2072
"885","1 Lincoln St, Boston, MA","1141","0 Forest Street, Malden","8/28/2017 - 9/24/2017, Weekdays, PM Peak",2167,1661,2826
"885","1 Lincoln St, Boston, MA","1142","200 Massachusetts Avenue, Arlington","8/28/2017 - 9/24/2017, Weekdays, PM Peak",2300,1616,3273
"885","1 Lincoln St, Boston, MA","1143","300 Crescent Street, South Side, Waltham","8/28/2017 - 9/24/2017, Weekdays, PM Peak",1596,1236,2060
"885","1 Lincoln St, Boston, MA","1144","0 Scout Road, East Walpole, Walpole","8/28/2017 - 9/24/2017, Weekdays, PM Peak",3151,2358,4209
"885","1 Lincoln St, Boston, MA","1148","Railroad Trail, Assonet, Freetown","8/28/2017 - 9/24/2017, Weekdays, PM Peak",4456,3550,5592
"885","1 Lincoln St, Boston, MA","1151","0 Saugus Avenue, Saugus","8/28/2017 - 9/24/2017, Weekdays, PM Peak",1824,1426,2332
"885","1 Lincoln St, Boston, MA","1160","100 Austin Street, Hyde Park, Boston","8/28/2017 - 9/24/2017, Weekdays, PM Peak",2622,2161,3180
"885","1 Lincoln St, Boston, MA","1163","300 East Eagle Street, Eagle Hill, Boston","8/28/2017 - 9/24/2017, Weekdays, PM Peak",967,587,1592
"885","1 Lincoln St, Boston, MA","1164","0 West Howell Street, Dorchester, Boston","8/28/2017 - 9/24/2017, Weekdays, PM Peak",685,362,1294
"885","1 Lincoln St, Boston, MA","1165","900 American Legion Highway, Roslindale, Boston","8/28/2017 - 9/24/2017, Weekdays, PM Peak",2340,1733,3158
"885","1 Lincoln St, Boston, MA","1170","0 Garden Avenue, Wilmington","8/28/2017 - 9/24/2017, Weekdays, PM Peak",2594,1952,3446
"885","1 Lincoln St, Boston, MA","1171","Dike Road, Stoneham","8/28/2017 - 9/24/2017, Weekdays, PM Peak",1699,1126,2563
"885","1 Lincoln St, Boston, MA","1172","0 Balis Avenue, Broadmeadow Brook, Worcester","8/28/2017 - 9/24/2017, Weekdays, PM Peak",3869,3355,4461
"885","1 Lincoln St, Boston, MA","1174","600 Lynn Fells Parkway, Melrose","8/28/2017 - 9/24/2017, Weekdays, PM Peak",2292,1761,2982
"885","1 Lincoln St, Boston, MA","1175","0 Fellsmere Road, Malden","8/28/2017 - 9/24/2017, Weekdays, PM Peak",1852,1315,2607
"885","1 Lincoln St, Boston, MA","1177","0 Louds Avenue, Weymouth","8/28/2017 - 9/24/2017, Weekdays, PM Peak",2051,1416,2969
"885","1 Lincoln St, Boston, MA","1178","0 Trustman Terrace, East Boston, Boston","8/28/2017 - 9/24/2017, Weekdays, PM Peak",1057,687,1624
"885","1 Lincoln St, Boston, MA","1179","100 West Canton Street, Columbus, Boston","8/28/2017 - 9/24/2017, Weekdays, PM Peak",360,111,1162
"885","1 Lincoln St, Boston, MA","1183","200 Captain Eames Circle, Ashland","8/28/2017 - 9/24/2017, Weekdays, PM Peak",3250,2694,3920
"885","1 Lincoln St, Boston, MA","1184","200 Walnut Street, Stoughton","8/28/2017 - 9/24/2017, Weekdays, PM Peak",2733,2212,3375
"885","1 Lincoln St, Boston, MA","1185","0 Parsons Street, Brighton, Boston","8/28/2017 - 9/24/2017, Weekdays, PM Peak",1499,1094,2052
"885","1 Lincoln St, Boston, MA","1186","0 Norway Park, Hyde Park, Boston","8/28/2017 - 9/24/2017, Weekdays, PM Peak",1846,1370,2486
"885","1 Lincoln St, Boston, MA","1189","0 Fairbanks Street, Brighton, Boston","8/28/2017 - 9/24/2017, Weekdays, PM Peak",794,479,1315
"885","1 Lincoln St, Boston, MA","1190","0 Willow Avenue, Davis Square, Somerville","8/28/2017 - 9/24/2017, Weekdays, PM Peak",1926,1466,2529
"885","1 Lincoln St, Boston, MA","1192","0 Woodside Road, Winchester","8/28/2017 - 9/24/2017, Weekdays, PM Peak",2209,1619,3012
"885","1 Lincoln St, Boston, MA","1193","1100 Beacon Street, Brookline","8/28/2017 - 9/24/2017, Weekdays, PM Peak",585,259,1321
"885","1 Lincoln St, Boston, MA","1195","0 Howe Street, Dorchester, Boston","8/28/2017 - 9/24/2017, Weekdays, PM Peak",1341,949,1893
"885","1 Lincoln St, Boston, MA","1197","100 North Pearl Street, Brockton","8/28/2017 - 9/24/2017, Weekdays, PM Peak",2849,2097,3869
"885","1 Lincoln St, Boston, MA","1198","100 Ashland Street, Malden","8/28/2017 - 9/24/2017, Weekdays, PM Peak",1856,1426,2414
"885","1 Lincoln St, Boston, MA","1199","Lifecourse Trail, Newton Highlands, Newton","8/28/2017 - 9/24/2017, Weekdays, PM Peak",2023,1549,2641
"885","1 Lincoln St, Boston, MA","1200","0 Sarah Sherman Road, Rochester","8/28/2017 - 9/24/2017, Weekdays, PM Peak",4387,4175,4608
"885","1 Lincoln St, Boston, MA","1202","0 Charles Street, East Weymouth, Weymouth","8/28/2017 - 9/24/2017, Weekdays, PM Peak",2317,1757,3054
"885","1 Lincoln St, Boston, MA","1203","1200 West Street, Stoughton","8/28/2017 - 9/24/2017, Weekdays, PM Peak",2853,2381,3418
"885","1 Lincoln St, Boston, MA","1206","0 North Doris Avenue, Brockton","8/28/2017 - 9/24/2017, Weekdays, PM Peak",2923,2053,4160
"885","1 Lincoln St, Boston, MA","1208","0 1st Street, Bridgewater","8/28/2017 - 9/24/2017, Weekdays, PM Peak",3443,2717,4361
"885","1 Lincoln St, Boston, MA","1209","Cathedral Road, Plymouth","8/28/2017 - 9/24/2017, Weekdays, PM Peak",4081,3209,5189
"885","1 Lincoln St, Boston, MA","1211","Chestnut Hill Reservoir Trail, Brighton, Boston","8/28/2017 - 9/24/2017, Weekdays, PM Peak",1846,1381,2466
"885","1 Lincoln St, Boston, MA","1212","0 Snow Hill Street, North End, Boston","8/28/2017 - 9/24/2017, Weekdays, PM Peak",741,452,1214
"885","1 Lincoln St, Boston, MA","1213","200 East 8th Street, South Boston, Boston","8/28/2017 - 9/24/2017, Weekdays, PM Peak",881,592,1309
"885","1 Lincoln St, Boston, MA","1214","0 East Concord Street, South End, Boston","8/28/2017 - 9/24/2017, Weekdays, PM Peak",587,347,991
"885","1 Lincoln St, Boston, MA","1215","0 Beauford Lane, Roxbury, Boston","8/28/2017 - 9/24/2017, Weekdays, PM Peak",1321,949,1838
"885","1 Lincoln St, Boston, MA","1220","0 Perry Place, Auburn","8/28/2017 - 9/24/2017, Weekdays, PM Peak",4293,3274,5627
"885","1 Lincoln St, Boston, MA","1224","Wood Road, Bourne","8/28/2017 - 9/24/2017, Weekdays, PM Peak",4910,4014,6005
"885","1 Lincoln St, Boston, MA","1225","0 West Elm Avenue, Quincy","8/28/2017 - 9/24/2017, Weekdays, PM Peak",1501,1058,2129
"885","1 Lincoln St, Boston, MA","1226","0 Sturtevant Street, Boston","8/28/2017 - 9/24/2017, Weekdays, PM Peak",917,538,1562
"885","1 Lincoln St, Boston, MA","1227","0 Port Norfolk Street, Dorchester, Boston","8/28/2017 - 9/24/2017, Weekdays, PM Peak",943,576,1542
"885","1 Lincoln St, Boston, MA","1228","0 Ashley Street, Jamaica Plain, Boston","8/28/2017 - 9/24/2017, Weekdays, PM Peak",1397,1054,1850
"885","1 Lincoln St, Boston, MA","1230","100 Millwood Street, Framingham","8/28/2017 - 9/24/2017, Weekdays, PM Peak",2453,1868,3220
"885","1 Lincoln St, Boston, MA","1232","400 Newton Street, Chestnut Hill, Brookline","8/28/2017 - 9/24/2017, Weekdays, PM Peak",2215,1833,2676
"885","1 Lincoln St, Boston, MA","1233","0 Thackeray Road, Wellesley Hills, Wellesley","8/28/2017 - 9/24/2017, Weekdays, PM Peak",1851,1368,2503
"885","1 Lincoln St, Boston, MA","1236","200 North Main Street, Sharon","8/28/2017 - 9/24/2017, Weekdays, PM Peak",3145,2522,3921
"885","1 Lincoln St, Boston, MA","1237","100 Colonial Drive, Quincy","8/28/2017 - 9/24/2017, Weekdays, PM Peak",1621,1124,2336
"885","1 Lincoln St, Boston, MA","1238","0 Orient Avenue, Arlington","8/28/2017 - 9/24/2017, Weekdays, PM Peak",2529,1919,3331
"885","1 Lincoln St, Boston, MA","1239","0 Walnut Street, Belmont","8/28/2017 - 9/24/2017, Weekdays, PM Peak",1960,1578,2433
"885","1 Lincoln St, Boston, MA","1240","0 Middlesex Circle, Waltham","8/28/2017 - 9/24/2017, Weekdays, PM Peak",2083,1657,2618
"885","1 Lincoln St, Boston, MA","1241","0 Kenilworth Street, Newton Corner, Newton","8/28/2017 - 9/24/2017, Weekdays, PM Peak",1480,1031,2123
"885","1 Lincoln St, Boston, MA","1242","0 Scribner Park, Auburndale, Newton","8/28/2017 - 9/24/2017, Weekdays, PM Peak",1318,949,1828
"885","1 Lincoln St, Boston, MA","1245","0 Leland Road, North Reading","8/28/2017 - 9/24/2017, Weekdays, PM Peak",2718,1878,3933
"885","1 Lincoln St, Boston, MA","1246","North Shore Road, Revere","8/28/2017 - 9/24/2017, Weekdays, PM Peak",2065,1524,2796
"885","1 Lincoln St, Boston, MA","1247","Stony Brook Path, Boston","8/28/2017 - 9/24/2017, Weekdays, PM Peak",2765,2112,3619