"Origin Movement ID","Origin Display Name","Destination Movement ID","Destination Display Name","Date Range","Mean Travel Time (Seconds)","Range - Lower Bound Travel Time (Seconds)","Range - Upper Bound Travel Time (Seconds)"
"885","1 Lincoln St, Boston, MA","3","0 Flaherty Way, D Street / West Broadway, Boston","8/27/2017 - 10/1/2017, Weekdays, PM Peak",692,398,1202
"885","1 Lincoln St, Boston, MA","5","0 Queensberry Street, Fenway/Kenmore, Boston","8/27/2017 - 10/1/2017, Weekdays, PM Peak",1318,961,1807
"885","1 Lincoln St, Boston, MA","13","200 Liberty Street, Braintree","8/27/2017 - 10/1/2017, Weekdays, PM Peak",1946,1321,2865
"885","1 Lincoln St, Boston, MA","14","400 Cushing Street, Hingham","8/27/2017 - 10/1/2017, Weekdays, PM Peak",2297,1557,3387
"885","1 Lincoln St, Boston, MA","16","100 Kenrick Street, Oak Square, Boston","8/27/2017 - 10/1/2017, Weekdays, PM Peak",1776,1323,2382
"885","1 Lincoln St, Boston, MA","17","0 Maggi Road, Revere","8/27/2017 - 10/1/2017, Weekdays, PM Peak",1497,982,2280
"885","1 Lincoln St, Boston, MA","18","0 Lake Street, Billerica","8/27/2017 - 10/1/2017, Weekdays, PM Peak",2929,2575,3331
"885","1 Lincoln St, Boston, MA","19","200 Ocean Street, Lynn","8/27/2017 - 10/1/2017, Weekdays, PM Peak",2682,2111,3406
"885","1 Lincoln St, Boston, MA","20","0 Florence Street, Everett","8/27/2017 - 10/1/2017, Weekdays, PM Peak",1591,1110,2279
"885","1 Lincoln St, Boston, MA","21","0 Canal Lane, Somerville","8/27/2017 - 10/1/2017, Weekdays, PM Peak",1072,688,1668
"885","1 Lincoln St, Boston, MA","22","200 Chicago Street, Fall River","8/27/2017 - 10/1/2017, Weekdays, PM Peak",4427,3906,5017
"885","1 Lincoln St, Boston, MA","23","0 Ocallaghan Way, Lynn","8/27/2017 - 10/1/2017, Weekdays, PM Peak",2714,2061,3573
"885","1 Lincoln St, Boston, MA","24","Blue Star Memorial Highway, Bourne","8/27/2017 - 10/1/2017, Weekdays, PM Peak",4583,4302,4881
"885","1 Lincoln St, Boston, MA","25","0 Baldpate Road, Georgetown","8/27/2017 - 10/1/2017, Weekdays, PM Peak",2769,2184,3510
"885","1 Lincoln St, Boston, MA","27","100 Inner Belt Road, Inner Belt, Somerville","8/27/2017 - 10/1/2017, Weekdays, PM Peak",864,506,1474
"885","1 Lincoln St, Boston, MA","28","0 Lincoln Road, Brookline","8/27/2017 - 10/1/2017, Weekdays, PM Peak",2001,1573,2544
"885","1 Lincoln St, Boston, MA","29","100 Crosby Street, Arlington","8/27/2017 - 10/1/2017, Weekdays, PM Peak",1931,1389,2684
"885","1 Lincoln St, Boston, MA","30","0 Stagecoach Way, Hopkinton","8/27/2017 - 10/1/2017, Weekdays, PM Peak",3023,2316,3945
"885","1 Lincoln St, Boston, MA","32","0 Gainsborough Street, Fenway/Kenmore, Boston","8/27/2017 - 10/1/2017, Weekdays, PM Peak",1242,890,1733
"885","1 Lincoln St, Boston, MA","33","200 Prospect Avenue, Revere","8/27/2017 - 10/1/2017, Weekdays, PM Peak",1174,766,1797
"885","1 Lincoln St, Boston, MA","37","0 Perrin Street, Roxbury, Boston","8/27/2017 - 10/1/2017, Weekdays, PM Peak",1365,923,2017
"885","1 Lincoln St, Boston, MA","38","McLean Street, Belmont","8/27/2017 - 10/1/2017, Weekdays, PM Peak",2081,1602,2701
"885","1 Lincoln St, Boston, MA","40","0 Aycliffe Road, Swampscott","8/27/2017 - 10/1/2017, Weekdays, PM Peak",2852,2254,3607
"885","1 Lincoln St, Boston, MA","41","200 Sumner Street, East Boston, Boston","8/27/2017 - 10/1/2017, Weekdays, PM Peak",1028,702,1503
"885","1 Lincoln St, Boston, MA","44","0 Georgetown Road, Boxford","8/27/2017 - 10/1/2017, Weekdays, PM Peak",2594,2017,3334
"885","1 Lincoln St, Boston, MA","46","300 River Street, Cambridgeport, Cambridge","8/27/2017 - 10/1/2017, Weekdays, PM Peak",1021,658,1582
"885","1 Lincoln St, Boston, MA","47","200 Huntington Avenue, Prudential / St. Botolph, Boston","8/27/2017 - 10/1/2017, Weekdays, PM Peak",942,421,2106
"885","1 Lincoln St, Boston, MA","48","100 Gove Street, East Boston, Boston","8/27/2017 - 10/1/2017, Weekdays, PM Peak",1072,721,1593
"885","1 Lincoln St, Boston, MA","51","0 Peterborough Street, West Fens, Boston","8/27/2017 - 10/1/2017, Weekdays, PM Peak",1300,837,2019
"885","1 Lincoln St, Boston, MA","52","0 Berkshire Street, Wellington-Harrington, Cambridge","8/27/2017 - 10/1/2017, Weekdays, PM Peak",1335,969,1839
"885","1 Lincoln St, Boston, MA","53","600 Commonwealth Avenue, Fenway/Kenmore, Boston","8/27/2017 - 10/1/2017, Weekdays, PM Peak",598,258,1380
"885","1 Lincoln St, Boston, MA","54","0 Binney Street, Arefth, Cambridge","8/27/2017 - 10/1/2017, Weekdays, PM Peak",1137,761,1696
"885","1 Lincoln St, Boston, MA","58","100 Summit Avenue, Corey Hill, Brookline","8/27/2017 - 10/1/2017, Weekdays, PM Peak",1764,1325,2347
"885","1 Lincoln St, Boston, MA","59","300 Shea Memorial Drive, SouthField, Weymouth","8/27/2017 - 10/1/2017, Weekdays, PM Peak",2451,1779,3376
"885","1 Lincoln St, Boston, MA","60","Pilgrims Highway, Weymouth","8/27/2017 - 10/1/2017, Weekdays, PM Peak",2166,1534,3056
"885","1 Lincoln St, Boston, MA","61","0 Eagle Lane, Wrentham","8/27/2017 - 10/1/2017, Weekdays, PM Peak",4088,3232,5170
"885","1 Lincoln St, Boston, MA","62","200 Pond Street, Avon","8/27/2017 - 10/1/2017, Weekdays, PM Peak",2419,1730,3381
"885","1 Lincoln St, Boston, MA","67","0 Nightingale Lane, Salem","8/27/2017 - 10/1/2017, Weekdays, PM Peak",3369,2471,4591
"885","1 Lincoln St, Boston, MA","68","100 Beacon Street, Back Bay East, Boston","8/27/2017 - 10/1/2017, Weekdays, PM Peak",720,453,1144
"885","1 Lincoln St, Boston, MA","69","0 Burrill Avenue, Lynn","8/27/2017 - 10/1/2017, Weekdays, PM Peak",2791,2193,3551
"885","1 Lincoln St, Boston, MA","70","0 Crimson Street, Raynham","8/27/2017 - 10/1/2017, Weekdays, PM Peak",3000,2211,4069
"885","1 Lincoln St, Boston, MA","72","0 Stonington Street, North Andover","8/27/2017 - 10/1/2017, Weekdays, PM Peak",3126,2500,3907
"885","1 Lincoln St, Boston, MA","77","0 The Mountain Road, Framingham","8/27/2017 - 10/1/2017, Weekdays, PM Peak",2584,1930,3459
"885","1 Lincoln St, Boston, MA","78","0 John Street, Woburn","8/27/2017 - 10/1/2017, Weekdays, PM Peak",2222,1771,2786
"885","1 Lincoln St, Boston, MA","79","Massachusetts State House, Beacon Hill, Boston","8/27/2017 - 10/1/2017, Weekdays, PM Peak",338,82,1390
"885","1 Lincoln St, Boston, MA","80","0 Bussell Road, West Medford, Medford","8/27/2017 - 10/1/2017, Weekdays, PM Peak",1665,1140,2431
"885","1 Lincoln St, Boston, MA","82","100 Private Alley 527, South End, Boston","8/27/2017 - 10/1/2017, Weekdays, PM Peak",845,590,1209
"885","1 Lincoln St, Boston, MA","83","0 Golden Drive, Winthrop","8/27/2017 - 10/1/2017, Weekdays, PM Peak",1691,1158,2469
"885","1 Lincoln St, Boston, MA","89","0 Cottage Street, Lynn","8/27/2017 - 10/1/2017, Weekdays, PM Peak",2514,1906,3314
"885","1 Lincoln St, Boston, MA","91","Northbridge Road, Hanscom Air Force Base","8/27/2017 - 10/1/2017, Weekdays, PM Peak",3414,2762,4219
"885","1 Lincoln St, Boston, MA","92","Southeast Expressway, Quincy","8/27/2017 - 10/1/2017, Weekdays, PM Peak",1397,903,2159
"885","1 Lincoln St, Boston, MA","94","300 Marlborough Street, Back Bay, Boston","8/27/2017 - 10/1/2017, Weekdays, PM Peak",998,659,1509
"885","1 Lincoln St, Boston, MA","95","0 G Street, South Boston, Boston","8/27/2017 - 10/1/2017, Weekdays, PM Peak",893,632,1261
"885","1 Lincoln St, Boston, MA","97","300 Bishops Forest Drive, Waltham","8/27/2017 - 10/1/2017, Weekdays, PM Peak",2241,1688,2974
"885","1 Lincoln St, Boston, MA","98","100 Suffolk Road, Chestnut Hill, Newton","8/27/2017 - 10/1/2017, Weekdays, PM Peak",1947,1379,2748
"885","1 Lincoln St, Boston, MA","105","100 Columbia Street, The Port, Cambridge","8/27/2017 - 10/1/2017, Weekdays, PM Peak",1575,1126,2201
"885","1 Lincoln St, Boston, MA","118","0 County Way Extension, Beverly","8/27/2017 - 10/1/2017, Weekdays, PM Peak",3133,2399,4090
"885","1 Lincoln St, Boston, MA","120","0 Cherrywood Circle, Andover","8/27/2017 - 10/1/2017, Weekdays, PM Peak",2546,2032,3189
"885","1 Lincoln St, Boston, MA","121","0 Macy Street, Amesbury","8/27/2017 - 10/1/2017, Weekdays, PM Peak",3400,2746,4209
"885","1 Lincoln St, Boston, MA","126","200 Paris Way, Woburn","8/27/2017 - 10/1/2017, Weekdays, PM Peak",2446,1917,3120
"885","1 Lincoln St, Boston, MA","127","200 Vinton Street, Melrose","8/27/2017 - 10/1/2017, Weekdays, PM Peak",2115,1664,2686
"885","1 Lincoln St, Boston, MA","128","100 Glen Street, Malden","8/27/2017 - 10/1/2017, Weekdays, PM Peak",1950,1427,2664
"885","1 Lincoln St, Boston, MA","129","0 Glendale Street, Everett","8/27/2017 - 10/1/2017, Weekdays, PM Peak",1888,1348,2643
"885","1 Lincoln St, Boston, MA","130","0 Cambria Street, Spring Hill, Somerville","8/27/2017 - 10/1/2017, Weekdays, PM Peak",1619,1220,2148
"885","1 Lincoln St, Boston, MA","131","2000 Massachusetts Avenue, North Cambridge, Cambridge","8/27/2017 - 10/1/2017, Weekdays, PM Peak",1888,1483,2402
"885","1 Lincoln St, Boston, MA","132","0 Townsend Road, Belmont","8/27/2017 - 10/1/2017, Weekdays, PM Peak",1915,1503,2438
"885","1 Lincoln St, Boston, MA","133","0 Old Mill Road, West Concord, Concord","8/27/2017 - 10/1/2017, Weekdays, PM Peak",3741,2722,5139
"885","1 Lincoln St, Boston, MA","134","Yankee Division Highway, Waltham","8/27/2017 - 10/1/2017, Weekdays, PM Peak",2096,1530,2869
"885","1 Lincoln St, Boston, MA","135","100 Orchard Street, Watertown","8/27/2017 - 10/1/2017, Weekdays, PM Peak",1732,1234,2429
"885","1 Lincoln St, Boston, MA","136","200 Adams Avenue, West Newton, Newton","8/27/2017 - 10/1/2017, Weekdays, PM Peak",1502,1064,2120
"885","1 Lincoln St, Boston, MA","137","0 Badger Road, Framingham","8/27/2017 - 10/1/2017, Weekdays, PM Peak",2678,2023,3543
"885","1 Lincoln St, Boston, MA","138","0 Emmett Avenue, Dedham","8/27/2017 - 10/1/2017, Weekdays, PM Peak",2436,1456,4075
"885","1 Lincoln St, Boston, MA","140","100 Montclair Avenue, Quincy","8/27/2017 - 10/1/2017, Weekdays, PM Peak",1347,852,2128
"885","1 Lincoln St, Boston, MA","141","0 Brooks Avenue, Quincy","8/27/2017 - 10/1/2017, Weekdays, PM Peak",1732,1219,2459
"885","1 Lincoln St, Boston, MA","142","0 Althea Road, Randolph","8/27/2017 - 10/1/2017, Weekdays, PM Peak",2303,1458,3637
"885","1 Lincoln St, Boston, MA","143","0 Lantern Lane, Wrentham","8/27/2017 - 10/1/2017, Weekdays, PM Peak",4326,3196,5853
"885","1 Lincoln St, Boston, MA","144","900 Massachusetts 139, Stoughton","8/27/2017 - 10/1/2017, Weekdays, PM Peak",2342,1657,3309
"885","1 Lincoln St, Boston, MA","148","0 Center Avenue, Middleborough Center, Middleborough","8/27/2017 - 10/1/2017, Weekdays, PM Peak",3744,3176,4412
"885","1 Lincoln St, Boston, MA","150","Monastery Path, Brighton, Boston","8/27/2017 - 10/1/2017, Weekdays, PM Peak",1325,903,1943
"885","1 Lincoln St, Boston, MA","151","300 Commercial Street, North End, Boston","8/27/2017 - 10/1/2017, Weekdays, PM Peak",756,492,1161
"885","1 Lincoln St, Boston, MA","152","400 Border Street, East Boston, Boston","8/27/2017 - 10/1/2017, Weekdays, PM Peak",1169,790,1727
"885","1 Lincoln St, Boston, MA","153","200 Marginal Street, Jeffries Point, Boston","8/27/2017 - 10/1/2017, Weekdays, PM Peak",633,344,1164
"885","1 Lincoln St, Boston, MA","154","700 Washington Street, Downtown, Boston","8/27/2017 - 10/1/2017, Weekdays, PM Peak",298,92,955
"885","1 Lincoln St, Boston, MA","155","100 West Springfield Street, South End, Boston","8/27/2017 - 10/1/2017, Weekdays, PM Peak",819,563,1191
"885","1 Lincoln St, Boston, MA","156","0 Academy Road, Roxbury, Boston","8/27/2017 - 10/1/2017, Weekdays, PM Peak",1369,981,1909
"885","1 Lincoln St, Boston, MA","157","100 Train Street, Dorchester, Boston","8/27/2017 - 10/1/2017, Weekdays, PM Peak",1607,1175,2196
"885","1 Lincoln St, Boston, MA","158","100 Sycamore Street, Roslindale, Boston","8/27/2017 - 10/1/2017, Weekdays, PM Peak",2378,1899,2977
"885","1 Lincoln St, Boston, MA","159","0 Congress Avenue, Chelsea","8/27/2017 - 10/1/2017, Weekdays, PM Peak",1154,771,1726
"885","1 Lincoln St, Boston, MA","160","0 Franklin Place, Revere","8/27/2017 - 10/1/2017, Weekdays, PM Peak",1330,928,1904
"885","1 Lincoln St, Boston, MA","161","0 William Fairfield Drive, Wenham","8/27/2017 - 10/1/2017, Weekdays, PM Peak",3359,2681,4207
"885","1 Lincoln St, Boston, MA","167","0 Miner Street, Fenway/Kenmore, Boston","8/27/2017 - 10/1/2017, Weekdays, PM Peak",1416,907,2208
"885","1 Lincoln St, Boston, MA","170","0 Stowe Road, Sandwich","8/27/2017 - 10/1/2017, Weekdays, PM Peak",4778,4330,5271
"885","1 Lincoln St, Boston, MA","171","0 Andrew Road, Sagamore Beach, Bourne","8/27/2017 - 10/1/2017, Weekdays, PM Peak",4330,3756,4990
"885","1 Lincoln St, Boston, MA","175","0 Hazelwood Avenue, Attleboro","8/27/2017 - 10/1/2017, Weekdays, PM Peak",3342,2424,4605
"885","1 Lincoln St, Boston, MA","182","0 The Greenway, Swampscott","8/27/2017 - 10/1/2017, Weekdays, PM Peak",3330,2599,4266
"885","1 Lincoln St, Boston, MA","183","0 Western Avenue, Lynn","8/27/2017 - 10/1/2017, Weekdays, PM Peak",3155,2635,3776
"885","1 Lincoln St, Boston, MA","184","0 South Street, Lynn","8/27/2017 - 10/1/2017, Weekdays, PM Peak",2406,1835,3153
"885","1 Lincoln St, Boston, MA","192","0 Fazio Farm Road, Georgetown","8/27/2017 - 10/1/2017, Weekdays, PM Peak",2843,2267,3565
"885","1 Lincoln St, Boston, MA","197","100 Beach Street, Marlborough","8/27/2017 - 10/1/2017, Weekdays, PM Peak",3477,2778,4350
"885","1 Lincoln St, Boston, MA","199","0 Burlington Street, Woburn","8/27/2017 - 10/1/2017, Weekdays, PM Peak",2307,1810,2938
"885","1 Lincoln St, Boston, MA","200","100 Orange Street, Reading","8/27/2017 - 10/1/2017, Weekdays, PM Peak",1852,1268,2703
"885","1 Lincoln St, Boston, MA","201","0 Cleveland Street, Melrose","8/27/2017 - 10/1/2017, Weekdays, PM Peak",1818,1345,2456
"885","1 Lincoln St, Boston, MA","202","0 Girard Road, Winchester","8/27/2017 - 10/1/2017, Weekdays, PM Peak",2109,1589,2798
"885","1 Lincoln St, Boston, MA","203","0 Hall Street, Medford","8/27/2017 - 10/1/2017, Weekdays, PM Peak",1182,764,1827
"885","1 Lincoln St, Boston, MA","204","0 Mohan Street, Everett","8/27/2017 - 10/1/2017, Weekdays, PM Peak",1855,1323,2599
"885","1 Lincoln St, Boston, MA","205","0 Cutler Street, Magoun Square, Somerville","8/27/2017 - 10/1/2017, Weekdays, PM Peak",1537,1114,2119
"885","1 Lincoln St, Boston, MA","206","0 Claremon Street, Teele Square, Somerville","8/27/2017 - 10/1/2017, Weekdays, PM Peak",2133,1670,2723
"885","1 Lincoln St, Boston, MA","207","0 Museum Way, East Cambridge, Cambridge","8/27/2017 - 10/1/2017, Weekdays, PM Peak",875,530,1442
"885","1 Lincoln St, Boston, MA","208","0 Jefferson Street, Wellington-Harrington, Cambridge","8/27/2017 - 10/1/2017, Weekdays, PM Peak",1449,1024,2048
"885","1 Lincoln St, Boston, MA","209","100 Magazine Street, Cambridgeport, Cambridge","8/27/2017 - 10/1/2017, Weekdays, PM Peak",1197,774,1851
"885","1 Lincoln St, Boston, MA","210","0 Cowperthwaite Garage, Cowperthwaite Street, Riverside, Cambridge","8/27/2017 - 10/1/2017, Weekdays, PM Peak",1190,835,1695
"885","1 Lincoln St, Boston, MA","211","0 Haskell Street, North Cambridge, Cambridge","8/27/2017 - 10/1/2017, Weekdays, PM Peak",2201,1744,2776
"885","1 Lincoln St, Boston, MA","212","100 Claremont Avenue, Arlington","8/27/2017 - 10/1/2017, Weekdays, PM Peak",2633,2058,3368
"885","1 Lincoln St, Boston, MA","213","0 Gorham Road, Belmont","8/27/2017 - 10/1/2017, Weekdays, PM Peak",2017,1579,2575
"885","1 Lincoln St, Boston, MA","214","0 Valley View Road, Weston","8/27/2017 - 10/1/2017, Weekdays, PM Peak",2535,1829,3511
"885","1 Lincoln St, Boston, MA","215","0 Rose Avenue, Watertown","8/27/2017 - 10/1/2017, Weekdays, PM Peak",1758,1258,2455
"885","1 Lincoln St, Boston, MA","216","200 Cabot Street, Newtonville, Newton","8/27/2017 - 10/1/2017, Weekdays, PM Peak",1577,1032,2409
"885","1 Lincoln St, Boston, MA","217","0 Hartford Street, Natick","8/27/2017 - 10/1/2017, Weekdays, PM Peak",2623,2004,3433
"885","1 Lincoln St, Boston, MA","220","100 Coolidge Street, North Brookline, Brookline","8/27/2017 - 10/1/2017, Weekdays, PM Peak",1621,1160,2263
"885","1 Lincoln St, Boston, MA","221","0 Colbourne Crescent, Aspinwall Hill, Brookline","8/27/2017 - 10/1/2017, Weekdays, PM Peak",1980,1518,2582
"885","1 Lincoln St, Boston, MA","222","0 Walnut Place, High Street Hill, Brookline","8/27/2017 - 10/1/2017, Weekdays, PM Peak",1991,1564,2533
"885","1 Lincoln St, Boston, MA","223","0 Berkshire Road, Babson Park, Wellesley","8/27/2017 - 10/1/2017, Weekdays, PM Peak",2323,1681,3210
"885","1 Lincoln St, Boston, MA","225","0 Longmeadow Drive, Westwood","8/27/2017 - 10/1/2017, Weekdays, PM Peak",2538,1978,3256
"885","1 Lincoln St, Boston, MA","226","0 Everett Avenue, Norwood","8/27/2017 - 10/1/2017, Weekdays, PM Peak",2785,2020,3838
"885","1 Lincoln St, Boston, MA","227","1100 Commonwealth Avenue, Allston, Boston","8/27/2017 - 10/1/2017, Weekdays, PM Peak",1496,1045,2139
"885","1 Lincoln St, Boston, MA","228","200 Central Avenue, Milton","8/27/2017 - 10/1/2017, Weekdays, PM Peak",1562,1100,2217
"885","1 Lincoln St, Boston, MA","229","100 Main Street, Quincy","8/27/2017 - 10/1/2017, Weekdays, PM Peak",2168,1549,3034
"885","1 Lincoln St, Boston, MA","230","0 Saddle Row, Plainville","8/27/2017 - 10/1/2017, Weekdays, PM Peak",3935,2934,5276
"885","1 Lincoln St, Boston, MA","232","0 Free Street, Hingham","8/27/2017 - 10/1/2017, Weekdays, PM Peak",2526,1786,3572
"885","1 Lincoln St, Boston, MA","237","Fall River Expressway, Brockton","8/27/2017 - 10/1/2017, Weekdays, PM Peak",2660,2025,3493
"885","1 Lincoln St, Boston, MA","241","100 Colborne Road, Brighton, Boston","8/27/2017 - 10/1/2017, Weekdays, PM Peak",1600,1147,2231
"885","1 Lincoln St, Boston, MA","242","0 Park Street, Charlestown, Boston","8/27/2017 - 10/1/2017, Weekdays, PM Peak",842,565,1253
"885","1 Lincoln St, Boston, MA","243","0 San Juan Street, South End, Boston","8/27/2017 - 10/1/2017, Weekdays, PM Peak",738,498,1093
"885","1 Lincoln St, Boston, MA","244","500 Columbus Avenue, South End, Boston","8/27/2017 - 10/1/2017, Weekdays, PM Peak",931,654,1324
"885","1 Lincoln St, Boston, MA","245","100 Saint Alphonsus Street, Mission Hill, Boston","8/27/2017 - 10/1/2017, Weekdays, PM Peak",1504,1104,2047
"885","1 Lincoln St, Boston, MA","246","300 Mount Vernon Street, Dorchester, Boston","8/27/2017 - 10/1/2017, Weekdays, PM Peak",1062,672,1677
"885","1 Lincoln St, Boston, MA","247","0 Bowdoin Avenue, Dorchester, Boston","8/27/2017 - 10/1/2017, Weekdays, PM Peak",1938,1471,2551
"885","1 Lincoln St, Boston, MA","248","0 Evans Street, West Codman Hill / West Lower Mills, Dorchester Center, Boston","8/27/2017 - 10/1/2017, Weekdays, PM Peak",1924,1366,2708
"885","1 Lincoln St, Boston, MA","249","200 River Street, Mattapan, Boston","8/27/2017 - 10/1/2017, Weekdays, PM Peak",2148,1476,3125
"885","1 Lincoln St, Boston, MA","250","0 Gretter Road, West Roxbury, Boston","8/27/2017 - 10/1/2017, Weekdays, PM Peak",2443,1907,3129
"885","1 Lincoln St, Boston, MA","251","0 Grotto Glen Road, Jamaica Plain, Boston","8/27/2017 - 10/1/2017, Weekdays, PM Peak",1733,1261,2380
"885","1 Lincoln St, Boston, MA","252","0 Grove Street, West Roxbury, Boston","8/27/2017 - 10/1/2017, Weekdays, PM Peak",2654,2015,3494
"885","1 Lincoln St, Boston, MA","253","0 Kimball Road, Chelsea","8/27/2017 - 10/1/2017, Weekdays, PM Peak",1106,711,1718
"885","1 Lincoln St, Boston, MA","254","1200 North Shore Road, Revere","8/27/2017 - 10/1/2017, Weekdays, PM Peak",1547,1124,2128
"885","1 Lincoln St, Boston, MA","255","Rosedale Avenue, Forest Hills / Woodbourne, Boston","8/27/2017 - 10/1/2017, Weekdays, PM Peak",2018,1423,2860
"885","1 Lincoln St, Boston, MA","261","0 6th Street, Arefth, Cambridge","8/27/2017 - 10/1/2017, Weekdays, PM Peak",1263,891,1789
"885","1 Lincoln St, Boston, MA","268","0 Congress Street, Salem","8/27/2017 - 10/1/2017, Weekdays, PM Peak",3997,3269,4886
"885","1 Lincoln St, Boston, MA","270","0 Sugar Hill Circle, Methuen","8/27/2017 - 10/1/2017, Weekdays, PM Peak",2853,2207,3686
"885","1 Lincoln St, Boston, MA","275","0 Theresa Road, Stoneham","8/27/2017 - 10/1/2017, Weekdays, PM Peak",2096,1534,2863
"885","1 Lincoln St, Boston, MA","276","0 Howard Street, Malden","8/27/2017 - 10/1/2017, Weekdays, PM Peak",1865,1403,2479
"885","1 Lincoln St, Boston, MA","277","0 Edwin H Land Boulevard, East Cambridge, Cambridge","8/27/2017 - 10/1/2017, Weekdays, PM Peak",1027,686,1536
"885","1 Lincoln St, Boston, MA","279","200 Seminole Avenue, Lakeview, Waltham","8/27/2017 - 10/1/2017, Weekdays, PM Peak",2104,1524,2904
"885","1 Lincoln St, Boston, MA","280","0 Linder Terrace, Hunnewell Hill, Newton","8/27/2017 - 10/1/2017, Weekdays, PM Peak",1059,699,1602
"885","1 Lincoln St, Boston, MA","281","0 Meadowbrook Road, Quincy","8/27/2017 - 10/1/2017, Weekdays, PM Peak",1742,1211,2503
"885","1 Lincoln St, Boston, MA","282","0 Pleasant View Avenue, Braintree","8/27/2017 - 10/1/2017, Weekdays, PM Peak",2770,2007,3822
"885","1 Lincoln St, Boston, MA","283","0 Squibnocket Road, Franklin","8/27/2017 - 10/1/2017, Weekdays, PM Peak",3954,3212,4866
"885","1 Lincoln St, Boston, MA","285","100 Foster Street, Brighton, Boston","8/27/2017 - 10/1/2017, Weekdays, PM Peak",1650,1202,2263
"885","1 Lincoln St, Boston, MA","286","0 Border Street, East Boston, Boston","8/27/2017 - 10/1/2017, Weekdays, PM Peak",915,592,1413
"885","1 Lincoln St, Boston, MA","287","0 Murray Way, South Boston, Boston","8/27/2017 - 10/1/2017, Weekdays, PM Peak",1057,724,1541
"885","1 Lincoln St, Boston, MA","288","0 Wakullah Street, Roxbury, Boston","8/27/2017 - 10/1/2017, Weekdays, PM Peak",1207,812,1791
"885","1 Lincoln St, Boston, MA","289","500 Baker Street, West Roxbury, Boston","8/27/2017 - 10/1/2017, Weekdays, PM Peak",2711,2062,3563
"885","1 Lincoln St, Boston, MA","290","100 Tremont Street, Boston","8/27/2017 - 10/1/2017, Weekdays, PM Peak",373,128,1080
"885","1 Lincoln St, Boston, MA","293","0 Osgood Street, Salem","8/27/2017 - 10/1/2017, Weekdays, PM Peak",3053,2301,4049
"885","1 Lincoln St, Boston, MA","294","0 Chelsea Street, East Boston, Boston","8/27/2017 - 10/1/2017, Weekdays, PM Peak",918,620,1357
"885","1 Lincoln St, Boston, MA","296","0 Cleverly Court, Quincy","8/27/2017 - 10/1/2017, Weekdays, PM Peak",2238,1650,3034
"885","1 Lincoln St, Boston, MA","297","100 Arlington Street, Bay Village, Boston","8/27/2017 - 10/1/2017, Weekdays, PM Peak",458,144,1452
"885","1 Lincoln St, Boston, MA","298","100 Whitford Street, Roslindale, Boston","8/27/2017 - 10/1/2017, Weekdays, PM Peak",2361,1766,3155
"885","1 Lincoln St, Boston, MA","299","0 Round Hill Street, Jamaica Plain, Boston","8/27/2017 - 10/1/2017, Weekdays, PM Peak",1445,1056,1976
"885","1 Lincoln St, Boston, MA","301","0 John J Brady Drive, Framingham","8/27/2017 - 10/1/2017, Weekdays, PM Peak",2924,2357,3626
"885","1 Lincoln St, Boston, MA","302","0 Leon Street, Fenway/Kenmore, Boston","8/27/2017 - 10/1/2017, Weekdays, PM Peak",1206,859,1692
"885","1 Lincoln St, Boston, MA","303","200 Old County Road, East Sandwich, Sandwich","8/27/2017 - 10/1/2017, Weekdays, PM Peak",4757,4305,5255
"885","1 Lincoln St, Boston, MA","310","0 Sharon Street, Malden","8/27/2017 - 10/1/2017, Weekdays, PM Peak",1941,1439,2616
"885","1 Lincoln St, Boston, MA","311","800 Monument Street, Concord","8/27/2017 - 10/1/2017, Weekdays, PM Peak",2916,2142,3968
"885","1 Lincoln St, Boston, MA","312","0 Loring Drive, Framingham","8/27/2017 - 10/1/2017, Weekdays, PM Peak",3283,2874,3749
"885","1 Lincoln St, Boston, MA","313","0 Pond Plain Road, Westwood","8/27/2017 - 10/1/2017, Weekdays, PM Peak",2426,1929,3049
"885","1 Lincoln St, Boston, MA","314","1000 Pleasant Street, East Weymouth, Weymouth","8/27/2017 - 10/1/2017, Weekdays, PM Peak",2651,1753,4008
"885","1 Lincoln St, Boston, MA","316","Edgeworth, Charlestown, Boston","8/27/2017 - 10/1/2017, Weekdays, PM Peak",885,565,1384
"885","1 Lincoln St, Boston, MA","317","100 Bowen Street, D Street / West Broadway, Boston","8/27/2017 - 10/1/2017, Weekdays, PM Peak",793,505,1243
"885","1 Lincoln St, Boston, MA","318","0 Stella Road, Roslindale, Boston","8/27/2017 - 10/1/2017, Weekdays, PM Peak",2189,1588,3015
"885","1 Lincoln St, Boston, MA","320","0 Pleasant Street, North Brookline, Brookline","8/27/2017 - 10/1/2017, Weekdays, PM Peak",1684,1286,2204
"885","1 Lincoln St, Boston, MA","323","Amvets Memorial Highway, Fall River","8/27/2017 - 10/1/2017, Weekdays, PM Peak",4234,3530,5077
"885","1 Lincoln St, Boston, MA","327","0 Labelle Street, Marlborough","8/27/2017 - 10/1/2017, Weekdays, PM Peak",3412,2628,4428
"885","1 Lincoln St, Boston, MA","328","0 Clinton Street, Everett","8/27/2017 - 10/1/2017, Weekdays, PM Peak",1573,1104,2239
"885","1 Lincoln St, Boston, MA","329","0 Tyler Street, Ward Two, Somerville","8/27/2017 - 10/1/2017, Weekdays, PM Peak",1615,1139,2289
"885","1 Lincoln St, Boston, MA","330","100 Vassal Lane, West Cambridge, Cambridge","8/27/2017 - 10/1/2017, Weekdays, PM Peak",1820,1322,2504
"885","1 Lincoln St, Boston, MA","331","0 Seaport Drive, Marina Bay, Quincy","8/27/2017 - 10/1/2017, Weekdays, PM Peak",1342,885,2033
"885","1 Lincoln St, Boston, MA","332","100 Wolf Pond Road, Kingston","8/27/2017 - 10/1/2017, Weekdays, PM Peak",3462,2874,4169
"885","1 Lincoln St, Boston, MA","333","0 Huntington Avenue, Prudential / St. Botolph, Boston","8/27/2017 - 10/1/2017, Weekdays, PM Peak",582,200,1689
"885","1 Lincoln St, Boston, MA","334","0 Westbourne Street, Roslindale, Boston","8/27/2017 - 10/1/2017, Weekdays, PM Peak",2772,2239,3431
"885","1 Lincoln St, Boston, MA","335","100 Everett Avenue, Chelsea","8/27/2017 - 10/1/2017, Weekdays, PM Peak",1046,672,1625
"885","1 Lincoln St, Boston, MA","340","0 Bent Avenue, Cochituate, Wayland","8/27/2017 - 10/1/2017, Weekdays, PM Peak",2135,1567,2907
"885","1 Lincoln St, Boston, MA","341","0 Fountain Avenue, East Somerville, Somerville","8/27/2017 - 10/1/2017, Weekdays, PM Peak",1259,846,1872
"885","1 Lincoln St, Boston, MA","342","0 Payson Street, Vernon Hill, Worcester","8/27/2017 - 10/1/2017, Weekdays, PM Peak",3812,3280,4429
"885","1 Lincoln St, Boston, MA","345","0 West Street, Auburn","8/27/2017 - 10/1/2017, Weekdays, PM Peak",4257,3189,5681
"885","1 Lincoln St, Boston, MA","346","0 Meadowbrook Road, Grafton","8/27/2017 - 10/1/2017, Weekdays, PM Peak",3549,2738,4599
"885","1 Lincoln St, Boston, MA","349","0 Smith Parkway, Westborough","8/27/2017 - 10/1/2017, Weekdays, PM Peak",4518,3740,5457
"885","1 Lincoln St, Boston, MA","350","0 Morey Way, Milford","8/27/2017 - 10/1/2017, Weekdays, PM Peak",3105,2666,3615
"885","1 Lincoln St, Boston, MA","353","100 Burt Street, Norton","8/27/2017 - 10/1/2017, Weekdays, PM Peak",3213,2905,3553
"885","1 Lincoln St, Boston, MA","357","500 County Street, Taunton","8/27/2017 - 10/1/2017, Weekdays, PM Peak",3568,2863,4446
"885","1 Lincoln St, Boston, MA","359","100 Colonial Road, North Attleborough Center, North Attleborough","8/27/2017 - 10/1/2017, Weekdays, PM Peak",3576,2751,4647
"885","1 Lincoln St, Boston, MA","360","0 Landsdowne Street, MIT, Cambridge","8/27/2017 - 10/1/2017, Weekdays, PM Peak",1343,987,1826
"885","1 Lincoln St, Boston, MA","361","0 Hayes Street, Riverside, Cambridge","8/27/2017 - 10/1/2017, Weekdays, PM Peak",1243,844,1830
"885","1 Lincoln St, Boston, MA","362","0 Roberts Road, Mid-Cambridge, Cambridge","8/27/2017 - 10/1/2017, Weekdays, PM Peak",1431,1029,1989
"885","1 Lincoln St, Boston, MA","363","0 Channing Street, West Cambridge, Cambridge","8/27/2017 - 10/1/2017, Weekdays, PM Peak",1423,1022,1980
"885","1 Lincoln St, Boston, MA","364","0 Richard Avenue, North Cambridge, Cambridge","8/27/2017 - 10/1/2017, Weekdays, PM Peak",2173,1674,2819
"885","1 Lincoln St, Boston, MA","365","100 Palmer Street, Arlington","8/27/2017 - 10/1/2017, Weekdays, PM Peak",1977,1409,2772
"885","1 Lincoln St, Boston, MA","366","0 Eastern Avenue, Arlington","8/27/2017 - 10/1/2017, Weekdays, PM Peak",2524,1940,3283
"885","1 Lincoln St, Boston, MA","367","0 Pleasant Street, Lexington","8/27/2017 - 10/1/2017, Weekdays, PM Peak",2688,2124,3400
"885","1 Lincoln St, Boston, MA","368","0 Hayden Avenue, Lexington","8/27/2017 - 10/1/2017, Weekdays, PM Peak",2390,1753,3257
"885","1 Lincoln St, Boston, MA","369","200 Waltham Street, Lexington","8/27/2017 - 10/1/2017, Weekdays, PM Peak",2537,1848,3481
"885","1 Lincoln St, Boston, MA","370","100 Old Billerica Road, Bedford","8/27/2017 - 10/1/2017, Weekdays, PM Peak",3370,2404,4723
"885","1 Lincoln St, Boston, MA","372","0 Clara Barton Road, North Oxford, Oxford","8/27/2017 - 10/1/2017, Weekdays, PM Peak",4210,3159,5609
"885","1 Lincoln St, Boston, MA","374","0 Connector Road, Westborough","8/27/2017 - 10/1/2017, Weekdays, PM Peak",3049,2319,4007
"885","1 Lincoln St, Boston, MA","375","0 Mason Street, Attleboro","8/27/2017 - 10/1/2017, Weekdays, PM Peak",3450,2534,4696
"885","1 Lincoln St, Boston, MA","377","0 Middlesex Street, Fall River","8/27/2017 - 10/1/2017, Weekdays, PM Peak",4428,3873,5062
"885","1 Lincoln St, Boston, MA","378","Gated Fire Lane, Westport","8/27/2017 - 10/1/2017, Weekdays, PM Peak",4085,3399,4908
"885","1 Lincoln St, Boston, MA","380","0 3 Ponds Road, Wayland","8/27/2017 - 10/1/2017, Weekdays, PM Peak",3163,2441,4097
"885","1 Lincoln St, Boston, MA","385","0 Sandy Pond Road, Lincoln","8/27/2017 - 10/1/2017, Weekdays, PM Peak",2602,1883,3594
"885","1 Lincoln St, Boston, MA","386","800 Sudbury Road, Concord","8/27/2017 - 10/1/2017, Weekdays, PM Peak",3182,2339,4328
"885","1 Lincoln St, Boston, MA","387","0 Hammond Street, Acton","8/27/2017 - 10/1/2017, Weekdays, PM Peak",3987,3065,5185
"885","1 Lincoln St, Boston, MA","388","0 Sandy Drive, Acton","8/27/2017 - 10/1/2017, Weekdays, PM Peak",3688,2829,4806
"885","1 Lincoln St, Boston, MA","389","0 Captain Forbush Lane, Acton","8/27/2017 - 10/1/2017, Weekdays, PM Peak",4104,3275,5141
"885","1 Lincoln St, Boston, MA","391","0 Colonial Way, Weston","8/27/2017 - 10/1/2017, Weekdays, PM Peak",1714,1203,2440
"885","1 Lincoln St, Boston, MA","400","400 Slosberg Music Center, South Street, Brandeis, Waltham","8/27/2017 - 10/1/2017, Weekdays, PM Peak",1908,1361,2673
"885","1 Lincoln St, Boston, MA","401","Cottage Street, North Waltham, Waltham","8/27/2017 - 10/1/2017, Weekdays, PM Peak",2110,1546,2878
"885","1 Lincoln St, Boston, MA","402","100 Edward Road, Watertown","8/27/2017 - 10/1/2017, Weekdays, PM Peak",1490,984,2255
"885","1 Lincoln St, Boston, MA","403","0 Rossmere Street, Newtonville, Newton","8/27/2017 - 10/1/2017, Weekdays, PM Peak",1266,860,1862
"885","1 Lincoln St, Boston, MA","404","200 Herrick Road, Newton Centre, Newton","8/27/2017 - 10/1/2017, Weekdays, PM Peak",2008,1492,2701
"885","1 Lincoln St, Boston, MA","405","Upper Falls Greenway, Newton Highlands, Newton","8/27/2017 - 10/1/2017, Weekdays, PM Peak",2354,1715,3229
"885","1 Lincoln St, Boston, MA","406","100 Oak Street, Natick","8/27/2017 - 10/1/2017, Weekdays, PM Peak",2118,1544,2903
"885","1 Lincoln St, Boston, MA","407","0 Riverbend Drive, Natick","8/27/2017 - 10/1/2017, Weekdays, PM Peak",3077,2590,3655
"885","1 Lincoln St, Boston, MA","408","0 Dudley Road, Framingham","8/27/2017 - 10/1/2017, Weekdays, PM Peak",2984,2463,3614
"885","1 Lincoln St, Boston, MA","409","0 Chouteau Avenue, Framingham","8/27/2017 - 10/1/2017, Weekdays, PM Peak",2314,1720,3111
"885","1 Lincoln St, Boston, MA","413","200 Marion Street, Central-Maverick Square / Paris Street, Boston","8/27/2017 - 10/1/2017, Weekdays, PM Peak",1045,675,1616
"885","1 Lincoln St, Boston, MA","415","0 Pickwick Road, Marblehead","8/27/2017 - 10/1/2017, Weekdays, PM Peak",3411,2928,3972
"885","1 Lincoln St, Boston, MA","418","0 Cauldron Court, Salem","8/27/2017 - 10/1/2017, Weekdays, PM Peak",3464,2528,4746
"885","1 Lincoln St, Boston, MA","419","Poplar Avenue, Lynn","8/27/2017 - 10/1/2017, Weekdays, PM Peak",2826,2237,3569
"885","1 Lincoln St, Boston, MA","420","0 Warren Avenue, Saugus","8/27/2017 - 10/1/2017, Weekdays, PM Peak",2363,1607,3472
"885","1 Lincoln St, Boston, MA","424","200 Warren Street, Brookline","8/27/2017 - 10/1/2017, Weekdays, PM Peak",2171,1727,2727
"885","1 Lincoln St, Boston, MA","425","200 Bolton Street, D Street / West Broadway, Boston","8/27/2017 - 10/1/2017, Weekdays, PM Peak",685,461,1017
"885","1 Lincoln St, Boston, MA","426","0 Ledgewood Road, Dedham","8/27/2017 - 10/1/2017, Weekdays, PM Peak",2172,1488,3169
"885","1 Lincoln St, Boston, MA","427","400 Charles River Street, Needham","8/27/2017 - 10/1/2017, Weekdays, PM Peak",2523,1846,3446
"885","1 Lincoln St, Boston, MA","428","0 Dukes Road, Wellesley Hills, Wellesley","8/27/2017 - 10/1/2017, Weekdays, PM Peak",2293,1739,3022
"885","1 Lincoln St, Boston, MA","430","300 Central Street, Saugus","8/27/2017 - 10/1/2017, Weekdays, PM Peak",1733,1184,2535
"885","1 Lincoln St, Boston, MA","431","0 East Huckleberry Road, Lynnfield","8/27/2017 - 10/1/2017, Weekdays, PM Peak",2285,1609,3243
"885","1 Lincoln St, Boston, MA","432","0 Irving Street, Peabody","8/27/2017 - 10/1/2017, Weekdays, PM Peak",2644,1901,3677
"885","1 Lincoln St, Boston, MA","433","0 Sherwood Avenue, Danvers","8/27/2017 - 10/1/2017, Weekdays, PM Peak",2972,2282,3870
"885","1 Lincoln St, Boston, MA","434","200 Newburyport Turnpike, Topsfield","8/27/2017 - 10/1/2017, Weekdays, PM Peak",2489,1916,3232
"885","1 Lincoln St, Boston, MA","435","300 Harrison Avenue, South End, Boston","8/27/2017 - 10/1/2017, Weekdays, PM Peak",330,82,1324
"885","1 Lincoln St, Boston, MA","440","0 Ridge Road, Foxborough, Foxborough","8/27/2017 - 10/1/2017, Weekdays, PM Peak",3029,2224,4124
"885","1 Lincoln St, Boston, MA","441","0 Currier Farm Road, Westwood","8/27/2017 - 10/1/2017, Weekdays, PM Peak",2311,1597,3342
"885","1 Lincoln St, Boston, MA","444","0 Cedarcrest Road, Canton","8/27/2017 - 10/1/2017, Weekdays, PM Peak",2386,1642,3466
"885","1 Lincoln St, Boston, MA","445","1400 Canton Avenue, Milton","8/27/2017 - 10/1/2017, Weekdays, PM Peak",1887,1272,2797
"885","1 Lincoln St, Boston, MA","446","0 Colby Road, North Quincy, Quincy","8/27/2017 - 10/1/2017, Weekdays, PM Peak",1470,962,2244
"885","1 Lincoln St, Boston, MA","447","0 Murphy Memorial Drive, Quincy","8/27/2017 - 10/1/2017, Weekdays, PM Peak",1855,1285,2676
"885","1 Lincoln St, Boston, MA","448","200 Ricciuti Drive, Quincy","8/27/2017 - 10/1/2017, Weekdays, PM Peak",1360,884,2090
"885","1 Lincoln St, Boston, MA","457","0 Sagamore Drive, Andover","8/27/2017 - 10/1/2017, Weekdays, PM Peak",2910,2247,3768
"885","1 Lincoln St, Boston, MA","459","0 Farm Road, Braintree","8/27/2017 - 10/1/2017, Weekdays, PM Peak",1727,1121,2659
"885","1 Lincoln St, Boston, MA","460","0 Connell Street, Braintree","8/27/2017 - 10/1/2017, Weekdays, PM Peak",1873,1170,2996
"885","1 Lincoln St, Boston, MA","461","200 King Hill Road, Braintree","8/27/2017 - 10/1/2017, Weekdays, PM Peak",1833,1200,2799
"885","1 Lincoln St, Boston, MA","462","Fall River Expressway, Randolph","8/27/2017 - 10/1/2017, Weekdays, PM Peak",1887,1261,2822
"885","1 Lincoln St, Boston, MA","463","0 Alfred Terrace, Randolph","8/27/2017 - 10/1/2017, Weekdays, PM Peak",2442,1615,3691
"885","1 Lincoln St, Boston, MA","464","100 Swan Avenue, South Weymouth, Weymouth","8/27/2017 - 10/1/2017, Weekdays, PM Peak",2620,2114,3246
"885","1 Lincoln St, Boston, MA","465","100 Wingate Road, East Weymouth, Weymouth","8/27/2017 - 10/1/2017, Weekdays, PM Peak",2499,1584,3941
"885","1 Lincoln St, Boston, MA","470","0 Bayberry Lane, Salisbury","8/27/2017 - 10/1/2017, Weekdays, PM Peak",3436,2787,4235
"885","1 Lincoln St, Boston, MA","473","0 Alderwood Road, Stoughton","8/27/2017 - 10/1/2017, Weekdays, PM Peak",2989,2167,4121
"885","1 Lincoln St, Boston, MA","475","Glacier Lane, Hingham","8/27/2017 - 10/1/2017, Weekdays, PM Peak",2911,2337,3625
"885","1 Lincoln St, Boston, MA","476","0 Legion Drive, Hanover","8/27/2017 - 10/1/2017, Weekdays, PM Peak",2950,2295,3791
"885","1 Lincoln St, Boston, MA","482","0 Hidden Valley Road, Marshfield","8/27/2017 - 10/1/2017, Weekdays, PM Peak",2951,2386,3649
"885","1 Lincoln St, Boston, MA","486","100 South Meadow Road, Plymouth","8/27/2017 - 10/1/2017, Weekdays, PM Peak",3577,3032,4218
"885","1 Lincoln St, Boston, MA","487","500 Main Street, Medford Street / The Neck, Boston","8/27/2017 - 10/1/2017, Weekdays, PM Peak",850,518,1394
"885","1 Lincoln St, Boston, MA","488","Snake Hill Road, Plymouth","8/27/2017 - 10/1/2017, Weekdays, PM Peak",3819,3269,4461
"885","1 Lincoln St, Boston, MA","490","0 Shortbrook Avenue, Middleborough","8/27/2017 - 10/1/2017, Weekdays, PM Peak",4145,3572,4809
"885","1 Lincoln St, Boston, MA","491","0 Haverford Street, Jamaica Plain, Boston","8/27/2017 - 10/1/2017, Weekdays, PM Peak",1566,1153,2126
"885","1 Lincoln St, Boston, MA","492","0 Princeton Street, East Boston, Boston","8/27/2017 - 10/1/2017, Weekdays, PM Peak",1138,761,1700
"885","1 Lincoln St, Boston, MA","493","Allston Street, Brighton, Boston","8/27/2017 - 10/1/2017, Weekdays, PM Peak",1675,1213,2311
"885","1 Lincoln St, Boston, MA","494","0 Glenville Avenue, Allston, Boston","8/27/2017 - 10/1/2017, Weekdays, PM Peak",1405,982,2009
"885","1 Lincoln St, Boston, MA","495","300 Brookline Avenue, Medical Center Area, Boston","8/27/2017 - 10/1/2017, Weekdays, PM Peak",1514,1126,2034
"885","1 Lincoln St, Boston, MA","496","0 Newbury Street, Back Bay East, Boston","8/27/2017 - 10/1/2017, Weekdays, PM Peak",787,498,1242
"885","1 Lincoln St, Boston, MA","497","0 Blossom Street, West End, Boston","8/27/2017 - 10/1/2017, Weekdays, PM Peak",738,442,1229
"885","1 Lincoln St, Boston, MA","498","0 Causeway Street, West End, Boston","8/27/2017 - 10/1/2017, Weekdays, PM Peak",611,341,1091
"885","1 Lincoln St, Boston, MA","499","0 Elm Street, Charlestown, Boston","8/27/2017 - 10/1/2017, Weekdays, PM Peak",1116,824,1511
"885","1 Lincoln St, Boston, MA","500","Tobin Memorial Bridge, Charlestown, Boston","8/27/2017 - 10/1/2017, Weekdays, PM Peak",919,597,1413
"885","1 Lincoln St, Boston, MA","501","0 P Street, South Boston, Boston","8/27/2017 - 10/1/2017, Weekdays, PM Peak",737,523,1038
"885","1 Lincoln St, Boston, MA","502","600 East Fifth Street, South Boston, Boston","8/27/2017 - 10/1/2017, Weekdays, PM Peak",787,554,1117
"885","1 Lincoln St, Boston, MA","503","0 Eustis Street, Roxbury, Boston","8/27/2017 - 10/1/2017, Weekdays, PM Peak",822,518,1302
"885","1 Lincoln St, Boston, MA","504","0 Francis Street, Fenway/Kenmore, Boston","8/27/2017 - 10/1/2017, Weekdays, PM Peak",1672,1258,2221
"885","1 Lincoln St, Boston, MA","505","100 Harold Street, Roxbury, Boston","8/27/2017 - 10/1/2017, Weekdays, PM Peak",1607,1168,2209
"885","1 Lincoln St, Boston, MA","506","0 Schuyler Street, Dorchester, Boston","8/27/2017 - 10/1/2017, Weekdays, PM Peak",1678,1246,2258
"885","1 Lincoln St, Boston, MA","507","0 Burrell Street, Roxbury, Boston","8/27/2017 - 10/1/2017, Weekdays, PM Peak",1190,814,1739
"885","1 Lincoln St, Boston, MA","508","0 Stoughton Street, Dorchester, Boston","8/27/2017 - 10/1/2017, Weekdays, PM Peak",1348,886,2048
"885","1 Lincoln St, Boston, MA","509","0 Homes Avenue, Dorchester, Boston","8/27/2017 - 10/1/2017, Weekdays, PM Peak",1742,1269,2390
"885","1 Lincoln St, Boston, MA","510","0 Dakota Street, Dorchester, Dorchester Center, Boston","8/27/2017 - 10/1/2017, Weekdays, PM Peak",1841,1348,2513
"885","1 Lincoln St, Boston, MA","511","0 Fairmount Street, Dorchester, Dorchester Center, Boston","8/27/2017 - 10/1/2017, Weekdays, PM Peak",1820,1245,2659
"885","1 Lincoln St, Boston, MA","512","1000 Adams Street, Dorchester, Dorchester Center, Boston","8/27/2017 - 10/1/2017, Weekdays, PM Peak",1503,980,2303
"885","1 Lincoln St, Boston, MA","521","0 Hosmer Street, Mattapan, Boston","8/27/2017 - 10/1/2017, Weekdays, PM Peak",2181,1560,3048
"885","1 Lincoln St, Boston, MA","522","100 Durnell Avenue, Roslindale, Boston","8/27/2017 - 10/1/2017, Weekdays, PM Peak",2463,1926,3149
"885","1 Lincoln St, Boston, MA","523","0 Woodland Road, Jamaica Plain, Boston","8/27/2017 - 10/1/2017, Weekdays, PM Peak",2199,1757,2751
"885","1 Lincoln St, Boston, MA","524","100 Laurie Avenue, Upper Washington / Spring Street, Boston","8/27/2017 - 10/1/2017, Weekdays, PM Peak",2961,2286,3834
"885","1 Lincoln St, Boston, MA","525","0 Parkson Street, Hyde Park, Boston","8/27/2017 - 10/1/2017, Weekdays, PM Peak",2079,1693,2552
"885","1 Lincoln St, Boston, MA","526","0 Orange Street, Chelsea","8/27/2017 - 10/1/2017, Weekdays, PM Peak",1230,828,1825
"885","1 Lincoln St, Boston, MA","527","200 Beach Street, Revere","8/27/2017 - 10/1/2017, Weekdays, PM Peak",1323,890,1964
"885","1 Lincoln St, Boston, MA","528","0 Short Street, Winthrop","8/27/2017 - 10/1/2017, Weekdays, PM Peak",1436,992,2077
"885","1 Lincoln St, Boston, MA","529","0 Circuit Drive, Roxbury, Boston","8/27/2017 - 10/1/2017, Weekdays, PM Peak",1820,1324,2500
"885","1 Lincoln St, Boston, MA","530","0 Dry Dock Avenue, Seaport District, Boston","8/27/2017 - 10/1/2017, Weekdays, PM Peak",512,259,1011
"885","1 Lincoln St, Boston, MA","532","1100 Livingston Street, North Tewksbury, Tewksbury","8/27/2017 - 10/1/2017, Weekdays, PM Peak",2638,2280,3051
"885","1 Lincoln St, Boston, MA","536","0 Marriott Place, Billerica","8/27/2017 - 10/1/2017, Weekdays, PM Peak",2885,2447,3401
"885","1 Lincoln St, Boston, MA","540","Charles River Esplanade, Boston","8/27/2017 - 10/1/2017, Weekdays, PM Peak",928,605,1422
"885","1 Lincoln St, Boston, MA","544","0 Fid Kennedy Avenue, Seaport District, Boston","8/27/2017 - 10/1/2017, Weekdays, PM Peak",651,347,1219
"885","1 Lincoln St, Boston, MA","549","0 Boston Street, Prospect Hill, Somerville","8/27/2017 - 10/1/2017, Weekdays, PM Peak",1397,948,2056
"885","1 Lincoln St, Boston, MA","554","0 Everett Circle, Hopkinton","8/27/2017 - 10/1/2017, Weekdays, PM Peak",3003,2322,3882
"885","1 Lincoln St, Boston, MA","561","100 Wildwood Street, Wilmington","8/27/2017 - 10/1/2017, Weekdays, PM Peak",2093,1563,2801
"885","1 Lincoln St, Boston, MA","574","800 Falmouth Road, Hyannis, Barnstable","8/27/2017 - 10/1/2017, Weekdays, PM Peak",5348,5025,5691
"885","1 Lincoln St, Boston, MA","575","0 Lakewood Drive, Centerville, Barnstable","8/27/2017 - 10/1/2017, Weekdays, PM Peak",5122,4663,5625
"885","1 Lincoln St, Boston, MA","577","0 Wheeler Road, Marstons Mills, Barnstable","8/27/2017 - 10/1/2017, Weekdays, PM Peak",4934,4480,5433
"885","1 Lincoln St, Boston, MA","579","0 Highland Avenue, Buzzards Bay, Bourne","8/27/2017 - 10/1/2017, Weekdays, PM Peak",4563,3976,5235
"885","1 Lincoln St, Boston, MA","581","0 Carter Road, Woburn","8/27/2017 - 10/1/2017, Weekdays, PM Peak",1683,1226,2308
"885","1 Lincoln St, Boston, MA","583","0 Walnut Court, Woburn","8/27/2017 - 10/1/2017, Weekdays, PM Peak",2124,1851,2436
"885","1 Lincoln St, Boston, MA","584","0 Mill Road, Melrose","8/27/2017 - 10/1/2017, Weekdays, PM Peak",2248,1740,2903
"885","1 Lincoln St, Boston, MA","585","0 High Street, Stoneham","8/27/2017 - 10/1/2017, Weekdays, PM Peak",1928,1433,2593
"885","1 Lincoln St, Boston, MA","586","0 Bates Road, Winchester","8/27/2017 - 10/1/2017, Weekdays, PM Peak",1616,1160,2249
"885","1 Lincoln St, Boston, MA","587","100 Rivers Edge Drive, Medford","8/27/2017 - 10/1/2017, Weekdays, PM Peak",1399,854,2290
"885","1 Lincoln St, Boston, MA","588","0 Lewis Street, Medford","8/27/2017 - 10/1/2017, Weekdays, PM Peak",1310,849,2019
"885","1 Lincoln St, Boston, MA","589","0 Clayton Street, Malden","8/27/2017 - 10/1/2017, Weekdays, PM Peak",2041,1548,2689
"885","1 Lincoln St, Boston, MA","590","100 Kennedy Drive, Malden","8/27/2017 - 10/1/2017, Weekdays, PM Peak",1699,1163,2481
"885","1 Lincoln St, Boston, MA","602","400 William S Canning Boulevard, Fall River","8/27/2017 - 10/1/2017, Weekdays, PM Peak",4598,4044,5227
"885","1 Lincoln St, Boston, MA","604","100 Alden Street, Fall River","8/27/2017 - 10/1/2017, Weekdays, PM Peak",4462,3907,5094
"885","1 Lincoln St, Boston, MA","605","800 Washington Street, Lynn","8/27/2017 - 10/1/2017, Weekdays, PM Peak",2487,1908,3240
"885","1 Lincoln St, Boston, MA","606","100 Windsor Street, Fall River","8/27/2017 - 10/1/2017, Weekdays, PM Peak",4165,3463,5007
"885","1 Lincoln St, Boston, MA","613","0 Canal Street, Salem","8/27/2017 - 10/1/2017, Weekdays, PM Peak",3403,2558,4526
"885","1 Lincoln St, Boston, MA","615","0 Bowler Street, Lynn","8/27/2017 - 10/1/2017, Weekdays, PM Peak",2955,2472,3531
"885","1 Lincoln St, Boston, MA","617","700 Lynnway, Lynn","8/27/2017 - 10/1/2017, Weekdays, PM Peak",2222,1659,2974
"885","1 Lincoln St, Boston, MA","626","0 McDewell Avenue, Danvers","8/27/2017 - 10/1/2017, Weekdays, PM Peak",3108,2415,3999
"885","1 Lincoln St, Boston, MA","629","0 Safford Street, Lynn","8/27/2017 - 10/1/2017, Weekdays, PM Peak",2768,2131,3594
"885","1 Lincoln St, Boston, MA","630","0 Johnson Street, Lynn","8/27/2017 - 10/1/2017, Weekdays, PM Peak",2507,2109,2980
"885","1 Lincoln St, Boston, MA","631","0 Central Street, Saugus","8/27/2017 - 10/1/2017, Weekdays, PM Peak",1916,1319,2783
"885","1 Lincoln St, Boston, MA","632","0 Lindsay Terrace, Saugus","8/27/2017 - 10/1/2017, Weekdays, PM Peak",1794,1236,2602
"885","1 Lincoln St, Boston, MA","633","0 Russet Lane, Lynnfield","8/27/2017 - 10/1/2017, Weekdays, PM Peak",2009,1429,2822
"885","1 Lincoln St, Boston, MA","634","Independence Greenway, Peabody","8/27/2017 - 10/1/2017, Weekdays, PM Peak",2376,1739,3245
"885","1 Lincoln St, Boston, MA","636","0 Spring Road, Nahant","8/27/2017 - 10/1/2017, Weekdays, PM Peak",2510,1944,3240
"885","1 Lincoln St, Boston, MA","637","100 Shelton Road, Swampscott","8/27/2017 - 10/1/2017, Weekdays, PM Peak",2982,2388,3723
"885","1 Lincoln St, Boston, MA","638","0 Leedsville Street, Dorchester, Boston","8/27/2017 - 10/1/2017, Weekdays, PM Peak",1603,1151,2231
"885","1 Lincoln St, Boston, MA","641","0 Zaloga Way, Middleton","8/27/2017 - 10/1/2017, Weekdays, PM Peak",2420,1857,3152
"885","1 Lincoln St, Boston, MA","644","0 Dunham Road, Beverly","8/27/2017 - 10/1/2017, Weekdays, PM Peak",3248,2507,4206
"885","1 Lincoln St, Boston, MA","655","0 Eastside Street, Lawrence","8/27/2017 - 10/1/2017, Weekdays, PM Peak",3285,2594,4159
"885","1 Lincoln St, Boston, MA","657","Chickering Road, Lawrence","8/27/2017 - 10/1/2017, Weekdays, PM Peak",2980,2423,3664
"885","1 Lincoln St, Boston, MA","665","0 Welgate Circle, Quincy","8/27/2017 - 10/1/2017, Weekdays, PM Peak",1637,1137,2356
"885","1 Lincoln St, Boston, MA","668","0 Shipyard Lane, Pocasset, Bourne","8/27/2017 - 10/1/2017, Weekdays, PM Peak",4845,4276,5488
"885","1 Lincoln St, Boston, MA","669","100 Curley Boulevard, North Falmouth, Falmouth","8/27/2017 - 10/1/2017, Weekdays, PM Peak",5119,4539,5772
"885","1 Lincoln St, Boston, MA","671","0 Scranton Avenue, Falmouth","8/27/2017 - 10/1/2017, Weekdays, PM Peak",5516,5059,6013
"885","1 Lincoln St, Boston, MA","672","1500 Bay Street, Taunton","8/27/2017 - 10/1/2017, Weekdays, PM Peak",3555,2855,4425
"885","1 Lincoln St, Boston, MA","673","0 Stonewall Lane, Falmouth","8/27/2017 - 10/1/2017, Weekdays, PM Peak",5726,5281,6207
"885","1 Lincoln St, Boston, MA","678","0 Chauncy Street, Mansfield Center, Mansfield","8/27/2017 - 10/1/2017, Weekdays, PM Peak",3490,2667,4566
"885","1 Lincoln St, Boston, MA","680","0 Fletcher Way, Norton","8/27/2017 - 10/1/2017, Weekdays, PM Peak",3851,2802,5291
"885","1 Lincoln St, Boston, MA","683","0 Sagamore Road, East Taunton, Taunton","8/27/2017 - 10/1/2017, Weekdays, PM Peak",3624,2906,4518
"885","1 Lincoln St, Boston, MA","684","0 North Main Street, Berkley","8/27/2017 - 10/1/2017, Weekdays, PM Peak",3671,2978,4524
"885","1 Lincoln St, Boston, MA","685","200 Landry Avenue, North Attleborough","8/27/2017 - 10/1/2017, Weekdays, PM Peak",3263,2336,4556
"885","1 Lincoln St, Boston, MA","686","200 Hickory Road, North Attleborough","8/27/2017 - 10/1/2017, Weekdays, PM Peak",4150,3332,5168
"885","1 Lincoln St, Boston, MA","687","0 Fenton Avenue, Attleboro","8/27/2017 - 10/1/2017, Weekdays, PM Peak",3464,2572,4664
"885","1 Lincoln St, Boston, MA","691","100 Stoughton Street, Stoughton","8/27/2017 - 10/1/2017, Weekdays, PM Peak",2424,1910,3075
"885","1 Lincoln St, Boston, MA","692","600 Webster Street, Needham Heights, Needham","8/27/2017 - 10/1/2017, Weekdays, PM Peak",2343,1617,3393
"885","1 Lincoln St, Boston, MA","695","0 West Hollow, Andover","8/27/2017 - 10/1/2017, Weekdays, PM Peak",2239,1759,2849
"885","1 Lincoln St, Boston, MA","696","0 Lansbury Lane, Andover","8/27/2017 - 10/1/2017, Weekdays, PM Peak",2493,2023,3071
"885","1 Lincoln St, Boston, MA","697","0 Crestwood Drive, Andover","8/27/2017 - 10/1/2017, Weekdays, PM Peak",2347,1858,2964
"885","1 Lincoln St, Boston, MA","699","0 Kennedy Drive, Dedham","8/27/2017 - 10/1/2017, Weekdays, PM Peak",2429,1727,3416
"885","1 Lincoln St, Boston, MA","702","100 Stewart Street, West Newbury","8/27/2017 - 10/1/2017, Weekdays, PM Peak",3119,2532,3840
"885","1 Lincoln St, Boston, MA","704","0 Congress Street, Amesbury","8/27/2017 - 10/1/2017, Weekdays, PM Peak",3344,2673,4182
"885","1 Lincoln St, Boston, MA","707","100 Bellevue Road, Quincy","8/27/2017 - 10/1/2017, Weekdays, PM Peak",1367,913,2045
"885","1 Lincoln St, Boston, MA","708","300 Wethersfield Street, Rowley","8/27/2017 - 10/1/2017, Weekdays, PM Peak",2803,2204,3564
"885","1 Lincoln St, Boston, MA","709","0 Newbury Avenue, North Quincy, Quincy","8/27/2017 - 10/1/2017, Weekdays, PM Peak",1363,862,2154
"885","1 Lincoln St, Boston, MA","710","0 Beal Street, Hingham","8/27/2017 - 10/1/2017, Weekdays, PM Peak",2661,2069,3420
"885","1 Lincoln St, Boston, MA","711","0 Rock View Way, Rockland","8/27/2017 - 10/1/2017, Weekdays, PM Peak",2358,1752,3172
"885","1 Lincoln St, Boston, MA","713","0 Foster Street, Coolidge Corner South Side, Brookline","8/27/2017 - 10/1/2017, Weekdays, PM Peak",1803,1384,2347
"885","1 Lincoln St, Boston, MA","714","0 Bates Way, Hanover","8/27/2017 - 10/1/2017, Weekdays, PM Peak",2595,2065,3260
"885","1 Lincoln St, Boston, MA","715","700 Grove Street, Norwell","8/27/2017 - 10/1/2017, Weekdays, PM Peak",2556,2000,3266
"885","1 Lincoln St, Boston, MA","718","0 Otis Street, East Somerville, Somerville","8/27/2017 - 10/1/2017, Weekdays, PM Peak",1417,1014,1979
"885","1 Lincoln St, Boston, MA","720","Union Bridge Road, Duxbury","8/27/2017 - 10/1/2017, Weekdays, PM Peak",3220,2626,3947
"885","1 Lincoln St, Boston, MA","721","200 West Street, Duxbury","8/27/2017 - 10/1/2017, Weekdays, PM Peak",3083,2491,3814
"885","1 Lincoln St, Boston, MA","722","0 Pilgrim Road, North Pembroke, Pembroke","8/27/2017 - 10/1/2017, Weekdays, PM Peak",2907,2357,3584
"885","1 Lincoln St, Boston, MA","726","100 Candy Lane, Brockton","8/27/2017 - 10/1/2017, Weekdays, PM Peak",2560,1922,3408
"885","1 Lincoln St, Boston, MA","729","0 Broadmeadow Lane, Abington","8/27/2017 - 10/1/2017, Weekdays, PM Peak",2836,2246,3580
"885","1 Lincoln St, Boston, MA","738","0 Jennifer Circle, Plymouth","8/27/2017 - 10/1/2017, Weekdays, PM Peak",4208,3650,4850
"885","1 Lincoln St, Boston, MA","739","0 Tinson Road, Quincy","8/27/2017 - 10/1/2017, Weekdays, PM Peak",1606,1134,2272
"885","1 Lincoln St, Boston, MA","740","0 Brierwood Road, Braintree","8/27/2017 - 10/1/2017, Weekdays, PM Peak",1561,1027,2372
"885","1 Lincoln St, Boston, MA","741","300 North Street, North Weymouth, Weymouth","8/27/2017 - 10/1/2017, Weekdays, PM Peak",2559,1924,3403
"885","1 Lincoln St, Boston, MA","742","200 Sohier Street, Cohasset","8/27/2017 - 10/1/2017, Weekdays, PM Peak",3284,2815,3830
"885","1 Lincoln St, Boston, MA","746","100 Arthur Street, Framingham","8/27/2017 - 10/1/2017, Weekdays, PM Peak",3116,2506,3873
"885","1 Lincoln St, Boston, MA","747","0 Crestwood Drive, Framingham","8/27/2017 - 10/1/2017, Weekdays, PM Peak",2469,1854,3287
"885","1 Lincoln St, Boston, MA","748","0 Michael Road, Framingham","8/27/2017 - 10/1/2017, Weekdays, PM Peak",2350,1732,3186
"885","1 Lincoln St, Boston, MA","749","0 Fox Hill Road, Ashland","8/27/2017 - 10/1/2017, Weekdays, PM Peak",2670,2028,3514
"885","1 Lincoln St, Boston, MA","750","0 Washington Street, Sherborn","8/27/2017 - 10/1/2017, Weekdays, PM Peak",3358,2835,3976
"885","1 Lincoln St, Boston, MA","752","400 Sprague Street, Dedham","8/27/2017 - 10/1/2017, Weekdays, PM Peak",2714,2171,3392
"885","1 Lincoln St, Boston, MA","756","0 Taunton Street, Ward Two, Somerville","8/27/2017 - 10/1/2017, Weekdays, PM Peak",1634,1172,2277
"885","1 Lincoln St, Boston, MA","757","100 Portland Street, The Port, Cambridge","8/27/2017 - 10/1/2017, Weekdays, PM Peak",1296,928,1808
"885","1 Lincoln St, Boston, MA","758","0 Antrim Street, Mid-Cambridge, Cambridge","8/27/2017 - 10/1/2017, Weekdays, PM Peak",1714,1279,2295
"885","1 Lincoln St, Boston, MA","759","0 Vail Court, Mid-Cambridge, Cambridge","8/27/2017 - 10/1/2017, Weekdays, PM Peak",1390,950,2032
"885","1 Lincoln St, Boston, MA","760","Fairchild Building, MIT, Cambridge","8/27/2017 - 10/1/2017, Weekdays, PM Peak",1195,818,1745
"885","1 Lincoln St, Boston, MA","761","0 Oxford Street, Agassiz, Cambridge","8/27/2017 - 10/1/2017, Weekdays, PM Peak",1729,1261,2370
"885","1 Lincoln St, Boston, MA","762","0 Dana Place, Mid-Cambridge, Cambridge","8/27/2017 - 10/1/2017, Weekdays, PM Peak",1461,1006,2120
"885","1 Lincoln St, Boston, MA","763","100 Brattle Street, West Cambridge, Cambridge","8/27/2017 - 10/1/2017, Weekdays, PM Peak",1327,940,1872
"885","1 Lincoln St, Boston, MA","764","600 Huron Avenue, Strawberry Hill, Cambridge","8/27/2017 - 10/1/2017, Weekdays, PM Peak",1664,1236,2239
"885","1 Lincoln St, Boston, MA","765","400 Westfield Street, Dedham","8/27/2017 - 10/1/2017, Weekdays, PM Peak",2400,1765,3262
"885","1 Lincoln St, Boston, MA","766","0 Gatewood Drive, Needham","8/27/2017 - 10/1/2017, Weekdays, PM Peak",2564,1916,3429
"885","1 Lincoln St, Boston, MA","767","100 Webster Street, Needham Heights, Needham","8/27/2017 - 10/1/2017, Weekdays, PM Peak",2207,1585,3072
"885","1 Lincoln St, Boston, MA","768","0 Pickerel Terrace, Wellesley","8/27/2017 - 10/1/2017, Weekdays, PM Peak",2434,1847,3207
"885","1 Lincoln St, Boston, MA","769","0 Tappan Road, Wellesley","8/27/2017 - 10/1/2017, Weekdays, PM Peak",2666,2001,3550
"885","1 Lincoln St, Boston, MA","773","0 Sherman Street, Neighborhood Nine, Cambridge","8/27/2017 - 10/1/2017, Weekdays, PM Peak",2080,1549,2792
"885","1 Lincoln St, Boston, MA","774","0 Jackson Street, North Cambridge, Cambridge","8/27/2017 - 10/1/2017, Weekdays, PM Peak",2329,1843,2941
"885","1 Lincoln St, Boston, MA","775","0 Milton Street, Arlington","8/27/2017 - 10/1/2017, Weekdays, PM Peak",2401,1836,3139
"885","1 Lincoln St, Boston, MA","776","0 Gray Street, Arlington","8/27/2017 - 10/1/2017, Weekdays, PM Peak",2286,1718,3040
"885","1 Lincoln St, Boston, MA","777","100 Claflin Street, Belmont","8/27/2017 - 10/1/2017, Weekdays, PM Peak",2321,1791,3007
"885","1 Lincoln St, Boston, MA","778","0 Foster Road, Belmont","8/27/2017 - 10/1/2017, Weekdays, PM Peak",1729,1345,2221
"885","1 Lincoln St, Boston, MA","779","0 Woodfall Road, Belmont","8/27/2017 - 10/1/2017, Weekdays, PM Peak",2411,1854,3134
"885","1 Lincoln St, Boston, MA","780","0 Fern Trail, Sudbury","8/27/2017 - 10/1/2017, Weekdays, PM Peak",3496,2834,4311
"885","1 Lincoln St, Boston, MA","781","200 Old Lancaster Road, Sudbury","8/27/2017 - 10/1/2017, Weekdays, PM Peak",3480,2817,4298
"885","1 Lincoln St, Boston, MA","782","0 Mill Street, Foxborough","8/27/2017 - 10/1/2017, Weekdays, PM Peak",3232,2357,4431
"885","1 Lincoln St, Boston, MA","783","200 Cocasset Street, Foxborough","8/27/2017 - 10/1/2017, Weekdays, PM Peak",2969,2095,4207
"885","1 Lincoln St, Boston, MA","784","0 Sandy Valley Drive, Walpole","8/27/2017 - 10/1/2017, Weekdays, PM Peak",3094,2410,3971
"885","1 Lincoln St, Boston, MA","786","0 Richdale Avenue, Everett","8/27/2017 - 10/1/2017, Weekdays, PM Peak",1593,1046,2425
"885","1 Lincoln St, Boston, MA","787","700 University Avenue, Norwood","8/27/2017 - 10/1/2017, Weekdays, PM Peak",2492,1716,3617
"885","1 Lincoln St, Boston, MA","788","300 Washington Street, Norwood","8/27/2017 - 10/1/2017, Weekdays, PM Peak",2999,2220,4050
"885","1 Lincoln St, Boston, MA","789","200 Carnegie Row, Norwood","8/27/2017 - 10/1/2017, Weekdays, PM Peak",2556,1796,3635
"885","1 Lincoln St, Boston, MA","790","100 Walnut Street, Canton","8/27/2017 - 10/1/2017, Weekdays, PM Peak",2609,1865,3648
"885","1 Lincoln St, Boston, MA","791","500 Turnpike Street, Canton","8/27/2017 - 10/1/2017, Weekdays, PM Peak",2232,1578,3156
"885","1 Lincoln St, Boston, MA","792","0 Woodside Drive, Milton","8/27/2017 - 10/1/2017, Weekdays, PM Peak",1567,1062,2310
"885","1 Lincoln St, Boston, MA","795","100 Hayden Rowe Street, Hopkinton","8/27/2017 - 10/1/2017, Weekdays, PM Peak",3015,2607,3486
"885","1 Lincoln St, Boston, MA","803","0 Deer Run, Wayland","8/27/2017 - 10/1/2017, Weekdays, PM Peak",2684,1795,4011
"885","1 Lincoln St, Boston, MA","804","Glen Road, Waltham","8/27/2017 - 10/1/2017, Weekdays, PM Peak",2048,1497,2801
"885","1 Lincoln St, Boston, MA","805","0 Howard Street, Banks Square, Waltham","8/27/2017 - 10/1/2017, Weekdays, PM Peak",1999,1455,2745
"885","1 Lincoln St, Boston, MA","806","0 Boland Street, South Side, Waltham","8/27/2017 - 10/1/2017, Weekdays, PM Peak",1884,1403,2528
"885","1 Lincoln St, Boston, MA","807","100 Grove Street, Bleachery, Waltham","8/27/2017 - 10/1/2017, Weekdays, PM Peak",1966,1451,2663
"885","1 Lincoln St, Boston, MA","808","0 Candace Avenue, Warrendale, Waltham","8/27/2017 - 10/1/2017, Weekdays, PM Peak",1968,1445,2679
"885","1 Lincoln St, Boston, MA","809","200 Bellevue Road, Watertown","8/27/2017 - 10/1/2017, Weekdays, PM Peak",1758,1286,2402
"885","1 Lincoln St, Boston, MA","810","100 North Beacon Street, Watertown","8/27/2017 - 10/1/2017, Weekdays, PM Peak",1436,924,2231
"885","1 Lincoln St, Boston, MA","811","300 Watertown Street, Nonantum, Newton","8/27/2017 - 10/1/2017, Weekdays, PM Peak",1423,999,2025
"885","1 Lincoln St, Boston, MA","812","0 Burr Road, Newton Centre, Newton","8/27/2017 - 10/1/2017, Weekdays, PM Peak",1757,1239,2491
"885","1 Lincoln St, Boston, MA","813","0 Spear Street, Quincy","8/27/2017 - 10/1/2017, Weekdays, PM Peak",1993,1423,2790
"885","1 Lincoln St, Boston, MA","814","0 Hawthorne Street, Quincy","8/27/2017 - 10/1/2017, Weekdays, PM Peak",2137,1540,2964
"885","1 Lincoln St, Boston, MA","815","0 Upton Drive, Wilmington","8/27/2017 - 10/1/2017, Weekdays, PM Peak",2226,1705,2906
"885","1 Lincoln St, Boston, MA","816","0 Keans Road, Burlington","8/27/2017 - 10/1/2017, Weekdays, PM Peak",2095,1625,2700
"885","1 Lincoln St, Boston, MA","817","0 Burlington Mall Road, Burlington","8/27/2017 - 10/1/2017, Weekdays, PM Peak",2360,1790,3109
"885","1 Lincoln St, Boston, MA","818","100 New Boston Street, Woburn","8/27/2017 - 10/1/2017, Weekdays, PM Peak",1964,1478,2609
"885","1 Lincoln St, Boston, MA","819","0 Maple Ridge Road, Reading","8/27/2017 - 10/1/2017, Weekdays, PM Peak",1837,1339,2519
"885","1 Lincoln St, Boston, MA","821","0 Byron Street, Wakefield","8/27/2017 - 10/1/2017, Weekdays, PM Peak",1798,1287,2510
"885","1 Lincoln St, Boston, MA","822","0 Eunice Circle, Wakefield","8/27/2017 - 10/1/2017, Weekdays, PM Peak",2288,1604,3263
"885","1 Lincoln St, Boston, MA","823","0 Boston Rock Road, Melrose","8/27/2017 - 10/1/2017, Weekdays, PM Peak",2015,1468,2764
"885","1 Lincoln St, Boston, MA","824","200 Nahanton Street, Oak Hill, Newton","8/27/2017 - 10/1/2017, Weekdays, PM Peak",2299,1672,3159
"885","1 Lincoln St, Boston, MA","825","1400 Commonwealth Avenue, West Newton, Newton","8/27/2017 - 10/1/2017, Weekdays, PM Peak",1695,1188,2417
"885","1 Lincoln St, Boston, MA","826","0 Abbott Avenue, Everett","8/27/2017 - 10/1/2017, Weekdays, PM Peak",1698,1145,2516
"885","1 Lincoln St, Boston, MA","827","0 Randlett Park, West Newton, Newton","8/27/2017 - 10/1/2017, Weekdays, PM Peak",1352,940,1943
"885","1 Lincoln St, Boston, MA","828","100 Bacon Street, Natick","8/27/2017 - 10/1/2017, Weekdays, PM Peak",2974,2482,3563
"885","1 Lincoln St, Boston, MA","829","100 South Main Street, Natick","8/27/2017 - 10/1/2017, Weekdays, PM Peak",2757,2368,3209
"885","1 Lincoln St, Boston, MA","830","C Street, Natick","8/27/2017 - 10/1/2017, Weekdays, PM Peak",2254,1653,3072
"885","1 Lincoln St, Boston, MA","831","0 Woodland Road, Stoneham","8/27/2017 - 10/1/2017, Weekdays, PM Peak",1557,1105,2193
"885","1 Lincoln St, Boston, MA","832","0 Rodgers Road, Stoneham","8/27/2017 - 10/1/2017, Weekdays, PM Peak",1736,1266,2380
"885","1 Lincoln St, Boston, MA","833","300 Highland Avenue, Winchester","8/27/2017 - 10/1/2017, Weekdays, PM Peak",1724,1207,2460
"885","1 Lincoln St, Boston, MA","834","0 Orchard Street, Medford","8/27/2017 - 10/1/2017, Weekdays, PM Peak",1743,1290,2353
"885","1 Lincoln St, Boston, MA","835","0 Marston Street, Medford","8/27/2017 - 10/1/2017, Weekdays, PM Peak",1571,1062,2323
"885","1 Lincoln St, Boston, MA","836","100 Central Avenue, Medford","8/27/2017 - 10/1/2017, Weekdays, PM Peak",1318,879,1975
"885","1 Lincoln St, Boston, MA","837","0 Mc Cormack Avenue, Medford","8/27/2017 - 10/1/2017, Weekdays, PM Peak",1527,1022,2280
"885","1 Lincoln St, Boston, MA","838","100 West Street, Malden","8/27/2017 - 10/1/2017, Weekdays, PM Peak",1672,1193,2342
"885","1 Lincoln St, Boston, MA","839","0 Webber Street, Malden","8/27/2017 - 10/1/2017, Weekdays, PM Peak",2027,1547,2654
"885","1 Lincoln St, Boston, MA","840","0 Hamilton Road, West Somerville, Somerville","8/27/2017 - 10/1/2017, Weekdays, PM Peak",1810,1318,2484
"885","1 Lincoln St, Boston, MA","846","0 Beacham Street, Everett","8/27/2017 - 10/1/2017, Weekdays, PM Peak",1445,1086,1921
"885","1 Lincoln St, Boston, MA","847","100 Sycamore Street, Winter Hill, Somerville","8/27/2017 - 10/1/2017, Weekdays, PM Peak",1389,984,1959
"885","1 Lincoln St, Boston, MA","848","0 Wallace Street, Tufts, Somerville","8/27/2017 - 10/1/2017, Weekdays, PM Peak",1997,1506,2646
"885","1 Lincoln St, Boston, MA","854","200 Miller Street, Middleborough","8/27/2017 - 10/1/2017, Weekdays, PM Peak",3731,3304,4212
"885","1 Lincoln St, Boston, MA","855","Green Street, Middleborough","8/27/2017 - 10/1/2017, Weekdays, PM Peak",3626,3027,4342
"885","1 Lincoln St, Boston, MA","856","400 Commonwealth Avenue, Back Bay, Boston","8/27/2017 - 10/1/2017, Weekdays, PM Peak",793,320,1960
"885","1 Lincoln St, Boston, MA","857","100 Norway Street, Fenway/Kenmore, Boston","8/27/2017 - 10/1/2017, Weekdays, PM Peak",1261,825,1925
"885","1 Lincoln St, Boston, MA","859","0 Whispering Pines Path, West Wareham, Wareham","8/27/2017 - 10/1/2017, Weekdays, PM Peak",4218,3806,4674
"885","1 Lincoln St, Boston, MA","861","0 South Waverly Street, Brighton, Boston","8/27/2017 - 10/1/2017, Weekdays, PM Peak",868,504,1492
"885","1 Lincoln St, Boston, MA","862","0 Atkins Street, Brighton, Boston","8/27/2017 - 10/1/2017, Weekdays, PM Peak",917,567,1482
"885","1 Lincoln St, Boston, MA","863","0 Strathmore Road, Brighton, Boston","8/27/2017 - 10/1/2017, Weekdays, PM Peak",1758,1308,2362
"885","1 Lincoln St, Boston, MA","864","0 Dustin Street, Brighton, Boston","8/27/2017 - 10/1/2017, Weekdays, PM Peak",1262,876,1817
"885","1 Lincoln St, Boston, MA","865","0 Bellvista Road, Brighton, Boston","8/27/2017 - 10/1/2017, Weekdays, PM Peak",1605,1155,2230
"885","1 Lincoln St, Boston, MA","866","0 Braintree Street, Allston, Boston","8/27/2017 - 10/1/2017, Weekdays, PM Peak",811,463,1418
"885","1 Lincoln St, Boston, MA","867","0 Barry Street, Dorchester, Boston","8/27/2017 - 10/1/2017, Weekdays, PM Peak",1604,1119,2298
"885","1 Lincoln St, Boston, MA","868","100 Whitfield Street, Dorchester, Dorchester Center, Boston","8/27/2017 - 10/1/2017, Weekdays, PM Peak",1960,1444,2658
"885","1 Lincoln St, Boston, MA","869","0 Wales Street, Roxbury, Dorchester Center, Boston","8/27/2017 - 10/1/2017, Weekdays, PM Peak",2010,1520,2657
"885","1 Lincoln St, Boston, MA","870","0 Willowwood Street, Mattapan, Boston","8/27/2017 - 10/1/2017, Weekdays, PM Peak",2088,1471,2962
"885","1 Lincoln St, Boston, MA","871","0 Chipman Street, Dorchester, Dorchester Center, Boston","8/27/2017 - 10/1/2017, Weekdays, PM Peak",1964,1432,2693
"885","1 Lincoln St, Boston, MA","872","Southeast Expressway, Dorchester, Boston","8/27/2017 - 10/1/2017, Weekdays, PM Peak",963,580,1596
"885","1 Lincoln St, Boston, MA","873","100 Manchester Street, Mattapan, Boston","8/27/2017 - 10/1/2017, Weekdays, PM Peak",1790,1221,2623
"885","1 Lincoln St, Boston, MA","874","0 Outlook Road, Wellington Hill, Boston","8/27/2017 - 10/1/2017, Weekdays, PM Peak",2172,1636,2882
"885","1 Lincoln St, Boston, MA","875","200 Hyde Park Avenue, Jamaica Plain, Boston","8/27/2017 - 10/1/2017, Weekdays, PM Peak",2249,1748,2892
"885","1 Lincoln St, Boston, MA","876","100 Neponset Avenue, Roslindale, Boston","8/27/2017 - 10/1/2017, Weekdays, PM Peak",1977,1249,3127
"885","1 Lincoln St, Boston, MA","877","0 Eliot Street, Jamaica Plain, Boston","8/27/2017 - 10/1/2017, Weekdays, PM Peak",2057,1588,2664
"885","1 Lincoln St, Boston, MA","878","200 Public Alley 432, Back Bay, Boston","8/27/2017 - 10/1/2017, Weekdays, PM Peak",620,232,1653
"885","1 Lincoln St, Boston, MA","879","0 River Street Place, Beacon Hill, Boston","8/27/2017 - 10/1/2017, Weekdays, PM Peak",729,384,1381
"885","1 Lincoln St, Boston, MA","880","100 Charles Street, Beacon Hill, Boston","8/27/2017 - 10/1/2017, Weekdays, PM Peak",844,530,1342
"885","1 Lincoln St, Boston, MA","881","0 Stillman Street, North End, Boston","8/27/2017 - 10/1/2017, Weekdays, PM Peak",573,320,1025
"885","1 Lincoln St, Boston, MA","882","200 Hanover Street, North End, Boston","8/27/2017 - 10/1/2017, Weekdays, PM Peak",590,333,1042
"885","1 Lincoln St, Boston, MA","883","200 Seaport Boulevard, Seaport District, Boston","8/27/2017 - 10/1/2017, Weekdays, PM Peak",363,171,768
"885","1 Lincoln St, Boston, MA","884","South Boston Bypass, South Boston, Boston","8/27/2017 - 10/1/2017, Weekdays, PM Peak",327,114,934
"885","1 Lincoln St, Boston, MA","886","0 Malden Street, South End, Boston","8/27/2017 - 10/1/2017, Weekdays, PM Peak",446,189,1050
"885","1 Lincoln St, Boston, MA","887","0 Mount Pleasant Terrace, Roxbury, Boston","8/27/2017 - 10/1/2017, Weekdays, PM Peak",1050,695,1584
"885","1 Lincoln St, Boston, MA","888","133100 Vernon Street, Roxbury, Boston","8/27/2017 - 10/1/2017, Weekdays, PM Peak",1019,704,1473
"885","1 Lincoln St, Boston, MA","889","100 Fisher Avenue, Mission Hill, Boston","8/27/2017 - 10/1/2017, Weekdays, PM Peak",1703,1247,2325
"885","1 Lincoln St, Boston, MA","890","0 Jamaica Street, Jamaica Plain, Boston","8/27/2017 - 10/1/2017, Weekdays, PM Peak",2103,1623,2724
"885","1 Lincoln St, Boston, MA","891","0 Stedman Street, Jamaica Plain, Boston","8/27/2017 - 10/1/2017, Weekdays, PM Peak",1868,1405,2483
"885","1 Lincoln St, Boston, MA","892","200 Chestnut Avenue, Jamaica Plain, Boston","8/27/2017 - 10/1/2017, Weekdays, PM Peak",1791,1274,2515
"885","1 Lincoln St, Boston, MA","893","0 Hastings Street, West Roxbury, Boston","8/27/2017 - 10/1/2017, Weekdays, PM Peak",2632,2105,3290
"885","1 Lincoln St, Boston, MA","894","0 Wren Street, West Roxbury, Boston","8/27/2017 - 10/1/2017, Weekdays, PM Peak",2767,2252,3399
"885","1 Lincoln St, Boston, MA","895","0 Edson Street, Hyde Park, Boston","8/27/2017 - 10/1/2017, Weekdays, PM Peak",2601,2115,3197
"885","1 Lincoln St, Boston, MA","896","300 Columbia Street, Wellington-Harrington, Cambridge","8/27/2017 - 10/1/2017, Weekdays, PM Peak",1617,1177,2220
"885","1 Lincoln St, Boston, MA","897","0 Cleveland Street, Hyde Park, Boston","8/27/2017 - 10/1/2017, Weekdays, PM Peak",2490,2213,2800
"885","1 Lincoln St, Boston, MA","898","0 Webster Street, Hyde Park, Boston","8/27/2017 - 10/1/2017, Weekdays, PM Peak",2140,1678,2727
"885","1 Lincoln St, Boston, MA","899","0 Watts Street, Chelsea","8/27/2017 - 10/1/2017, Weekdays, PM Peak",1254,795,1977
"885","1 Lincoln St, Boston, MA","900","0 Boatswains Way, Chelsea","8/27/2017 - 10/1/2017, Weekdays, PM Peak",937,591,1484
"885","1 Lincoln St, Boston, MA","901","0 Willoughby Street, Chelsea","8/27/2017 - 10/1/2017, Weekdays, PM Peak",1335,906,1966
"885","1 Lincoln St, Boston, MA","902","0 Centre Street, Roxbury, Boston","8/27/2017 - 10/1/2017, Weekdays, PM Peak",1208,830,1757
"885","1 Lincoln St, Boston, MA","903","0 Gaston Street, Roxbury, Boston","8/27/2017 - 10/1/2017, Weekdays, PM Peak",1531,1092,2145
"885","1 Lincoln St, Boston, MA","904","0 Wolcott Street, Dorchester, Boston","8/27/2017 - 10/1/2017, Weekdays, PM Peak",1728,1148,2600
"885","1 Lincoln St, Boston, MA","905","100 Geneva Avenue, Dorchester, Boston","8/27/2017 - 10/1/2017, Weekdays, PM Peak",1596,1153,2208
"885","1 Lincoln St, Boston, MA","906","0 Romsey Circle, Dorchester, Boston","8/27/2017 - 10/1/2017, Weekdays, PM Peak",807,416,1562
"885","1 Lincoln St, Boston, MA","907","0 Gene Street, Dorchester, Boston","8/27/2017 - 10/1/2017, Weekdays, PM Peak",1298,859,1961
"885","1 Lincoln St, Boston, MA","908","0 Monadnock Street, Dorchester, Boston","8/27/2017 - 10/1/2017, Weekdays, PM Peak",1370,949,1976
"885","1 Lincoln St, Boston, MA","909","500 Squire Road, Revere","8/27/2017 - 10/1/2017, Weekdays, PM Peak",1444,944,2207
"885","1 Lincoln St, Boston, MA","911","200 Garfield Avenue, Revere","8/27/2017 - 10/1/2017, Weekdays, PM Peak",1321,916,1903
"885","1 Lincoln St, Boston, MA","912","100 Crest Avenue, Revere","8/27/2017 - 10/1/2017, Weekdays, PM Peak",1470,1128,1914
"885","1 Lincoln St, Boston, MA","913","0 Petrel Street, Winthrop","8/27/2017 - 10/1/2017, Weekdays, PM Peak",1622,1264,2081
"885","1 Lincoln St, Boston, MA","915","Head Island Causeway, South Boston, Boston","8/27/2017 - 10/1/2017, Weekdays, PM Peak",926,577,1484
"885","1 Lincoln St, Boston, MA","916","0 Lee Burbank Highway, Revere","8/27/2017 - 10/1/2017, Weekdays, PM Peak",1191,790,1795
"885","1 Lincoln St, Boston, MA","917","Emerald Necklace, Jamaica Plain, Boston","8/27/2017 - 10/1/2017, Weekdays, PM Peak",1521,1084,2133
"885","1 Lincoln St, Boston, MA","927","0 Mill River Drive, Weymouth","8/27/2017 - 10/1/2017, Weekdays, PM Peak",2041,1261,3302
"885","1 Lincoln St, Boston, MA","930","0 Constitution Avenue, Revere","8/27/2017 - 10/1/2017, Weekdays, PM Peak",1235,802,1900
"885","1 Lincoln St, Boston, MA","942","0 Sterling Street, Worcester","8/27/2017 - 10/1/2017, Weekdays, PM Peak",3708,3270,4204
"885","1 Lincoln St, Boston, MA","943","Jefferson Saint Extension, Fall River","8/27/2017 - 10/1/2017, Weekdays, PM Peak",4370,3640,5245
"885","1 Lincoln St, Boston, MA","944","100 Cliff Road, Wellesley Hills, Wellesley","8/27/2017 - 10/1/2017, Weekdays, PM Peak",2016,1458,2786
"885","1 Lincoln St, Boston, MA","949","0 Pleasant Street, Auburn","8/27/2017 - 10/1/2017, Weekdays, PM Peak",4207,3188,5550
"885","1 Lincoln St, Boston, MA","951","0 Montgomery Drive, Millbury","8/27/2017 - 10/1/2017, Weekdays, PM Peak",3833,3001,4894
"885","1 Lincoln St, Boston, MA","952","0 Potter Hill Road, Grafton","8/27/2017 - 10/1/2017, Weekdays, PM Peak",3776,2930,4865
"885","1 Lincoln St, Boston, MA","954","100 West Street, Northborough","8/27/2017 - 10/1/2017, Weekdays, PM Peak",3638,2800,4726
"885","1 Lincoln St, Boston, MA","955","100 Somerset Avenue, Winthrop","8/27/2017 - 10/1/2017, Weekdays, PM Peak",1346,991,1828
"885","1 Lincoln St, Boston, MA","957","0 Bowman Street, Westborough","8/27/2017 - 10/1/2017, Weekdays, PM Peak",3330,2553,4343
"885","1 Lincoln St, Boston, MA","958","0 Brooks Street, Upton-West Upton, Upton","8/27/2017 - 10/1/2017, Weekdays, PM Peak",3470,2640,4559
"885","1 Lincoln St, Boston, MA","959","0 Industrial Road, Milford","8/27/2017 - 10/1/2017, Weekdays, PM Peak",3294,2813,3856
"885","1 Lincoln St, Boston, MA","962","0 Providence Road, North Grafton, Grafton","8/27/2017 - 10/1/2017, Weekdays, PM Peak",3677,2855,4734
"885","1 Lincoln St, Boston, MA","963","0 Packet Landing Way, West Barnstable, Barnstable","8/27/2017 - 10/1/2017, Weekdays, PM Peak",5066,4610,5566
"885","1 Lincoln St, Boston, MA","965","200 River Road, Winthrop","8/27/2017 - 10/1/2017, Weekdays, PM Peak",1499,1018,2205
"885","1 Lincoln St, Boston, MA","966","100 Discovery Hill Road, East Sandwich, Sandwich","8/27/2017 - 10/1/2017, Weekdays, PM Peak",4693,4194,5250
"885","1 Lincoln St, Boston, MA","968","800 School Street, Mansfield","8/27/2017 - 10/1/2017, Weekdays, PM Peak",3155,2235,4452
"885","1 Lincoln St, Boston, MA","969","400 Ware Street, Mansfield","8/27/2017 - 10/1/2017, Weekdays, PM Peak",3697,2610,5236
"885","1 Lincoln St, Boston, MA","982","Vireo Loop, Marblehead","8/27/2017 - 10/1/2017, Weekdays, PM Peak",3370,2881,3941
"885","1 Lincoln St, Boston, MA","983","200 Lynnway, Lynn","8/27/2017 - 10/1/2017, Weekdays, PM Peak",2379,1830,3092
"885","1 Lincoln St, Boston, MA","984","0 D'Orlando Way, Danvers","8/27/2017 - 10/1/2017, Weekdays, PM Peak",2472,1863,3280
"885","1 Lincoln St, Boston, MA","986","0 Harvard Avenue, West Medford, Medford","8/27/2017 - 10/1/2017, Weekdays, PM Peak",1715,1191,2468
"885","1 Lincoln St, Boston, MA","996","Royal Plaza Drive, Marlborough","8/27/2017 - 10/1/2017, Weekdays, PM Peak",3539,2764,4531
"885","1 Lincoln St, Boston, MA","998","0 Evergreen Avenue, Burlington","8/27/2017 - 10/1/2017, Weekdays, PM Peak",2574,1879,3524
"885","1 Lincoln St, Boston, MA","999","100 Main Street, Wakefield","8/27/2017 - 10/1/2017, Weekdays, PM Peak",2130,1457,3113
"885","1 Lincoln St, Boston, MA","1000","0 Centre Street, Malden","8/27/2017 - 10/1/2017, Weekdays, PM Peak",1846,1254,2716
"885","1 Lincoln St, Boston, MA","1001","0 Sargent Street, Malden","8/27/2017 - 10/1/2017, Weekdays, PM Peak",1715,1183,2484
"885","1 Lincoln St, Boston, MA","1002","500 Assembly Row, Somerville","8/27/2017 - 10/1/2017, Weekdays, PM Peak",964,618,1503
"885","1 Lincoln St, Boston, MA","1003","0 Packard Avenue, Tufts, Somerville","8/27/2017 - 10/1/2017, Weekdays, PM Peak",1835,1365,2465
"885","1 Lincoln St, Boston, MA","1004","0 Linden Avenue, Spring Hill, Somerville","8/27/2017 - 10/1/2017, Weekdays, PM Peak",1710,1281,2281
"885","1 Lincoln St, Boston, MA","1005","100 Sidney Street, Cambridgeport, Cambridge","8/27/2017 - 10/1/2017, Weekdays, PM Peak",1318,906,1916
"885","1 Lincoln St, Boston, MA","1006","0 Gray Gardens East, Neighborhood Nine, Cambridge","8/27/2017 - 10/1/2017, Weekdays, PM Peak",1947,1467,2583
"885","1 Lincoln St, Boston, MA","1007","0 Young Street, Lexington","8/27/2017 - 10/1/2017, Weekdays, PM Peak",2628,2023,3413
"885","1 Lincoln St, Boston, MA","1010","0 Coolidge Hill Road, Watertown","8/27/2017 - 10/1/2017, Weekdays, PM Peak",1593,1169,2169
"885","1 Lincoln St, Boston, MA","1011","0 Burdean Road, Oak Hill, Newton","8/27/2017 - 10/1/2017, Weekdays, PM Peak",2238,1287,3890
"885","1 Lincoln St, Boston, MA","1012","0 Wilde Road, Waban, Newton","8/27/2017 - 10/1/2017, Weekdays, PM Peak",1841,1317,2572
"885","1 Lincoln St, Boston, MA","1013","100 Seminary Avenue, Auburndale, Newton","8/27/2017 - 10/1/2017, Weekdays, PM Peak",1586,1136,2213
"885","1 Lincoln St, Boston, MA","1014","0 Nixon Road, Framingham","8/27/2017 - 10/1/2017, Weekdays, PM Peak",2396,1776,3230
"885","1 Lincoln St, Boston, MA","1016","100 Buckminster Road, Fisher Hill, Brookline","8/27/2017 - 10/1/2017, Weekdays, PM Peak",1982,1551,2532
"885","1 Lincoln St, Boston, MA","1017","0 Tudor Road, Needham","8/27/2017 - 10/1/2017, Weekdays, PM Peak",2132,1609,2824
"885","1 Lincoln St, Boston, MA","1018","0 Knollwood Drive, Dover","8/27/2017 - 10/1/2017, Weekdays, PM Peak",2927,2511,3410
"885","1 Lincoln St, Boston, MA","1021","100 Walpole Street, Sharon","8/27/2017 - 10/1/2017, Weekdays, PM Peak",2698,1921,3789
"885","1 Lincoln St, Boston, MA","1022","0 Morse Street, Sharon","8/27/2017 - 10/1/2017, Weekdays, PM Peak",3466,2606,4608
"885","1 Lincoln St, Boston, MA","1023","0 Norman Street, Milton","8/27/2017 - 10/1/2017, Weekdays, PM Peak",1752,1219,2517
"885","1 Lincoln St, Boston, MA","1024","300 Adams Street, Milton","8/27/2017 - 10/1/2017, Weekdays, PM Peak",1022,653,1598
"885","1 Lincoln St, Boston, MA","1025","0 Reservoir Drive, Randolph","8/27/2017 - 10/1/2017, Weekdays, PM Peak",2751,1601,4724
"885","1 Lincoln St, Boston, MA","1026","200 South Main Street, Randolph","8/27/2017 - 10/1/2017, Weekdays, PM Peak",2133,1430,3180
"885","1 Lincoln St, Boston, MA","1027","300 Neck Street, North Weymouth, Weymouth","8/27/2017 - 10/1/2017, Weekdays, PM Peak",2478,1978,3103
"885","1 Lincoln St, Boston, MA","1029","200 Pine Street, Norwell","8/27/2017 - 10/1/2017, Weekdays, PM Peak",2734,2216,3372
"885","1 Lincoln St, Boston, MA","1033","Fall River Expressway, West Bridgewater","8/27/2017 - 10/1/2017, Weekdays, PM Peak",2860,2259,3620
"885","1 Lincoln St, Boston, MA","1034","100 Armstrong Road, Plymouth","8/27/2017 - 10/1/2017, Weekdays, PM Peak",3474,2960,4076
"885","1 Lincoln St, Boston, MA","1035","0 Allerton Street, Plymouth","8/27/2017 - 10/1/2017, Weekdays, PM Peak",4235,3359,5339
"885","1 Lincoln St, Boston, MA","1036","Pilgrims Highway, Plymouth","8/27/2017 - 10/1/2017, Weekdays, PM Peak",4031,3462,4693
"885","1 Lincoln St, Boston, MA","1037","Unnamed Road, East Wareham, Wareham","8/27/2017 - 10/1/2017, Weekdays, PM Peak",4369,3959,4820
"885","1 Lincoln St, Boston, MA","1038","0 Old Rutherford Avenue, Charlestown, Boston","8/27/2017 - 10/1/2017, Weekdays, PM Peak",704,402,1229
"885","1 Lincoln St, Boston, MA","1039","0 Flint Place, South Boston, Boston","8/27/2017 - 10/1/2017, Weekdays, PM Peak",832,582,1187
"885","1 Lincoln St, Boston, MA","1040","900 Massachusetts Avenue, Dorchester, Boston","8/27/2017 - 10/1/2017, Weekdays, PM Peak",567,274,1171
"885","1 Lincoln St, Boston, MA","1041","0 Kendall Street, South End, Boston","8/27/2017 - 10/1/2017, Weekdays, PM Peak",907,622,1321
"885","1 Lincoln St, Boston, MA","1042","0 Townsend Street, Roxbury, Boston","8/27/2017 - 10/1/2017, Weekdays, PM Peak",1245,856,1810
"885","1 Lincoln St, Boston, MA","1043","200 Savin Hill Avenue, Dorchester, Boston","8/27/2017 - 10/1/2017, Weekdays, PM Peak",821,441,1527
"885","1 Lincoln St, Boston, MA","1044","0 Ames Street, Mattapan, Boston","8/27/2017 - 10/1/2017, Weekdays, PM Peak",2148,1656,2784
"885","1 Lincoln St, Boston, MA","1045","0 Brockton Street, Mattapan, Boston","8/27/2017 - 10/1/2017, Weekdays, PM Peak",2199,1528,3163
"885","1 Lincoln St, Boston, MA","1047","0 Ardale Street, Roslindale, Boston","8/27/2017 - 10/1/2017, Weekdays, PM Peak",2472,1934,3158
"885","1 Lincoln St, Boston, MA","1048","Airport Road Terminal C - Departure Level, East Boston, Boston","8/27/2017 - 10/1/2017, Weekdays, PM Peak",797,477,1330
"885","1 Lincoln St, Boston, MA","1053","100 Greenwood Street, Quinsigamond Village, Worcester","8/27/2017 - 10/1/2017, Weekdays, PM Peak",3973,3342,4722
"885","1 Lincoln St, Boston, MA","1054","0 Old Common, Millbury","8/27/2017 - 10/1/2017, Weekdays, PM Peak",3929,3030,5094
"885","1 Lincoln St, Boston, MA","1056","0 Valley Road, Southborough","8/27/2017 - 10/1/2017, Weekdays, PM Peak",2875,2174,3801
"885","1 Lincoln St, Boston, MA","1060","600 Mary Dunn Road, Hyannis, Barnstable","8/27/2017 - 10/1/2017, Weekdays, PM Peak",5499,4998,6050
"885","1 Lincoln St, Boston, MA","1064","0 Glen Forest Lane, Methuen","8/27/2017 - 10/1/2017, Weekdays, PM Peak",2790,2111,3686
"885","1 Lincoln St, Boston, MA","1065","0 Volk Road, Dedham","8/27/2017 - 10/1/2017, Weekdays, PM Peak",2770,2050,3742
"885","1 Lincoln St, Boston, MA","1066","0 Warner Trail Road, Wrentham","8/27/2017 - 10/1/2017, Weekdays, PM Peak",4112,3171,5331
"885","1 Lincoln St, Boston, MA","1068","1300 Bennington Street, East Boston, Boston","8/27/2017 - 10/1/2017, Weekdays, PM Peak",1400,936,2092
"885","1 Lincoln St, Boston, MA","1075","0 Oakview Terrace, Jamaica Plain, Boston","8/27/2017 - 10/1/2017, Weekdays, PM Peak",1693,1259,2275
"885","1 Lincoln St, Boston, MA","1077","400 Moody Street, South Side, Waltham","8/27/2017 - 10/1/2017, Weekdays, PM Peak",2003,1506,2663
"885","1 Lincoln St, Boston, MA","1078","0 Wellesley Street, South Medford, Medford","8/27/2017 - 10/1/2017, Weekdays, PM Peak",1602,1165,2201
"885","1 Lincoln St, Boston, MA","1079","0 Brent Road, Lexington","8/27/2017 - 10/1/2017, Weekdays, PM Peak",2852,1920,4234
"885","1 Lincoln St, Boston, MA","1080","0 Teaberry Lane, Braintree","8/27/2017 - 10/1/2017, Weekdays, PM Peak",1959,1371,2798
"885","1 Lincoln St, Boston, MA","1084","100 Main Street, Sandwich, Sandwich","8/27/2017 - 10/1/2017, Weekdays, PM Peak",4641,4173,5161
"885","1 Lincoln St, Boston, MA","1085","0 Spectacle Pond Drive, East Falmouth, Falmouth","8/27/2017 - 10/1/2017, Weekdays, PM Peak",5321,4847,5840
"885","1 Lincoln St, Boston, MA","1089","200 Buck Knoll Road, Raynham","8/27/2017 - 10/1/2017, Weekdays, PM Peak",3274,2617,4095
"885","1 Lincoln St, Boston, MA","1095","0 Oxford Street, Lynn","8/27/2017 - 10/1/2017, Weekdays, PM Peak",2345,1920,2863
"885","1 Lincoln St, Boston, MA","1099","0 Station Street, Brookline","8/27/2017 - 10/1/2017, Weekdays, PM Peak",1898,1465,2457
"885","1 Lincoln St, Boston, MA","1100","0 Lowell Street, Andover, Andover","8/27/2017 - 10/1/2017, Weekdays, PM Peak",2814,2339,3385
"885","1 Lincoln St, Boston, MA","1101","0 Hay Street, Newbury","8/27/2017 - 10/1/2017, Weekdays, PM Peak",2984,2405,3701
"885","1 Lincoln St, Boston, MA","1102","0 Greenlodge Street, Dedham","8/27/2017 - 10/1/2017, Weekdays, PM Peak",2090,1423,3069
"885","1 Lincoln St, Boston, MA","1103","100 Kendrick Avenue, Quincy","8/27/2017 - 10/1/2017, Weekdays, PM Peak",1918,1318,2789
"885","1 Lincoln St, Boston, MA","1104","100 Grove Street, Braintree","8/27/2017 - 10/1/2017, Weekdays, PM Peak",1952,1347,2826
"885","1 Lincoln St, Boston, MA","1107","0 Winthrop Street, Kingston","8/27/2017 - 10/1/2017, Weekdays, PM Peak",3371,2785,4079
"885","1 Lincoln St, Boston, MA","1110","Cambridge Street, Allston, Boston","8/27/2017 - 10/1/2017, Weekdays, PM Peak",714,372,1368
"885","1 Lincoln St, Boston, MA","1112","1400 Shawsheen Street, Tewksbury","8/27/2017 - 10/1/2017, Weekdays, PM Peak",2194,1720,2797
"885","1 Lincoln St, Boston, MA","1116","Harborwalk, Waterfront, Boston","8/27/2017 - 10/1/2017, Weekdays, PM Peak",333,142,778
"885","1 Lincoln St, Boston, MA","1117","0 Gold Star Street, East Boston, Boston","8/27/2017 - 10/1/2017, Weekdays, PM Peak",1146,755,1738
"885","1 Lincoln St, Boston, MA","1118","0 McGreevey Way, Mission Hill, Boston","8/27/2017 - 10/1/2017, Weekdays, PM Peak",1387,1016,1892
"885","1 Lincoln St, Boston, MA","1119","0 Coleus Park, Dorchester, Boston","8/27/2017 - 10/1/2017, Weekdays, PM Peak",1521,1065,2170
"885","1 Lincoln St, Boston, MA","1120","0 Melville Avenue, Dorchester, Dorchester Center, Boston","8/27/2017 - 10/1/2017, Weekdays, PM Peak",1859,1295,2666
"885","1 Lincoln St, Boston, MA","1121","100 Woodley Avenue, West Roxbury, Boston","8/27/2017 - 10/1/2017, Weekdays, PM Peak",2892,2346,3564
"885","1 Lincoln St, Boston, MA","1122","100 Webster Avenue, Chelsea","8/27/2017 - 10/1/2017, Weekdays, PM Peak",1076,704,1642
"885","1 Lincoln St, Boston, MA","1123","Conifer Path, Jamaica Hills / Pond, Boston","8/27/2017 - 10/1/2017, Weekdays, PM Peak",2359,1839,3024
"885","1 Lincoln St, Boston, MA","1126","0 Stark Avenue, Wakefield","8/27/2017 - 10/1/2017, Weekdays, PM Peak",2565,1945,3381
"885","1 Lincoln St, Boston, MA","1127","100 South Border Road, Medford","8/27/2017 - 10/1/2017, Weekdays, PM Peak",1431,971,2107
"885","1 Lincoln St, Boston, MA","1128","0 Lowden Avenue, Powder House Square, Somerville","8/27/2017 - 10/1/2017, Weekdays, PM Peak",1722,1267,2338
"885","1 Lincoln St, Boston, MA","1129","0 Shepard Street, Neighborhood Nine, Cambridge","8/27/2017 - 10/1/2017, Weekdays, PM Peak",1696,1204,2388
"885","1 Lincoln St, Boston, MA","1130","0 Louise Road, Belmont","8/27/2017 - 10/1/2017, Weekdays, PM Peak",2011,1560,2591
"885","1 Lincoln St, Boston, MA","1131","Yankee Division Highway, Lexington","8/27/2017 - 10/1/2017, Weekdays, PM Peak",2813,1959,4037
"885","1 Lincoln St, Boston, MA","1135","100 Main Street, Southborough","8/27/2017 - 10/1/2017, Weekdays, PM Peak",3001,2288,3934
"885","1 Lincoln St, Boston, MA","1137","0 Marion Avenue, Woburn","8/27/2017 - 10/1/2017, Weekdays, PM Peak",1995,1562,2547
"885","1 Lincoln St, Boston, MA","1138","0 Loring Avenue, Winchester","8/27/2017 - 10/1/2017, Weekdays, PM Peak",1882,1222,2898
"885","1 Lincoln St, Boston, MA","1140","300 Mystic Avenue, South Medford, Medford","8/27/2017 - 10/1/2017, Weekdays, PM Peak",1236,802,1903
"885","1 Lincoln St, Boston, MA","1141","0 Forest Street, Malden","8/27/2017 - 10/1/2017, Weekdays, PM Peak",2046,1576,2655
"885","1 Lincoln St, Boston, MA","1142","200 Massachusetts Avenue, Arlington","8/27/2017 - 10/1/2017, Weekdays, PM Peak",2212,1603,3052
"885","1 Lincoln St, Boston, MA","1143","300 Crescent Street, South Side, Waltham","8/27/2017 - 10/1/2017, Weekdays, PM Peak",1960,1457,2636
"885","1 Lincoln St, Boston, MA","1144","0 Scout Road, East Walpole, Walpole","8/27/2017 - 10/1/2017, Weekdays, PM Peak",2594,1817,3701
"885","1 Lincoln St, Boston, MA","1146","200 Low Street, Newburyport","8/27/2017 - 10/1/2017, Weekdays, PM Peak",3217,2581,4008
"885","1 Lincoln St, Boston, MA","1148","Railroad Trail, Assonet, Freetown","8/27/2017 - 10/1/2017, Weekdays, PM Peak",3868,3177,4709
"885","1 Lincoln St, Boston, MA","1150","Overlook Trail, Lynn","8/27/2017 - 10/1/2017, Weekdays, PM Peak",2779,2342,3296
"885","1 Lincoln St, Boston, MA","1151","0 Saugus Avenue, Saugus","8/27/2017 - 10/1/2017, Weekdays, PM Peak",2250,1547,3270
"885","1 Lincoln St, Boston, MA","1160","100 Austin Street, Hyde Park, Boston","8/27/2017 - 10/1/2017, Weekdays, PM Peak",2412,1884,3086
"885","1 Lincoln St, Boston, MA","1163","300 East Eagle Street, Eagle Hill, Boston","8/27/2017 - 10/1/2017, Weekdays, PM Peak",1000,596,1675
"885","1 Lincoln St, Boston, MA","1164","0 West Howell Street, Dorchester, Boston","8/27/2017 - 10/1/2017, Weekdays, PM Peak",685,337,1389
"885","1 Lincoln St, Boston, MA","1165","900 American Legion Highway, Roslindale, Boston","8/27/2017 - 10/1/2017, Weekdays, PM Peak",2348,1689,3262
"885","1 Lincoln St, Boston, MA","1167","0 Saint Catherine Avenue, Hyannis, Barnstable","8/27/2017 - 10/1/2017, Weekdays, PM Peak",5576,5215,5960
"885","1 Lincoln St, Boston, MA","1170","0 Garden Avenue, Wilmington","8/27/2017 - 10/1/2017, Weekdays, PM Peak",2180,1695,2802
"885","1 Lincoln St, Boston, MA","1171","Dike Road, Stoneham","8/27/2017 - 10/1/2017, Weekdays, PM Peak",1599,1153,2216
"885","1 Lincoln St, Boston, MA","1174","600 Lynn Fells Parkway, Melrose","8/27/2017 - 10/1/2017, Weekdays, PM Peak",1960,1452,2644
"885","1 Lincoln St, Boston, MA","1175","0 Fellsmere Road, Malden","8/27/2017 - 10/1/2017, Weekdays, PM Peak",1780,1229,2576
"885","1 Lincoln St, Boston, MA","1177","0 Louds Avenue, Weymouth","8/27/2017 - 10/1/2017, Weekdays, PM Peak",2005,1375,2922
"885","1 Lincoln St, Boston, MA","1178","0 Trustman Terrace, East Boston, Boston","8/27/2017 - 10/1/2017, Weekdays, PM Peak",1058,668,1674
"885","1 Lincoln St, Boston, MA","1179","100 West Canton Street, Columbus, Boston","8/27/2017 - 10/1/2017, Weekdays, PM Peak",394,119,1302
"885","1 Lincoln St, Boston, MA","1183","200 Captain Eames Circle, Ashland","8/27/2017 - 10/1/2017, Weekdays, PM Peak",3098,2497,3843
"885","1 Lincoln St, Boston, MA","1184","200 Walnut Street, Stoughton","8/27/2017 - 10/1/2017, Weekdays, PM Peak",3013,2105,4311
"885","1 Lincoln St, Boston, MA","1185","0 Parsons Street, Brighton, Boston","8/27/2017 - 10/1/2017, Weekdays, PM Peak",1482,1060,2071
"885","1 Lincoln St, Boston, MA","1186","0 Norway Park, Hyde Park, Boston","8/27/2017 - 10/1/2017, Weekdays, PM Peak",2168,1556,3019
"885","1 Lincoln St, Boston, MA","1189","0 Fairbanks Street, Brighton, Boston","8/27/2017 - 10/1/2017, Weekdays, PM Peak",875,526,1455
"885","1 Lincoln St, Boston, MA","1190","0 Willow Avenue, Davis Square, Somerville","8/27/2017 - 10/1/2017, Weekdays, PM Peak",1787,1348,2368
"885","1 Lincoln St, Boston, MA","1191","0 Springfield Street, Lawrence","8/27/2017 - 10/1/2017, Weekdays, PM Peak",3251,2608,4051
"885","1 Lincoln St, Boston, MA","1192","0 Woodside Road, Winchester","8/27/2017 - 10/1/2017, Weekdays, PM Peak",1994,1495,2658
"885","1 Lincoln St, Boston, MA","1193","1100 Beacon Street, Brookline","8/27/2017 - 10/1/2017, Weekdays, PM Peak",586,262,1309
"885","1 Lincoln St, Boston, MA","1194","0 Louise Road, Holbrook","8/27/2017 - 10/1/2017, Weekdays, PM Peak",2111,1593,2796
"885","1 Lincoln St, Boston, MA","1195","0 Howe Street, Dorchester, Boston","8/27/2017 - 10/1/2017, Weekdays, PM Peak",1442,978,2124
"885","1 Lincoln St, Boston, MA","1197","100 North Pearl Street, Brockton","8/27/2017 - 10/1/2017, Weekdays, PM Peak",2487,1844,3353
"885","1 Lincoln St, Boston, MA","1198","100 Ashland Street, Malden","8/27/2017 - 10/1/2017, Weekdays, PM Peak",1819,1322,2502
"885","1 Lincoln St, Boston, MA","1199","Lifecourse Trail, Newton Highlands, Newton","8/27/2017 - 10/1/2017, Weekdays, PM Peak",2182,1609,2958
"885","1 Lincoln St, Boston, MA","1200","0 Sarah Sherman Road, Rochester","8/27/2017 - 10/1/2017, Weekdays, PM Peak",4111,3699,4568
"885","1 Lincoln St, Boston, MA","1202","0 Charles Street, East Weymouth, Weymouth","8/27/2017 - 10/1/2017, Weekdays, PM Peak",3045,1730,5358
"885","1 Lincoln St, Boston, MA","1207","0 Bay State Circle, Abington","8/27/2017 - 10/1/2017, Weekdays, PM Peak",3200,2839,3606
"885","1 Lincoln St, Boston, MA","1208","0 1st Street, Bridgewater","8/27/2017 - 10/1/2017, Weekdays, PM Peak",3083,2464,3857
"885","1 Lincoln St, Boston, MA","1209","Cathedral Road, Plymouth","8/27/2017 - 10/1/2017, Weekdays, PM Peak",3822,3230,4522
"885","1 Lincoln St, Boston, MA","1211","Chestnut Hill Reservoir Trail, Brighton, Boston","8/27/2017 - 10/1/2017, Weekdays, PM Peak",1845,1363,2496
"885","1 Lincoln St, Boston, MA","1212","0 Snow Hill Street, North End, Boston","8/27/2017 - 10/1/2017, Weekdays, PM Peak",685,436,1073
"885","1 Lincoln St, Boston, MA","1213","200 East 8th Street, South Boston, Boston","8/27/2017 - 10/1/2017, Weekdays, PM Peak",911,619,1340
"885","1 Lincoln St, Boston, MA","1214","0 East Concord Street, South End, Boston","8/27/2017 - 10/1/2017, Weekdays, PM Peak",618,357,1067
"885","1 Lincoln St, Boston, MA","1215","0 Beauford Lane, Roxbury, Boston","8/27/2017 - 10/1/2017, Weekdays, PM Peak",1382,967,1974
"885","1 Lincoln St, Boston, MA","1220","0 Perry Place, Auburn","8/27/2017 - 10/1/2017, Weekdays, PM Peak",4177,3126,5580
"885","1 Lincoln St, Boston, MA","1224","Wood Road, Bourne","8/27/2017 - 10/1/2017, Weekdays, PM Peak",4463,3836,5191
"885","1 Lincoln St, Boston, MA","1225","0 West Elm Avenue, Quincy","8/27/2017 - 10/1/2017, Weekdays, PM Peak",1609,1092,2370
"885","1 Lincoln St, Boston, MA","1226","0 Sturtevant Street, Boston","8/27/2017 - 10/1/2017, Weekdays, PM Peak",925,505,1692
"885","1 Lincoln St, Boston, MA","1227","0 Port Norfolk Street, Dorchester, Boston","8/27/2017 - 10/1/2017, Weekdays, PM Peak",927,534,1608
"885","1 Lincoln St, Boston, MA","1228","0 Ashley Street, Jamaica Plain, Boston","8/27/2017 - 10/1/2017, Weekdays, PM Peak",1491,1082,2054
"885","1 Lincoln St, Boston, MA","1229","0 Michael Road, Wakefield","8/27/2017 - 10/1/2017, Weekdays, PM Peak",2469,1899,3209
"885","1 Lincoln St, Boston, MA","1230","100 Millwood Street, Framingham","8/27/2017 - 10/1/2017, Weekdays, PM Peak",2483,1843,3343
"885","1 Lincoln St, Boston, MA","1232","400 Newton Street, Chestnut Hill, Brookline","8/27/2017 - 10/1/2017, Weekdays, PM Peak",2426,1841,3195
"885","1 Lincoln St, Boston, MA","1233","0 Thackeray Road, Wellesley Hills, Wellesley","8/27/2017 - 10/1/2017, Weekdays, PM Peak",1972,1410,2756
"885","1 Lincoln St, Boston, MA","1235","600 Cedar Street, Walpole","8/27/2017 - 10/1/2017, Weekdays, PM Peak",2966,2604,3377
"885","1 Lincoln St, Boston, MA","1236","200 North Main Street, Sharon","8/27/2017 - 10/1/2017, Weekdays, PM Peak",3125,2365,4128
"885","1 Lincoln St, Boston, MA","1237","100 Colonial Drive, Quincy","8/27/2017 - 10/1/2017, Weekdays, PM Peak",1740,1226,2468
"885","1 Lincoln St, Boston, MA","1238","0 Orient Avenue, Arlington","8/27/2017 - 10/1/2017, Weekdays, PM Peak",2572,1980,3340
"885","1 Lincoln St, Boston, MA","1239","0 Walnut Street, Belmont","8/27/2017 - 10/1/2017, Weekdays, PM Peak",1886,1497,2375
"885","1 Lincoln St, Boston, MA","1240","0 Middlesex Circle, Waltham","8/27/2017 - 10/1/2017, Weekdays, PM Peak",2096,1573,2791
"885","1 Lincoln St, Boston, MA","1241","0 Kenilworth Street, Newton Corner, Newton","8/27/2017 - 10/1/2017, Weekdays, PM Peak",1581,1101,2269
"885","1 Lincoln St, Boston, MA","1242","0 Scribner Park, Auburndale, Newton","8/27/2017 - 10/1/2017, Weekdays, PM Peak",1431,998,2050
"885","1 Lincoln St, Boston, MA","1245","0 Leland Road, North Reading","8/27/2017 - 10/1/2017, Weekdays, PM Peak",2692,2051,3532
"885","1 Lincoln St, Boston, MA","1246","North Shore Road, Revere","8/27/2017 - 10/1/2017, Weekdays, PM Peak",1944,1433,2636
"885","1 Lincoln St, Boston, MA","1247","Stony Brook Path, Boston","8/27/2017 - 10/1/2017, Weekdays, PM Peak",2748,2174,3473